/usr/bin/tmux
]0;campsite | overmind[1;38;5;7msystem            [0m | [1mTmux socket name: overmind-campsite-ju1pmuVwz2P0G4SU2HMgc[0m
[1;38;5;7msystem            [0m | [1mTmux session ID: campsite[0m
[1;38;5;7msystem            [0m | [1mListening at ./.overmind.sock[0m
[1;38;5;5mapi-mailer-css    [0m | [1mStarted with pid 3102531...[0m
[1;38;5;6mapi-worker        [0m | [1mStarted with pid 3102533...[0m
[1;38;5;2mapi-web           [0m | [1mStarted with pid 3102528...[0m
[1;38;5;129msync-server       [0m | [1mStarted with pid 3102540...[0m
[1;38;5;3mapi-js            [0m | [1mStarted with pid 3102529...[0m
[1;38;5;4mapi-app-css       [0m | [1mStarted with pid 3102530...[0m
[1;38;5;108melasticsearch     [0m | [1mStarted with pid 3102543...[0m
[1;38;5;130mhtml-to-image     [0m | [1mStarted with pid 3102538...[0m
[1;38;5;42mweb               [0m | [1mStarted with pid 3102535...[0m
[1;38;5;103mstyled-text-server[0m | [1mStarted with pid 3102539...[0m
[1;38;5;3mapi-js            [0m | [2K[1G[1myarn run v1.22.22[22m
[1;38;5;5mapi-mailer-css    [0m | [2K[1G[1myarn run v1.22.22[22m
[1;38;5;4mapi-app-css       [0m | [2K[1G[1myarn run v1.22.22[22m
[1;38;5;3mapi-js            [0m | [2K[1G[2m$ esbuild ./app/javascript/*.* --bundle --sourcemap --outdir=./app/assets/builds --public-path=assets --watch[22m
[1;38;5;5mapi-mailer-css    [0m | [2K[1G[2m$ tailwindcss -c ./tailwind.mailer.config.js -i ./app/assets/stylesheets/mailer.css -o ./app/assets/builds/mailer.css --minify --postcss --watch[22m
[1;38;5;4mapi-app-css       [0m | [2K[1G[2m$ tailwindcss -i ./app/assets/stylesheets/application.tailwind.css -o ./app/assets/builds/application.css --minify --postcss --watch[22m
[1;38;5;130mhtml-to-image     [0m | 
[1;38;5;130mhtml-to-image     [0m | > @campsite/html-to-image@0.0.0 dev
[1;38;5;130mhtml-to-image     [0m | > nodemon server.js
[1;38;5;130mhtml-to-image     [0m | 
[1;38;5;3mapi-js            [0m | [37m[watch] build finished, watching for changes...[0m
[1;38;5;42mweb               [0m | 
[1;38;5;42mweb               [0m | > @campsite/web@0.0.0 start /home/faiz/campsite/campsite/apps/web
[1;38;5;42mweb               [0m | > next start
[1;38;5;42mweb               [0m | 
[1;38;5;130mhtml-to-image     [0m | [33m[nodemon] 2.0.22[39m
[1;38;5;130mhtml-to-image     [0m | [33m[nodemon] to restart at any time, enter `rs`[39m
[1;38;5;130mhtml-to-image     [0m | [33m[nodemon] watching path(s): *.*[39m
[1;38;5;130mhtml-to-image     [0m | [33m[nodemon] watching extensions: js,mjs,json[39m
[1;38;5;130mhtml-to-image     [0m | [32m[nodemon] starting `node server.js`[39m
[1;38;5;103mstyled-text-server[0m | [33m╭──────────────────────────────────────────────────────────────────────────╮[0m
[1;38;5;103mstyled-text-server[0m | [33m│[0m                                                                          [33m│[0m
[1;38;5;103mstyled-text-server[0m | [33m│[0m                     Update available [2mv[0m[2m2.1.2[0m ≫ [32m[1mv2.3.4[0m                     [33m│[0m
[1;38;5;103mstyled-text-server[0m | [33m│[0m    Changelog: https://github.com/vercel/turborepo/releases/tag/[32m[1mv2.3.4[0m    [33m│[0m
[1;38;5;103mstyled-text-server[0m | [33m│[0m             Run "[36m[1mnpx @turbo/codemod@latest update[0m" to update             [33m│[0m
[1;38;5;103mstyled-text-server[0m | [33m│[0m                                                                          [33m│[0m
[1;38;5;103mstyled-text-server[0m | [33m│[0m          Follow [38;2;0;153;247m@[0m[38;2;88;145;235mt[0m[38;2;122;137;221mu[0m[38;2;147;127;206mr[0m[38;2;167;117;190mb[0m[38;2;185;106;172mo[0m[38;2;201;94;152mr[0m[38;2;215;78;126me[0m[38;2;229;58;92mp[0m[38;2;241;23;18mo[0m for updates: https://x.com/turborepo          [33m│[0m
[1;38;5;103mstyled-text-server[0m | [33m╰──────────────────────────────────────────────────────────────────────────╯[0m
[1;38;5;103mstyled-text-server[0m | [2mturbo 2.1.2[0m
[1;38;5;103mstyled-text-server[0m | 
[1;38;5;129msync-server       [0m | [33m╭──────────────────────────────────────────────────────────────────────────╮[0m
[1;38;5;129msync-server       [0m | [33m│[0m                                                                          [33m│[0m
[1;38;5;129msync-server       [0m | [33m│[0m                     Update available [2mv[0m[2m2.1.2[0m ≫ [32m[1mv2.3.4[0m                     [33m│[0m
[1;38;5;129msync-server       [0m | [33m│[0m    Changelog: https://github.com/vercel/turborepo/releases/tag/[32m[1mv2.3.4[0m    [33m│[0m
[1;38;5;129msync-server       [0m | [33m│[0m             Run "[36m[1mnpx @turbo/codemod@latest update[0m" to update             [33m│[0m
[1;38;5;129msync-server       [0m | [33m│[0m                                                                          [33m│[0m
[1;38;5;129msync-server       [0m | [33m│[0m          Follow [38;2;0;153;247m@[0m[38;2;88;145;235mt[0m[38;2;122;137;221mu[0m[38;2;147;127;206mr[0m[38;2;167;117;190mb[0m[38;2;185;106;172mo[0m[38;2;201;94;152mr[0m[38;2;215;78;126me[0m[38;2;229;58;92mp[0m[38;2;241;23;18mo[0m for updates: https://x.com/turborepo          [33m│[0m
[1;38;5;129msync-server       [0m | [33m╰──────────────────────────────────────────────────────────────────────────╯[0m
[1;38;5;129msync-server       [0m | [2mturbo 2.1.2[0m
[1;38;5;129msync-server       [0m | 
[1;38;5;129msync-server       [0m | [2m• Packages in scope: @campsite/sync-server[0m
[1;38;5;129msync-server       [0m | [2m• Running [0m[1m[2mdev[0m[2m in 1 packages
[1;38;5;129msync-server       [0m | [0m[2m• Remote caching disabled[0m
[1;38;5;103mstyled-text-server[0m | [2m• Packages in scope: @campsite/styled-text-server[0m
[1;38;5;103mstyled-text-server[0m | [2m• Running [0m[1m[2mdev[0m[2m in 1 packages
[1;38;5;103mstyled-text-server[0m | [0m[2m• Remote caching disabled[0m
[1;38;5;5mapi-mailer-css    [0m | Browserslist: caniuse-lite is outdated. Please run:
[1;38;5;5mapi-mailer-css    [0m |   npx update-browserslist-db@latest
[1;38;5;5mapi-mailer-css    [0m |   Why you should do it regularly: https://github.com/browserslist/update-db#readme
[1;38;5;4mapi-app-css       [0m | Browserslist: caniuse-lite is outdated. Please run:
[1;38;5;4mapi-app-css       [0m |   npx update-browserslist-db@latest
[1;38;5;4mapi-app-css       [0m |   Why you should do it regularly: https://github.com/browserslist/update-db#readme
[1;38;5;103mstyled-text-server[0m | cache hit, replaying logs [2mafc799f92e24d3fe[0m
[1;38;5;103mstyled-text-server[0m | 
[1;38;5;103mstyled-text-server[0m | 
[1;38;5;103mstyled-text-server[0m | > @campsite/regex@0.0.0 build /home/faiz/campsite/campsite/packages/regex
[1;38;5;103mstyled-text-server[0m | > tsc
[1;38;5;103mstyled-text-server[0m | 
[1;38;5;103mstyled-text-server[0m | cache hit, replaying logs [2me467b7ec15465afe[0m
[1;38;5;103mstyled-text-server[0m | 
[1;38;5;103mstyled-text-server[0m | 
[1;38;5;103mstyled-text-server[0m | > @campsite/editor@0.0.0 build /home/faiz/campsite/campsite/packages/editor
[1;38;5;103mstyled-text-server[0m | > tsup
[1;38;5;103mstyled-text-server[0m | 
[1;38;5;103mstyled-text-server[0m | [34mCLI[39m Building entry: src/index.ts
[1;38;5;103mstyled-text-server[0m | [34mCLI[39m Using tsconfig: tsconfig.json
[1;38;5;103mstyled-text-server[0m | [34mCLI[39m tsup v8.0.2
[1;38;5;103mstyled-text-server[0m | [34mCLI[39m Using tsup config: /home/faiz/campsite/campsite/packages/editor/tsup.config.ts
[1;38;5;103mstyled-text-server[0m | [34mCLI[39m Target: node16
[1;38;5;103mstyled-text-server[0m | [34mCLI[39m Cleaning output folder
[1;38;5;103mstyled-text-server[0m | [34mESM[39m Build start
[1;38;5;103mstyled-text-server[0m | [32mESM[39m [1mdist/index.mjs [22m[32m120.61 KB[39m
[1;38;5;103mstyled-text-server[0m | [32mESM[39m ⚡️ Build success in 296ms
[1;38;5;103mstyled-text-server[0m | [34mDTS[39m Build start
[1;38;5;103mstyled-text-server[0m | [32mDTS[39m ⚡️ Build success in 14448ms
[1;38;5;103mstyled-text-server[0m | [32mDTS[39m [1mdist/index.d.mts [22m[32m22.19 KB[39m
[1;38;5;129msync-server       [0m | cache hit, replaying logs [2mafc799f92e24d3fe[0m
[1;38;5;129msync-server       [0m | 
[1;38;5;129msync-server       [0m | 
[1;38;5;129msync-server       [0m | > @campsite/regex@0.0.0 build /home/faiz/campsite/campsite/packages/regex
[1;38;5;129msync-server       [0m | > tsc
[1;38;5;129msync-server       [0m | 
[1;38;5;103mstyled-text-server[0m | cache hit, replaying logs [2m4f3ef05fcef8c2c4[0m
[1;38;5;103mstyled-text-server[0m | 
[1;38;5;103mstyled-text-server[0m | 
[1;38;5;103mstyled-text-server[0m | > @campsite/styled-text-server@0.0.0 build /home/faiz/campsite/campsite/apps/styled-text-server
[1;38;5;103mstyled-text-server[0m | > tsup
[1;38;5;103mstyled-text-server[0m | 
[1;38;5;103mstyled-text-server[0m | [34mCLI[39m Building entry: src/index.ts
[1;38;5;103mstyled-text-server[0m | [34mCLI[39m Using tsconfig: tsconfig.json
[1;38;5;103mstyled-text-server[0m | [34mCLI[39m tsup v8.0.2
[1;38;5;103mstyled-text-server[0m | [34mCLI[39m Using tsup config: /home/faiz/campsite/campsite/apps/styled-text-server/tsup.config.ts
[1;38;5;103mstyled-text-server[0m | [34mCLI[39m Target: node16
[1;38;5;103mstyled-text-server[0m | [34mCLI[39m Cleaning output folder
[1;38;5;103mstyled-text-server[0m | [34mESM[39m Build start
[1;38;5;103mstyled-text-server[0m | [32mESM[39m [1mdist/index.mjs [22m[32m6.81 KB[39m
[1;38;5;103mstyled-text-server[0m | [32mESM[39m ⚡️ Build success in 76ms
[1;38;5;103mstyled-text-server[0m | [34mDTS[39m Build start
[1;38;5;103mstyled-text-server[0m | [32mDTS[39m ⚡️ Build success in 5372ms
[1;38;5;103mstyled-text-server[0m | [32mDTS[39m [1mdist/index.d.mts [22m[32m13.00 B[39m
[1;38;5;129msync-server       [0m | cache hit, replaying logs [2m621f1a4ad19be84b[0m
[1;38;5;129msync-server       [0m | 
[1;38;5;129msync-server       [0m | 
[1;38;5;129msync-server       [0m | > @campsite/types@0.0.0 build /home/faiz/campsite/campsite/packages/types
[1;38;5;129msync-server       [0m | > tsc
[1;38;5;129msync-server       [0m | 
[1;38;5;103mstyled-text-server[0m | cache bypass, force executing [2m45401a76afb94000[0m
[1;38;5;129msync-server       [0m | cache hit, replaying logs [2me467b7ec15465afe[0m
[1;38;5;129msync-server       [0m | 
[1;38;5;129msync-server       [0m | 
[1;38;5;129msync-server       [0m | > @campsite/editor@0.0.0 build /home/faiz/campsite/campsite/packages/editor
[1;38;5;129msync-server       [0m | > tsup
[1;38;5;129msync-server       [0m | 
[1;38;5;129msync-server       [0m | [34mCLI[39m Building entry: src/index.ts
[1;38;5;129msync-server       [0m | [34mCLI[39m Using tsconfig: tsconfig.json
[1;38;5;129msync-server       [0m | [34mCLI[39m tsup v8.0.2
[1;38;5;129msync-server       [0m | [34mCLI[39m Using tsup config: /home/faiz/campsite/campsite/packages/editor/tsup.config.ts
[1;38;5;129msync-server       [0m | [34mCLI[39m Target: node16
[1;38;5;129msync-server       [0m | [34mCLI[39m Cleaning output folder
[1;38;5;129msync-server       [0m | [34mESM[39m Build start
[1;38;5;129msync-server       [0m | [32mESM[39m [1mdist/index.mjs [22m[32m120.61 KB[39m
[1;38;5;129msync-server       [0m | [32mESM[39m ⚡️ Build success in 296ms
[1;38;5;129msync-server       [0m | [34mDTS[39m Build start
[1;38;5;129msync-server       [0m | [32mDTS[39m ⚡️ Build success in 14448ms
[1;38;5;129msync-server       [0m | [32mDTS[39m [1mdist/index.d.mts [22m[32m22.19 KB[39m
[1;38;5;129msync-server       [0m | cache hit, replaying logs [2m8ffa2e51e06923a6[0m
[1;38;5;129msync-server       [0m | 
[1;38;5;129msync-server       [0m | 
[1;38;5;129msync-server       [0m | > @campsite/sync-server@0.0.0 build /home/faiz/campsite/campsite/apps/sync-server
[1;38;5;129msync-server       [0m | > tsup
[1;38;5;129msync-server       [0m | 
[1;38;5;129msync-server       [0m | [34mCLI[39m Building entry: src/index.ts
[1;38;5;129msync-server       [0m | [34mCLI[39m Using tsconfig: tsconfig.json
[1;38;5;129msync-server       [0m | [34mCLI[39m tsup v8.0.2
[1;38;5;129msync-server       [0m | [34mCLI[39m Using tsup config: /home/faiz/campsite/campsite/apps/sync-server/tsup.config.ts
[1;38;5;129msync-server       [0m | [34mCLI[39m Target: node16
[1;38;5;129msync-server       [0m | [34mCLI[39m Cleaning output folder
[1;38;5;129msync-server       [0m | [34mESM[39m Build start
[1;38;5;129msync-server       [0m | [32mESM[39m [1mdist/index.mjs [22m[32m5.72 KB[39m
[1;38;5;129msync-server       [0m | [32mESM[39m ⚡️ Build success in 51ms
[1;38;5;129msync-server       [0m | [34mDTS[39m Build start
[1;38;5;129msync-server       [0m | [32mDTS[39m ⚡️ Build success in 6954ms
[1;38;5;129msync-server       [0m | [32mDTS[39m [1mdist/index.d.mts [22m[32m13.00 B[39m
[1;38;5;129msync-server       [0m | cache bypass, force executing [2mf83304f268d99fe9[0m
[1;38;5;42mweb               [0m |   [1m[38;2;173;127;168m▲ Next.js 14.2.5[39m[22m
[1;38;5;42mweb               [0m |   - Local:        http://localhost:5500
[1;38;5;42mweb               [0m | 
[1;38;5;42mweb               [0m |  [32m[1m✓[22m[39m Starting...
[1;38;5;5mapi-mailer-css    [0m | Browserslist: caniuse-lite is outdated. Please run:
[1;38;5;5mapi-mailer-css    [0m |   npx update-browserslist-db@latest
[1;38;5;5mapi-mailer-css    [0m |   Why you should do it regularly: https://github.com/browserslist/update-db#readme
[1;38;5;4mapi-app-css       [0m | Browserslist: caniuse-lite is outdated. Please run:
[1;38;5;4mapi-app-css       [0m |   npx update-browserslist-db@latest
[1;38;5;4mapi-app-css       [0m |   Why you should do it regularly: https://github.com/browserslist/update-db#readme
[1;38;5;4mapi-app-css       [0m | 
[1;38;5;4mapi-app-css       [0m | Rebuilding...
[1;38;5;5mapi-mailer-css    [0m | 
[1;38;5;5mapi-mailer-css    [0m | Rebuilding...
[1;38;5;130mhtml-to-image     [0m | html-to-image listening on port 9222
[1;38;5;103mstyled-text-server[0m | 
[1;38;5;103mstyled-text-server[0m | > @campsite/styled-text-server@0.0.0 dev /home/faiz/campsite/campsite/apps/styled-text-server
[1;38;5;103mstyled-text-server[0m | > tsup --watch --onSuccess "node dist/index.mjs"
[1;38;5;103mstyled-text-server[0m | 
[1;38;5;129msync-server       [0m | 
[1;38;5;129msync-server       [0m | > @campsite/sync-server@0.0.0 dev /home/faiz/campsite/campsite/apps/sync-server
[1;38;5;129msync-server       [0m | > tsup --watch --onSuccess "node dist/index.mjs"
[1;38;5;129msync-server       [0m | 
[1;38;5;42mweb               [0m |  [32m[1m✓[22m[39m Ready in 1831ms
[1;38;5;5mapi-mailer-css    [0m | Done in 1371ms.
[1;38;5;4mapi-app-css       [0m | Done in 1736ms.
[1;38;5;103mstyled-text-server[0m | [34mCLI[39m Building entry: src/index.ts
[1;38;5;103mstyled-text-server[0m | [34mCLI[39m Using tsconfig: tsconfig.json
[1;38;5;103mstyled-text-server[0m | [34mCLI[39m tsup v8.0.2
[1;38;5;103mstyled-text-server[0m | [34mCLI[39m Using tsup config: /home/faiz/campsite/campsite/apps/styled-text-server/tsup.config.ts
[1;38;5;103mstyled-text-server[0m | [34mCLI[39m Running in watch mode
[1;38;5;103mstyled-text-server[0m | [34mCLI[39m Target: node16
[1;38;5;103mstyled-text-server[0m | [34mCLI[39m Cleaning output folder
[1;38;5;103mstyled-text-server[0m | [34mESM[39m Build start
[1;38;5;103mstyled-text-server[0m | [32mESM[39m [1mdist/index.mjs [22m[32m6.81 KB[39m
[1;38;5;103mstyled-text-server[0m | [32mESM[39m ⚡️ Build success in 13ms
[1;38;5;103mstyled-text-server[0m | [34mCLI[39m Watching for changes in "."
[1;38;5;103mstyled-text-server[0m | [34mCLI[39m Ignoring changes in "**/{.git,node_modules}/**" | "dist"
[1;38;5;129msync-server       [0m | [34mCLI[39m Building entry: src/index.ts
[1;38;5;129msync-server       [0m | [34mCLI[39m Using tsconfig: tsconfig.json
[1;38;5;129msync-server       [0m | [34mCLI[39m tsup v8.0.2
[1;38;5;129msync-server       [0m | [34mCLI[39m Using tsup config: /home/faiz/campsite/campsite/apps/sync-server/tsup.config.ts
[1;38;5;129msync-server       [0m | [34mCLI[39m Running in watch mode
[1;38;5;129msync-server       [0m | [34mCLI[39m Target: node16
[1;38;5;129msync-server       [0m | [34mCLI[39m Cleaning output folder
[1;38;5;129msync-server       [0m | [34mESM[39m Build start
[1;38;5;129msync-server       [0m | [32mESM[39m [1mdist/index.mjs [22m[32m5.72 KB[39m
[1;38;5;129msync-server       [0m | [32mESM[39m ⚡️ Build success in 23ms
[1;38;5;129msync-server       [0m | [34mCLI[39m Watching for changes in "."
[1;38;5;129msync-server       [0m | [34mCLI[39m Ignoring changes in "**/{.git,node_modules}/**" | "dist"
[1;38;5;103mstyled-text-server[0m | [34mDTS[39m Build start
[1;38;5;129msync-server       [0m | [34mDTS[39m Build start
[1;38;5;129msync-server       [0m | 
[1;38;5;129msync-server       [0m |   [36mHocuspocus v2.13.5[39m[32m running at:[39m
[1;38;5;129msync-server       [0m | 
[1;38;5;129msync-server       [0m |   > HTTP: [36mhttp://0.0.0.0:9000[39m
[1;38;5;129msync-server       [0m |   > WebSocket: ws://0.0.0.0:9000
[1;38;5;129msync-server       [0m | 
[1;38;5;129msync-server       [0m |   Extensions:
[1;38;5;129msync-server       [0m |   - Database
[1;38;5;129msync-server       [0m |   - Logger
[1;38;5;129msync-server       [0m | 
[1;38;5;129msync-server       [0m |   [32mReady.[39m
[1;38;5;129msync-server       [0m | 
[1;38;5;42mweb               [0m |  [31m[1m⨯[22m[39m a [InternalError]: Something went wrong
[1;38;5;42mweb               [0m |     at [90m/home/faiz/campsite/campsite/apps/web/[39m.next/server/chunks/1971.js:1:5442
[1;38;5;42mweb               [0m | [90m    at process.processTicksAndRejections (node:internal/process/task_queues:95:5)[39m
[1;38;5;42mweb               [0m |     at async [90m/home/faiz/campsite/campsite/apps/web/[39m.next/server/chunks/1971.js:1:5359
[1;38;5;42mweb               [0m |     at async f [90m(/home/faiz/campsite/campsite/apps/web/[39m.next/server/pages/index.js:1:692[90m)[39m
[1;38;5;42mweb               [0m |     at async /home/faiz/campsite/campsite/node_modules/[4m.pnpm[24m/@sentry+nextjs@8.17.0_@opentelemetry+api@1.9.0_@opentelemetry+core@1.25.1_@opentelemetry+api@_zjjbubimk7gwifiv7h3uzoa7uy/node_modules/[4m@sentry[24m/nextjs/build/cjs/common/utils/wrapperUtils.js:39:14
[1;38;5;42mweb               [0m |     at async /home/faiz/campsite/campsite/node_modules/[4m.pnpm[24m/@sentry+nextjs@8.17.0_@opentelemetry+api@1.9.0_@opentelemetry+core@1.25.1_@opentelemetry+api@_zjjbubimk7gwifiv7h3uzoa7uy/node_modules/[4m@sentry[24m/nextjs/build/cjs/common/utils/wrapperUtils.js:100:26
[1;38;5;42mweb               [0m |     at async Object.apply (/home/faiz/campsite/campsite/node_modules/[4m.pnpm[24m/@sentry+nextjs@8.17.0_@opentelemetry+api@1.9.0_@opentelemetry+core@1.25.1_@opentelemetry+api@_zjjbubimk7gwifiv7h3uzoa7uy/node_modules/[4m@sentry[24m/nextjs/build/cjs/common/wrapGetServerSidePropsWithSentry.js:39:31)
[1;38;5;42mweb               [0m |     at async e3 (/home/faiz/campsite/campsite/node_modules/[4m.pnpm[24m/next@14.2.5_@babel+core@7.24.6_@opentelemetry+api@1.9.0_@playwright+test@1.43.1_react-dom@18._qa2g2gjimx7nmgi4qtorbkdb34/node_modules/[4mnext[24m/dist/compiled/next-server/pages.runtime.prod.js:31:594)
[1;38;5;42mweb               [0m |     at async doRender (/home/faiz/campsite/campsite/node_modules/[4m.pnpm[24m/next@14.2.5_@babel+core@7.24.6_@opentelemetry+api@1.9.0_@playwright+test@1.43.1_react-dom@18._qa2g2gjimx7nmgi4qtorbkdb34/node_modules/[4mnext[24m/dist/server/base-server.js:1425:30)
[1;38;5;42mweb               [0m |     at async cacheEntry.responseCache.get.routeKind (/home/faiz/campsite/campsite/node_modules/[4m.pnpm[24m/next@14.2.5_@babel+core@7.24.6_@opentelemetry+api@1.9.0_@playwright+test@1.43.1_react-dom@18._qa2g2gjimx7nmgi4qtorbkdb34/node_modules/[4mnext[24m/dist/server/base-server.js:1599:28) {
[1;38;5;42mweb               [0m |   status: [33m502[39m,
[1;38;5;42mweb               [0m |   code: [32m''[39m
[1;38;5;42mweb               [0m | }
[1;38;5;103mstyled-text-server[0m | NODE_ENV [90mundefined[39m
[1;38;5;103mstyled-text-server[0m | styled-text-server listening on port 3002
[1;38;5;2mapi-web           [0m | => Booting Puma
[1;38;5;2mapi-web           [0m | => Rails 7.2.0 application starting in development 
[1;38;5;2mapi-web           [0m | => Run `bin/rails server --help` for more startup options
[1;38;5;2mapi-web           [0m | DEBUGGER: Debugger can attach via UNIX domain socket (/run/user/1000/ruby-debug-faiz-3102532)
[1;38;5;6mapi-worker        [0m | [31m
[1;38;5;6mapi-worker        [0m | 
[1;38;5;6mapi-worker        [0m |       [1;37m         m,
[1;38;5;6mapi-worker        [0m |       [1;37m         `$b
[1;38;5;6mapi-worker        [0m |       [1;37m    .ss,  $$:         .,d$
[1;38;5;6mapi-worker        [0m |       [1;37m    `$$P,d$P'    .,md$P"'
[1;38;5;6mapi-worker        [0m |       [1;37m     ,$$$$$b[30m/[1;37mmd$$$P^'
[1;38;5;6mapi-worker        [0m |       [1;37m   .d$$$$$$[30m/[1;37m$$$P'
[1;38;5;6mapi-worker        [0m |       [1;37m   $$^' `"[30m/[1;37m$$$'       [1;31m____  _     _      _    _
[1;38;5;6mapi-worker        [0m |       [1;37m   $:    [30m'[1;37m,$$:      [1;31m / ___|(_) __| | ___| | _(_) __ _
[1;38;5;6mapi-worker        [0m |       [1;37m   `b     :$$       [1;31m \___ \| |/ _` |/ _ \ |/ / |/ _` |
[1;38;5;6mapi-worker        [0m |       [1;37m          $$:        [1;31m ___) | | (_| |  __/   <| | (_| |
[1;38;5;6mapi-worker        [0m |       [1;37m          $$         [1;31m|____/|_|\__,_|\___|_|\_\_|\__, |
[1;38;5;6mapi-worker        [0m |       [1;37m        .d$$          [1;31m                             |_|
[1;38;5;6mapi-worker        [0m |       [0m
[1;38;5;6mapi-worker        [0m | [0m
[1;38;5;6mapi-worker        [0m | 2025-01-23T23:34:06.253Z pid=3102541 tid=1uayp INFO: Booted Rails 7.2.0 application in development environment
[1;38;5;6mapi-worker        [0m | 2025-01-23T23:34:06.253Z pid=3102541 tid=1uayp INFO: Running in ruby 3.3.4 (2024-07-09 revision be1089c8ec) +YJIT [x86_64-linux]
[1;38;5;6mapi-worker        [0m | 2025-01-23T23:34:06.253Z pid=3102541 tid=1uayp INFO: See LICENSE and the LGPL-3.0 for licensing details.
[1;38;5;6mapi-worker        [0m | 2025-01-23T23:34:06.254Z pid=3102541 tid=1uayp INFO: Upgrade to Sidekiq Pro for more features and support: https://sidekiq.org
[1;38;5;6mapi-worker        [0m | 2025-01-23T23:34:06.254Z pid=3102541 tid=1uayp INFO: Sidekiq 7.3.0 connecting to Redis with options {:size=>10, :pool_name=>"internal", :url=>"redis://localhost:6379"}
[1;38;5;6mapi-worker        [0m | 2025-01-23T23:34:06.257Z pid=3102541 tid=1uayp INFO: Sidekiq 7.3.0 connecting to Redis with options {:size=>1, :pool_name=>"default", :url=>"redis://localhost:6379"}
[1;38;5;6mapi-worker        [0m | 2025-01-23T23:34:06.466Z pid=3102541 tid=1uayp INFO: SidekiqScheduler is disabled
[1;38;5;6mapi-worker        [0m | 2025-01-23T23:34:06.467Z pid=3102541 tid=1uayp INFO: Starting processing, hit Ctrl-C to stop
[1;38;5;2mapi-web           [0m | [3102532] Puma starting in cluster mode...
[1;38;5;2mapi-web           [0m | [3102532] * Puma version: 6.4.3 (ruby 3.3.4-p94) ("The Eagle of Durango")
[1;38;5;2mapi-web           [0m | [3102532] *  Min threads: 5
[1;38;5;2mapi-web           [0m | [3102532] *  Max threads: 5
[1;38;5;2mapi-web           [0m | [3102532] *  Environment: development
[1;38;5;2mapi-web           [0m | [3102532] *   Master PID: 3102532
[1;38;5;2mapi-web           [0m | [3102532] *      Workers: 2
[1;38;5;2mapi-web           [0m | [3102532] *     Restarts: (✔) hot (✖) phased
[1;38;5;2mapi-web           [0m | [3102532] * Preloading application
[1;38;5;2mapi-web           [0m | [3102532] * Listening on http://0.0.0.0:3001
[1;38;5;2mapi-web           [0m | [3102532] Use Ctrl-C to stop
[1;38;5;2mapi-web           [0m | DEBUGGER[bin/rails#3103111]: Debugger can attach via UNIX domain socket (/run/user/1000/ruby-debug-faiz-3102532)
[1;38;5;2mapi-web           [0m | [3102532] - Worker 0 (PID: 3103111) booted in 0.02s, phase: 0
[1;38;5;2mapi-web           [0m | DEBUGGER[bin/rails#3103116]: Debugger can attach via UNIX domain socket (/run/user/1000/ruby-debug-faiz-3102532)
[1;38;5;2mapi-web           [0m | [3102532] - Worker 1 (PID: 3103116) booted in 0.03s, phase: 0
[1;38;5;103mstyled-text-server[0m | [32mDTS[39m ⚡️ Build success in 3127ms
[1;38;5;129msync-server       [0m | [32mDTS[39m ⚡️ Build success in 3806ms
[1;38;5;2mapi-web           [0m | Started GET "/v1/organization_memberships" for 2a01:4f8:c2c:6472::1 at 2025-01-24 00:34:10 +0100
[1;38;5;2mapi-web           [0m | Cannot render console from 172.71.130.154! Allowed networks: 127.0.0.0/127.255.255.255, ::1
[1;38;5;2mapi-web           [0m |   [1m[36mActiveRecord::SchemaMigration Load (2.8ms)[0m  [1m[34mSELECT `schema_migrations`.`version` FROM `schema_migrations` ORDER BY `schema_migrations`.`version` ASC /*application='CampsiteApi'*/[0m
[1;38;5;2mapi-web           [0m | Processing by Api::V1::OrganizationMembershipsController#index as JSON
[1;38;5;2mapi-web           [0m |   Parameters: {"organization_membership"=>{}}
[1;38;5;2mapi-web           [0m |   [1m[36mUser Load (1.7ms)[0m  [1m[34mSELECT `users`.* FROM `users` WHERE `users`.`id` = 15 ORDER BY `users`.`id` ASC LIMIT 1 /*action='index',application='CampsiteApi',controller='organization_memberships'*/[0m
[1;38;5;2mapi-web           [0m |   ↳ app/controllers/concerns/current_attributable.rb:17:in `set_current_user'
[1;38;5;2mapi-web           [0m |   [1m[35mSQL (1.0ms)[0m  [1m[34mSELECT `organization_memberships`.`id` AS t0_r0, `organization_memberships`.`public_id` AS t0_r1, `organization_memberships`.`organization_id` AS t0_r2, `organization_memberships`.`user_id` AS t0_r3, `organization_memberships`.`created_at` AS t0_r4, `organization_memberships`.`updated_at` AS t0_r5, `organization_memberships`.`discarded_at` AS t0_r6, `organization_memberships`.`last_seen_at` AS t0_r7, `organization_memberships`.`role_name` AS t0_r8, `organization_memberships`.`latest_status_id` AS t0_r9, `organization_memberships`.`position` AS t0_r10, `organization_memberships`.`last_viewed_posts_at` AS t0_r11, `organization_memberships`.`home_last_seen_at` AS t0_r12, `organization_memberships`.`activity_last_seen_at` AS t0_r13, `organization_membership_statuses`.`id` AS t1_r0, `organization_membership_statuses`.`message` AS t1_r1, `organization_membership_statuses`.`emoji` AS t1_r2, `organization_membership_statuses`.`expires_at` AS t1_r3, `organization_membership_statuses`.`organization_membership_id` AS t1_r4, `organization_membership_statuses`.`created_at` AS t1_r5, `organization_membership_statuses`.`updated_at` AS t1_r6, `organization_membership_statuses`.`expiration_setting` AS t1_r7, `organization_membership_statuses`.`pause_notifications` AS t1_r8, `organization`.`id` AS t2_r0, `organization`.`public_id` AS t2_r1, `organization`.`name` AS t2_r2, `organization`.`slug` AS t2_r3, `organization`.`email_domain` AS t2_r4, `organization`.`billing_email` AS t2_r5, `organization`.`avatar_path` AS t2_r6, `organization`.`slack_channel_id` AS t2_r7, `organization`.`invite_token` AS t2_r8, `organization`.`creator_id` AS t2_r9, `organization`.`onboarded_at` AS t2_r10, `organization`.`created_at` AS t2_r11, `organization`.`updated_at` AS t2_r12, `organization`.`plan_name` AS t2_r13, `organization`.`member_count` AS t2_r14, `organization`.`demo` AS t2_r15, `organization`.`creator_role` AS t2_r16, `organization`.`creator_org_size` AS t2_r17, `organization`.`trial_ends_at` AS t2_r18, `organization`.`creator_source` AS t2_r19, `organization`.`creator_why` AS t2_r20, `organization_settings`.`id` AS t3_r0, `organization_settings`.`key` AS t3_r1, `organization_settings`.`value` AS t3_r2, `organization_settings`.`organization_id` AS t3_r3, `organization_settings`.`created_at` AS t3_r4, `organization_settings`.`updated_at` AS t3_r5 FROM `organization_memberships` INNER JOIN `organizations` `organization` ON `organization`.`id` = `organization_memberships`.`organization_id` LEFT OUTER JOIN `organization_settings` ON `organization_settings`.`key` = 'enforce_two_factor_authentication' AND `organization_settings`.`organization_id` = `organization`.`id` LEFT OUTER JOIN `organization_membership_statuses` ON `organization_membership_statuses`.`id` = `organization_memberships`.`latest_status_id` WHERE `organization_memberships`.`user_id` = 15 AND `organization_memberships`.`discarded_at` IS NULL AND `organization`.`slug` IS NULL LIMIT 1 /*action='index',application='CampsiteApi',controller='organization_memberships'*/[0m
[1;38;5;2mapi-web           [0m |   ↳ app/controllers/api/v1/base_controller.rb:110:in `current_organization_membership'
[1;38;5;2mapi-web           [0m |   [1m[35mCACHE SQL (0.4ms)[0m  [1m[34mSELECT `organization_memberships`.`id` AS t0_r0, `organization_memberships`.`public_id` AS t0_r1, `organization_memberships`.`organization_id` AS t0_r2, `organization_memberships`.`user_id` AS t0_r3, `organization_memberships`.`created_at` AS t0_r4, `organization_memberships`.`updated_at` AS t0_r5, `organization_memberships`.`discarded_at` AS t0_r6, `organization_memberships`.`last_seen_at` AS t0_r7, `organization_memberships`.`role_name` AS t0_r8, `organization_memberships`.`latest_status_id` AS t0_r9, `organization_memberships`.`position` AS t0_r10, `organization_memberships`.`last_viewed_posts_at` AS t0_r11, `organization_memberships`.`home_last_seen_at` AS t0_r12, `organization_memberships`.`activity_last_seen_at` AS t0_r13, `organization_membership_statuses`.`id` AS t1_r0, `organization_membership_statuses`.`message` AS t1_r1, `organization_membership_statuses`.`emoji` AS t1_r2, `organization_membership_statuses`.`expires_at` AS t1_r3, `organization_membership_statuses`.`organization_membership_id` AS t1_r4, `organization_membership_statuses`.`created_at` AS t1_r5, `organization_membership_statuses`.`updated_at` AS t1_r6, `organization_membership_statuses`.`expiration_setting` AS t1_r7, `organization_membership_statuses`.`pause_notifications` AS t1_r8, `organization`.`id` AS t2_r0, `organization`.`public_id` AS t2_r1, `organization`.`name` AS t2_r2, `organization`.`slug` AS t2_r3, `organization`.`email_domain` AS t2_r4, `organization`.`billing_email` AS t2_r5, `organization`.`avatar_path` AS t2_r6, `organization`.`slack_channel_id` AS t2_r7, `organization`.`invite_token` AS t2_r8, `organization`.`creator_id` AS t2_r9, `organization`.`onboarded_at` AS t2_r10, `organization`.`created_at` AS t2_r11, `organization`.`updated_at` AS t2_r12, `organization`.`plan_name` AS t2_r13, `organization`.`member_count` AS t2_r14, `organization`.`demo` AS t2_r15, `organization`.`creator_role` AS t2_r16, `organization`.`creator_org_size` AS t2_r17, `organization`.`trial_ends_at` AS t2_r18, `organization`.`creator_source` AS t2_r19, `organization`.`creator_why` AS t2_r20, `organization_settings`.`id` AS t3_r0, `organization_settings`.`key` AS t3_r1, `organization_settings`.`value` AS t3_r2, `organization_settings`.`organization_id` AS t3_r3, `organization_settings`.`created_at` AS t3_r4, `organization_settings`.`updated_at` AS t3_r5 FROM `organization_memberships` INNER JOIN `organizations` `organization` ON `organization`.`id` = `organization_memberships`.`organization_id` LEFT OUTER JOIN `organization_settings` ON `organization_settings`.`key` = 'enforce_two_factor_authentication' AND `organization_settings`.`organization_id` = `organization`.`id` LEFT OUTER JOIN `organization_membership_statuses` ON `organization_membership_statuses`.`id` = `organization_memberships`.`latest_status_id` WHERE `organization_memberships`.`user_id` = 15 AND `organization_memberships`.`discarded_at` IS NULL AND `organization`.`slug` IS NULL LIMIT 1[0m
[1;38;5;2mapi-web           [0m |   ↳ app/controllers/api/v1/base_controller.rb:110:in `current_organization_membership'
[1;38;5;2mapi-web           [0m |   [1m[35mSQL (1.7ms)[0m  [1m[34mSELECT `organization_memberships`.`id` AS t0_r0, `organization_memberships`.`public_id` AS t0_r1, `organization_memberships`.`organization_id` AS t0_r2, `organization_memberships`.`user_id` AS t0_r3, `organization_memberships`.`created_at` AS t0_r4, `organization_memberships`.`updated_at` AS t0_r5, `organization_memberships`.`discarded_at` AS t0_r6, `organization_memberships`.`last_seen_at` AS t0_r7, `organization_memberships`.`role_name` AS t0_r8, `organization_memberships`.`latest_status_id` AS t0_r9, `organization_memberships`.`position` AS t0_r10, `organization_memberships`.`last_viewed_posts_at` AS t0_r11, `organization_memberships`.`home_last_seen_at` AS t0_r12, `organization_memberships`.`activity_last_seen_at` AS t0_r13, `organizations`.`id` AS t1_r0, `organizations`.`public_id` AS t1_r1, `organizations`.`name` AS t1_r2, `organizations`.`slug` AS t1_r3, `organizations`.`email_domain` AS t1_r4, `organizations`.`billing_email` AS t1_r5, `organizations`.`avatar_path` AS t1_r6, `organizations`.`slack_channel_id` AS t1_r7, `organizations`.`invite_token` AS t1_r8, `organizations`.`creator_id` AS t1_r9, `organizations`.`onboarded_at` AS t1_r10, `organizations`.`created_at` AS t1_r11, `organizations`.`updated_at` AS t1_r12, `organizations`.`plan_name` AS t1_r13, `organizations`.`member_count` AS t1_r14, `organizations`.`demo` AS t1_r15, `organizations`.`creator_role` AS t1_r16, `organizations`.`creator_org_size` AS t1_r17, `organizations`.`trial_ends_at` AS t1_r18, `organizations`.`creator_source` AS t1_r19, `organizations`.`creator_why` AS t1_r20, `users`.`id` AS t2_r0, `users`.`username` AS t2_r1, `users`.`name` AS t2_r2, `users`.`public_id` AS t2_r3, `users`.`avatar_path` AS t2_r4, `users`.`email` AS t2_r5, `users`.`encrypted_password` AS t2_r6, `users`.`reset_password_token` AS t2_r7, `users`.`reset_password_sent_at` AS t2_r8, `users`.`remember_created_at` AS t2_r9, `users`.`confirmation_token` AS t2_r10, `users`.`confirmed_at` AS t2_r11, `users`.`confirmation_sent_at` AS t2_r12, `users`.`unconfirmed_email` AS t2_r13, `users`.`omniauth_provider` AS t2_r14, `users`.`omniauth_uid` AS t2_r15, `users`.`onboarded_at` AS t2_r16, `users`.`created_at` AS t2_r17, `users`.`updated_at` AS t2_r18, `users`.`cover_photo_path` AS t2_r19, `users`.`login_token` AS t2_r20, `users`.`login_token_expires_at` AS t2_r21, `users`.`consumed_timestep` AS t2_r22, `users`.`otp_backup_codes` AS t2_r23, `users`.`otp_enabled` AS t2_r24, `users`.`otp_secret` AS t2_r25, `users`.`last_seen_at` AS t2_r26, `users`.`login_token_sso_id` AS t2_r27, `users`.`scheduled_email_notifications_from` AS t2_r28, `users`.`demo` AS t2_r29, `users`.`staff` AS t2_r30, `users`.`referrer` AS t2_r31, `users`.`landing_url` AS t2_r32, `users`.`notification_pause_expires_at` AS t2_r33, `users`.`preferred_timezone` AS t2_r34, `users`.`notifications_paused_at` AS t2_r35 FROM `organization_memberships` LEFT OUTER JOIN `organizations` ON `organizations`.`id` = `organization_memberships`.`organization_id` LEFT OUTER JOIN `organization_memberships` `admin_memberships_organizations_join` ON `admin_memberships_organizations_join`.`role_name` = 'admin' AND `admin_memberships_organizations_join`.`discarded_at` IS NULL AND `admin_memberships_organizations_join`.`organization_id` = `organizations`.`id` LEFT OUTER JOIN `users` ON `users`.`id` = `admin_memberships_organizations_join`.`user_id` WHERE `organization_memberships`.`user_id` = 15 AND `organization_memberships`.`discarded_at` IS NULL ORDER BY `organization_memberships`.`position` ASC, `organization_memberships`.`id` ASC /*action='index',application='CampsiteApi',controller='organization_memberships'*/[0m
[1;38;5;2mapi-web           [0m |   ↳ app/serializers/api_serializer.rb:111:in `flatten'
[1;38;5;2mapi-web           [0m | Completed 200 OK in 128ms (Views: 0.2ms | ActiveRecord: 25.0ms (4 queries, 1 cached) | GC: 4.0ms)
[1;38;5;2mapi-web           [0m | 
[1;38;5;2mapi-web           [0m | 
[1;38;5;42mweb               [0m | [HMSIntersectionObserverWrapper] IntersectionObserver is not supported, fallback will be used instead
[1;38;5;42mweb               [0m | [HMSResizeObserverWrapper] Resize Observer is not supported
[1;38;5;2mapi-web           [0m | Started GET "/v1/users/me" for 87.75.141.139 at 2025-01-24 00:34:13 +0100
[1;38;5;2mapi-web           [0m | Cannot render console from 172.68.205.201! Allowed networks: 127.0.0.0/127.255.255.255, ::1
[1;38;5;2mapi-web           [0m | Processing by Api::V1::UsersController#me as JSON
[1;38;5;2mapi-web           [0m |   Parameters: {"user"=>{}}
[1;38;5;2mapi-web           [0m |   [1m[36mUser Load (1.3ms)[0m  [1m[34mSELECT `users`.* FROM `users` WHERE `users`.`id` = 15 ORDER BY `users`.`id` ASC LIMIT 1 /*action='me',application='CampsiteApi',controller='users'*/[0m
[1;38;5;2mapi-web           [0m |   ↳ app/controllers/concerns/current_attributable.rb:17:in `set_current_user'
[1;38;5;2mapi-web           [0m |   [1m[35mSQL (1.5ms)[0m  [1m[34mSELECT `organization_memberships`.`id` AS t0_r0, `organization_memberships`.`public_id` AS t0_r1, `organization_memberships`.`organization_id` AS t0_r2, `organization_memberships`.`user_id` AS t0_r3, `organization_memberships`.`created_at` AS t0_r4, `organization_memberships`.`updated_at` AS t0_r5, `organization_memberships`.`discarded_at` AS t0_r6, `organization_memberships`.`last_seen_at` AS t0_r7, `organization_memberships`.`role_name` AS t0_r8, `organization_memberships`.`latest_status_id` AS t0_r9, `organization_memberships`.`position` AS t0_r10, `organization_memberships`.`last_viewed_posts_at` AS t0_r11, `organization_memberships`.`home_last_seen_at` AS t0_r12, `organization_memberships`.`activity_last_seen_at` AS t0_r13, `organization_membership_statuses`.`id` AS t1_r0, `organization_membership_statuses`.`message` AS t1_r1, `organization_membership_statuses`.`emoji` AS t1_r2, `organization_membership_statuses`.`expires_at` AS t1_r3, `organization_membership_statuses`.`organization_membership_id` AS t1_r4, `organization_membership_statuses`.`created_at` AS t1_r5, `organization_membership_statuses`.`updated_at` AS t1_r6, `organization_membership_statuses`.`expiration_setting` AS t1_r7, `organization_membership_statuses`.`pause_notifications` AS t1_r8, `organization`.`id` AS t2_r0, `organization`.`public_id` AS t2_r1, `organization`.`name` AS t2_r2, `organization`.`slug` AS t2_r3, `organization`.`email_domain` AS t2_r4, `organization`.`billing_email` AS t2_r5, `organization`.`avatar_path` AS t2_r6, `organization`.`slack_channel_id` AS t2_r7, `organization`.`invite_token` AS t2_r8, `organization`.`creator_id` AS t2_r9, `organization`.`onboarded_at` AS t2_r10, `organization`.`created_at` AS t2_r11, `organization`.`updated_at` AS t2_r12, `organization`.`plan_name` AS t2_r13, `organization`.`member_count` AS t2_r14, `organization`.`demo` AS t2_r15, `organization`.`creator_role` AS t2_r16, `organization`.`creator_org_size` AS t2_r17, `organization`.`trial_ends_at` AS t2_r18, `organization`.`creator_source` AS t2_r19, `organization`.`creator_why` AS t2_r20, `organization_settings`.`id` AS t3_r0, `organization_settings`.`key` AS t3_r1, `organization_settings`.`value` AS t3_r2, `organization_settings`.`organization_id` AS t3_r3, `organization_settings`.`created_at` AS t3_r4, `organization_settings`.`updated_at` AS t3_r5 FROM `organization_memberships` INNER JOIN `organizations` `organization` ON `organization`.`id` = `organization_memberships`.`organization_id` LEFT OUTER JOIN `organization_settings` ON `organization_settings`.`key` = 'enforce_two_factor_authentication' AND `organization_settings`.`organization_id` = `organization`.`id` LEFT OUTER JOIN `organization_membership_statuses` ON `organization_membership_statuses`.`id` = `organization_memberships`.`latest_status_id` WHERE `organization_memberships`.`user_id` = 15 AND `organization_memberships`.`discarded_at` IS NULL AND `organization`.`slug` IS NULL LIMIT 1 /*action='me',application='CampsiteApi',controller='users'*/[0m
[1;38;5;2mapi-web           [0m |   ↳ app/controllers/api/v1/base_controller.rb:110:in `current_organization_membership'
[1;38;5;2mapi-web           [0m |   [1m[35mCACHE SQL (0.5ms)[0m  [1m[34mSELECT `organization_memberships`.`id` AS t0_r0, `organization_memberships`.`public_id` AS t0_r1, `organization_memberships`.`organization_id` AS t0_r2, `organization_memberships`.`user_id` AS t0_r3, `organization_memberships`.`created_at` AS t0_r4, `organization_memberships`.`updated_at` AS t0_r5, `organization_memberships`.`discarded_at` AS t0_r6, `organization_memberships`.`last_seen_at` AS t0_r7, `organization_memberships`.`role_name` AS t0_r8, `organization_memberships`.`latest_status_id` AS t0_r9, `organization_memberships`.`position` AS t0_r10, `organization_memberships`.`last_viewed_posts_at` AS t0_r11, `organization_memberships`.`home_last_seen_at` AS t0_r12, `organization_memberships`.`activity_last_seen_at` AS t0_r13, `organization_membership_statuses`.`id` AS t1_r0, `organization_membership_statuses`.`message` AS t1_r1, `organization_membership_statuses`.`emoji` AS t1_r2, `organization_membership_statuses`.`expires_at` AS t1_r3, `organization_membership_statuses`.`organization_membership_id` AS t1_r4, `organization_membership_statuses`.`created_at` AS t1_r5, `organization_membership_statuses`.`updated_at` AS t1_r6, `organization_membership_statuses`.`expiration_setting` AS t1_r7, `organization_membership_statuses`.`pause_notifications` AS t1_r8, `organization`.`id` AS t2_r0, `organization`.`public_id` AS t2_r1, `organization`.`name` AS t2_r2, `organization`.`slug` AS t2_r3, `organization`.`email_domain` AS t2_r4, `organization`.`billing_email` AS t2_r5, `organization`.`avatar_path` AS t2_r6, `organization`.`slack_channel_id` AS t2_r7, `organization`.`invite_token` AS t2_r8, `organization`.`creator_id` AS t2_r9, `organization`.`onboarded_at` AS t2_r10, `organization`.`created_at` AS t2_r11, `organization`.`updated_at` AS t2_r12, `organization`.`plan_name` AS t2_r13, `organization`.`member_count` AS t2_r14, `organization`.`demo` AS t2_r15, `organization`.`creator_role` AS t2_r16, `organization`.`creator_org_size` AS t2_r17, `organization`.`trial_ends_at` AS t2_r18, `organization`.`creator_source` AS t2_r19, `organization`.`creator_why` AS t2_r20, `organization_settings`.`id` AS t3_r0, `organization_settings`.`key` AS t3_r1, `organization_settings`.`value` AS t3_r2, `organization_settings`.`organization_id` AS t3_r3, `organization_settings`.`created_at` AS t3_r4, `organization_settings`.`updated_at` AS t3_r5 FROM `organization_memberships` INNER JOIN `organizations` `organization` ON `organization`.`id` = `organization_memberships`.`organization_id` LEFT OUTER JOIN `organization_settings` ON `organization_settings`.`key` = 'enforce_two_factor_authentication' AND `organization_settings`.`organization_id` = `organization`.`id` LEFT OUTER JOIN `organization_membership_statuses` ON `organization_membership_statuses`.`id` = `organization_memberships`.`latest_status_id` WHERE `organization_memberships`.`user_id` = 15 AND `organization_memberships`.`discarded_at` IS NULL AND `organization`.`slug` IS NULL LIMIT 1[0m
[1;38;5;2mapi-web           [0m |   ↳ app/controllers/api/v1/base_controller.rb:110:in `current_organization_membership'
[1;38;5;2mapi-web           [0m | Started GET "/v1/organizations/cosyland" for 87.75.141.139 at 2025-01-24 00:34:13 +0100
[1;38;5;2mapi-web           [0m | Cannot render console from 172.68.205.201! Allowed networks: 127.0.0.0/127.255.255.255, ::1
[1;38;5;2mapi-web           [0m |   [1m[36mCallPeer Exists? (3.0ms)[0m  [1m[34mSELECT 1 AS one FROM `call_peers` INNER JOIN `organization_memberships` ON `call_peers`.`organization_membership_id` = `organization_memberships`.`id` WHERE `organization_memberships`.`user_id` = 15 AND `organization_memberships`.`discarded_at` IS NULL AND `call_peers`.`left_at` IS NULL LIMIT 1 /*action='me',application='CampsiteApi',controller='users'*/[0m
[1;38;5;2mapi-web           [0m |   ↳ app/models/user.rb:440:in `on_call?'
[1;38;5;2mapi-web           [0m |   [1m[36mFlipper::Adapters::ActiveRecord::Gate Pluck (1.5ms)[0m  [1m[34mSELECT `flipper_gates`.`feature_key`, `flipper_gates`.`key`, `flipper_gates`.`value` FROM `flipper_gates` WHERE `flipper_gates`.`feature_key` IN ('slack_auto_publish', 'sidebar_dms', 'my_work', 'max_w_chat', 'archive_notifications', 'relative_time', 'firehose', 'grouped_notifications', 'comfy_compact_layout', 'message_email_notifications', 'integration_dms', 'chat_channels', 'channel_split_view', 'no_emoji_accessories', 'export', 'force_dev_slackbot') /*action='me',application='CampsiteApi',controller='users'*/[0m
[1;38;5;2mapi-web           [0m |   ↳ app/models/user.rb:371:in `enabled_frontend_features'
[1;38;5;2mapi-web           [0m |   [1m[36mFlipper feature(slack_auto_publish) enabled? false (0.1ms)[0m  [ actors=[#<Flipper::Types::Actor:0x00007f33082f17b8 @actor=#<User id: 15, username: "faiz", name: "Faiz", public_id: "r73wwd5e71d4", avatar_path: nil, email: "faiz@cosy.land", omniauth_provider: nil, omniauth_uid: nil, onboarded_at: nil, created_at: "2025-01-20 21:38:28.260317000 +0000", updated_at: "2025-01-22 22:30:40.744807000 +0000", cover_photo_path: nil, login_token: nil, login_token_expires_at: nil, consumed_timestep: nil, otp_backup_codes: nil, otp_enabled: nil, otp_secret: nil, last_seen_at: nil, login_token_sso_id: nil, scheduled_email_notifications_from: "2025-01-22 22:30:39.000000000 +0000", demo: false, staff: false, referrer: nil, landing_url: nil, notification_pause_expires_at: nil, preferred_timezone: "Europe/London", notifications_paused_at: nil>, @value="User;15">] ]
[1;38;5;2mapi-web           [0m |   [1m[36mFlipper feature(sidebar_dms) enabled? false (0.0ms)[0m  [ actors=[#<Flipper::Types::Actor:0x00007f330836de08 @actor=#<User id: 15, username: "faiz", name: "Faiz", public_id: "r73wwd5e71d4", avatar_path: nil, email: "faiz@cosy.land", omniauth_provider: nil, omniauth_uid: nil, onboarded_at: nil, created_at: "2025-01-20 21:38:28.260317000 +0000", updated_at: "2025-01-22 22:30:40.744807000 +0000", cover_photo_path: nil, login_token: nil, login_token_expires_at: nil, consumed_timestep: nil, otp_backup_codes: nil, otp_enabled: nil, otp_secret: nil, last_seen_at: nil, login_token_sso_id: nil, scheduled_email_notifications_from: "2025-01-22 22:30:39.000000000 +0000", demo: false, staff: false, referrer: nil, landing_url: nil, notification_pause_expires_at: nil, preferred_timezone: "Europe/London", notifications_paused_at: nil>, @value="User;15">] ]
[1;38;5;2mapi-web           [0m |   [1m[36mFlipper feature(my_work) enabled? false (0.0ms)[0m  [ actors=[#<Flipper::Types::Actor:0x00007f330836c378 @actor=#<User id: 15, username: "faiz", name: "Faiz", public_id: "r73wwd5e71d4", avatar_path: nil, email: "faiz@cosy.land", omniauth_provider: nil, omniauth_uid: nil, onboarded_at: nil, created_at: "2025-01-20 21:38:28.260317000 +0000", updated_at: "2025-01-22 22:30:40.744807000 +0000", cover_photo_path: nil, login_token: nil, login_token_expires_at: nil, consumed_timestep: nil, otp_backup_codes: nil, otp_enabled: nil, otp_secret: nil, last_seen_at: nil, login_token_sso_id: nil, scheduled_email_notifications_from: "2025-01-22 22:30:39.000000000 +0000", demo: false, staff: false, referrer: nil, landing_url: nil, notification_pause_expires_at: nil, preferred_timezone: "Europe/London", notifications_paused_at: nil>, @value="User;15">] ]
[1;38;5;2mapi-web           [0m |   [1m[36mFlipper feature(max_w_chat) enabled? false (0.0ms)[0m  [ actors=[#<Flipper::Types::Actor:0x00007f330836ab90 @actor=#<User id: 15, username: "faiz", name: "Faiz", public_id: "r73wwd5e71d4", avatar_path: nil, email: "faiz@cosy.land", omniauth_provider: nil, omniauth_uid: nil, onboarded_at: nil, created_at: "2025-01-20 21:38:28.260317000 +0000", updated_at: "2025-01-22 22:30:40.744807000 +0000", cover_photo_path: nil, login_token: nil, login_token_expires_at: nil, consumed_timestep: nil, otp_backup_codes: nil, otp_enabled: nil, otp_secret: nil, last_seen_at: nil, login_token_sso_id: nil, scheduled_email_notifications_from: "2025-01-22 22:30:39.000000000 +0000", demo: false, staff: false, referrer: nil, landing_url: nil, notification_pause_expires_at: nil, preferred_timezone: "Europe/London", notifications_paused_at: nil>, @value="User;15">] ]
[1;38;5;2mapi-web           [0m |   [1m[36mFlipper feature(archive_notifications) enabled? false (0.0ms)[0m  [ actors=[#<Flipper::Types::Actor:0x00007f3308369650 @actor=#<User id: 15, username: "faiz", name: "Faiz", public_id: "r73wwd5e71d4", avatar_path: nil, email: "faiz@cosy.land", omniauth_provider: nil, omniauth_uid: nil, onboarded_at: nil, created_at: "2025-01-20 21:38:28.260317000 +0000", updated_at: "2025-01-22 22:30:40.744807000 +0000", cover_photo_path: nil, login_token: nil, login_token_expires_at: nil, consumed_timestep: nil, otp_backup_codes: nil, otp_enabled: nil, otp_secret: nil, last_seen_at: nil, login_token_sso_id: nil, scheduled_email_notifications_from: "2025-01-22 22:30:39.000000000 +0000", demo: false, staff: false, referrer: nil, landing_url: nil, notification_pause_expires_at: nil, preferred_timezone: "Europe/London", notifications_paused_at: nil>, @value="User;15">] ]
[1;38;5;2mapi-web           [0m |   [1m[36mFlipper feature(relative_time) enabled? false (0.0ms)[0m  [ actors=[#<Flipper::Types::Actor:0x00007f3308367f30 @actor=#<User id: 15, username: "faiz", name: "Faiz", public_id: "r73wwd5e71d4", avatar_path: nil, email: "faiz@cosy.land", omniauth_provider: nil, omniauth_uid: nil, onboarded_at: nil, created_at: "2025-01-20 21:38:28.260317000 +0000", updated_at: "2025-01-22 22:30:40.744807000 +0000", cover_photo_path: nil, login_token: nil, login_token_expires_at: nil, consumed_timestep: nil, otp_backup_codes: nil, otp_enabled: nil, otp_secret: nil, last_seen_at: nil, login_token_sso_id: nil, scheduled_email_notifications_from: "2025-01-22 22:30:39.000000000 +0000", demo: false, staff: false, referrer: nil, landing_url: nil, notification_pause_expires_at: nil, preferred_timezone: "Europe/London", notifications_paused_at: nil>, @value="User;15">] ]
[1;38;5;2mapi-web           [0m |   [1m[36mFlipper feature(firehose) enabled? false (0.0ms)[0m  [ actors=[#<Flipper::Types::Actor:0x00007f3308366748 @actor=#<User id: 15, username: "faiz", name: "Faiz", public_id: "r73wwd5e71d4", avatar_path: nil, email: "faiz@cosy.land", omniauth_provider: nil, omniauth_uid: nil, onboarded_at: nil, created_at: "2025-01-20 21:38:28.260317000 +0000", updated_at: "2025-01-22 22:30:40.744807000 +0000", cover_photo_path: nil, login_token: nil, login_token_expires_at: nil, consumed_timestep: nil, otp_backup_codes: nil, otp_enabled: nil, otp_secret: nil, last_seen_at: nil, login_token_sso_id: nil, scheduled_email_notifications_from: "2025-01-22 22:30:39.000000000 +0000", demo: false, staff: false, referrer: nil, landing_url: nil, notification_pause_expires_at: nil, preferred_timezone: "Europe/London", notifications_paused_at: nil>, @value="User;15">] ]
[1;38;5;2mapi-web           [0m |   [1m[36mFlipper feature(grouped_notifications) enabled? false (0.0ms)[0m  [ actors=[#<Flipper::Types::Actor:0x00007f3308365410 @actor=#<User id: 15, username: "faiz", name: "Faiz", public_id: "r73wwd5e71d4", avatar_path: nil, email: "faiz@cosy.land", omniauth_provider: nil, omniauth_uid: nil, onboarded_at: nil, created_at: "2025-01-20 21:38:28.260317000 +0000", updated_at: "2025-01-22 22:30:40.744807000 +0000", cover_photo_path: nil, login_token: nil, login_token_expires_at: nil, consumed_timestep: nil, otp_backup_codes: nil, otp_enabled: nil, otp_secret: nil, last_seen_at: nil, login_token_sso_id: nil, scheduled_email_notifications_from: "2025-01-22 22:30:39.000000000 +0000", demo: false, staff: false, referrer: nil, landing_url: nil, notification_pause_expires_at: nil, preferred_timezone: "Europe/London", notifications_paused_at: nil>, @value="User;15">] ]
[1;38;5;2mapi-web           [0m |   [1m[36mFlipper feature(comfy_compact_layout) enabled? false (0.0ms)[0m  [ actors=[#<Flipper::Types::Actor:0x00007f3308363980 @actor=#<User id: 15, username: "faiz", name: "Faiz", public_id: "r73wwd5e71d4", avatar_path: nil, email: "faiz@cosy.land", omniauth_provider: nil, omniauth_uid: nil, onboarded_at: nil, created_at: "2025-01-20 21:38:28.260317000 +0000", updated_at: "2025-01-22 22:30:40.744807000 +0000", cover_photo_path: nil, login_token: nil, login_token_expires_at: nil, consumed_timestep: nil, otp_backup_codes: nil, otp_enabled: nil, otp_secret: nil, last_seen_at: nil, login_token_sso_id: nil, scheduled_email_notifications_from: "2025-01-22 22:30:39.000000000 +0000", demo: false, staff: false, referrer: nil, landing_url: nil, notification_pause_expires_at: nil, preferred_timezone: "Europe/London", notifications_paused_at: nil>, @value="User;15">] ]
[1;38;5;2mapi-web           [0m |   [1m[36mFlipper feature(message_email_notifications) enabled? false (0.0ms)[0m  [ actors=[#<Flipper::Types::Actor:0x00007f3308362508 @actor=#<User id: 15, username: "faiz", name: "Faiz", public_id: "r73wwd5e71d4", avatar_path: nil, email: "faiz@cosy.land", omniauth_provider: nil, omniauth_uid: nil, onboarded_at: nil, created_at: "2025-01-20 21:38:28.260317000 +0000", updated_at: "2025-01-22 22:30:40.744807000 +0000", cover_photo_path: nil, login_token: nil, login_token_expires_at: nil, consumed_timestep: nil, otp_backup_codes: nil, otp_enabled: nil, otp_secret: nil, last_seen_at: nil, login_token_sso_id: nil, scheduled_email_notifications_from: "2025-01-22 22:30:39.000000000 +0000", demo: false, staff: false, referrer: nil, landing_url: nil, notification_pause_expires_at: nil, preferred_timezone: "Europe/London", notifications_paused_at: nil>, @value="User;15">] ]
[1;38;5;2mapi-web           [0m |   [1m[36mFlipper feature(integration_dms) enabled? false (0.0ms)[0m  [ actors=[#<Flipper::Types::Actor:0x00007f3308360e88 @actor=#<User id: 15, username: "faiz", name: "Faiz", public_id: "r73wwd5e71d4", avatar_path: nil, email: "faiz@cosy.land", omniauth_provider: nil, omniauth_uid: nil, onboarded_at: nil, created_at: "2025-01-20 21:38:28.260317000 +0000", updated_at: "2025-01-22 22:30:40.744807000 +0000", cover_photo_path: nil, login_token: nil, login_token_expires_at: nil, consumed_timestep: nil, otp_backup_codes: nil, otp_enabled: nil, otp_secret: nil, last_seen_at: nil, login_token_sso_id: nil, scheduled_email_notifications_from: "2025-01-22 22:30:39.000000000 +0000", demo: false, staff: false, referrer: nil, landing_url: nil, notification_pause_expires_at: nil, preferred_timezone: "Europe/London", notifications_paused_at: nil>, @value="User;15">] ]
[1;38;5;2mapi-web           [0m |   [1m[36mFlipper feature(chat_channels) enabled? false (0.0ms)[0m  [ actors=[#<Flipper::Types::Actor:0x00007f330827f460 @actor=#<User id: 15, username: "faiz", name: "Faiz", public_id: "r73wwd5e71d4", avatar_path: nil, email: "faiz@cosy.land", omniauth_provider: nil, omniauth_uid: nil, onboarded_at: nil, created_at: "2025-01-20 21:38:28.260317000 +0000", updated_at: "2025-01-22 22:30:40.744807000 +0000", cover_photo_path: nil, login_token: nil, login_token_expires_at: nil, consumed_timestep: nil, otp_backup_codes: nil, otp_enabled: nil, otp_secret: nil, last_seen_at: nil, login_token_sso_id: nil, scheduled_email_notifications_from: "2025-01-22 22:30:39.000000000 +0000", demo: false, staff: false, referrer: nil, landing_url: nil, notification_pause_expires_at: nil, preferred_timezone: "Europe/London", notifications_paused_at: nil>, @value="User;15">] ]
[1;38;5;2mapi-web           [0m |   [1m[36mFlipper feature(channel_split_view) enabled? false (0.0ms)[0m  [ actors=[#<Flipper::Types::Actor:0x00007f330827dd68 @actor=#<User id: 15, username: "faiz", name: "Faiz", public_id: "r73wwd5e71d4", avatar_path: nil, email: "faiz@cosy.land", omniauth_provider: nil, omniauth_uid: nil, onboarded_at: nil, created_at: "2025-01-20 21:38:28.260317000 +0000", updated_at: "2025-01-22 22:30:40.744807000 +0000", cover_photo_path: nil, login_token: nil, login_token_expires_at: nil, consumed_timestep: nil, otp_backup_codes: nil, otp_enabled: nil, otp_secret: nil, last_seen_at: nil, login_token_sso_id: nil, scheduled_email_notifications_from: "2025-01-22 22:30:39.000000000 +0000", demo: false, staff: false, referrer: nil, landing_url: nil, notification_pause_expires_at: nil, preferred_timezone: "Europe/London", notifications_paused_at: nil>, @value="User;15">] ]
[1;38;5;2mapi-web           [0m |   [1m[36mFlipper feature(no_emoji_accessories) enabled? false (0.0ms)[0m  [ actors=[#<Flipper::Types::Actor:0x00007f330827c300 @actor=#<User id: 15, username: "faiz", name: "Faiz", public_id: "r73wwd5e71d4", avatar_path: nil, email: "faiz@cosy.land", omniauth_provider: nil, omniauth_uid: nil, onboarded_at: nil, created_at: "2025-01-20 21:38:28.260317000 +0000", updated_at: "2025-01-22 22:30:40.744807000 +0000", cover_photo_path: nil, login_token: nil, login_token_expires_at: nil, consumed_timestep: nil, otp_backup_codes: nil, otp_enabled: nil, otp_secret: nil, last_seen_at: nil, login_token_sso_id: nil, scheduled_email_notifications_from: "2025-01-22 22:30:39.000000000 +0000", demo: false, staff: false, referrer: nil, landing_url: nil, notification_pause_expires_at: nil, preferred_timezone: "Europe/London", notifications_paused_at: nil>, @value="User;15">] ]
[1;38;5;2mapi-web           [0m |   [1m[36mFlipper feature(export) enabled? false (0.2ms)[0m  [ actors=[#<Flipper::Types::Actor:0x00007f330827ab18 @actor=#<User id: 15, username: "faiz", name: "Faiz", public_id: "r73wwd5e71d4", avatar_path: nil, email: "faiz@cosy.land", omniauth_provider: nil, omniauth_uid: nil, onboarded_at: nil, created_at: "2025-01-20 21:38:28.260317000 +0000", updated_at: "2025-01-22 22:30:40.744807000 +0000", cover_photo_path: nil, login_token: nil, login_token_expires_at: nil, consumed_timestep: nil, otp_backup_codes: nil, otp_enabled: nil, otp_secret: nil, last_seen_at: nil, login_token_sso_id: nil, scheduled_email_notifications_from: "2025-01-22 22:30:39.000000000 +0000", demo: false, staff: false, referrer: nil, landing_url: nil, notification_pause_expires_at: nil, preferred_timezone: "Europe/London", notifications_paused_at: nil>, @value="User;15">] ]
[1;38;5;2mapi-web           [0m |   [1m[36mFlipper feature(force_dev_slackbot) enabled? false (0.0ms)[0m  [ actors=[#<Flipper::Types::Actor:0x00007f33082793f8 @actor=#<User id: 15, username: "faiz", name: "Faiz", public_id: "r73wwd5e71d4", avatar_path: nil, email: "faiz@cosy.land", omniauth_provider: nil, omniauth_uid: nil, onboarded_at: nil, created_at: "2025-01-20 21:38:28.260317000 +0000", updated_at: "2025-01-22 22:30:40.744807000 +0000", cover_photo_path: nil, login_token: nil, login_token_expires_at: nil, consumed_timestep: nil, otp_backup_codes: nil, otp_enabled: nil, otp_secret: nil, last_seen_at: nil, login_token_sso_id: nil, scheduled_email_notifications_from: "2025-01-22 22:30:39.000000000 +0000", demo: false, staff: false, referrer: nil, landing_url: nil, notification_pause_expires_at: nil, preferred_timezone: "Europe/London", notifications_paused_at: nil>, @value="User;15">] ]
[1;38;5;2mapi-web           [0m |   [1m[36mUserPreference Load (4.0ms)[0m  [1m[34mSELECT `user_preferences`.* FROM `user_preferences` WHERE `user_preferences`.`user_id` = 15 /*action='me',application='CampsiteApi',controller='users'*/[0m
[1;38;5;2mapi-web           [0m |   ↳ app/serializers/current_user_serializer.rb:33:in `each_with_object'
[1;38;5;2mapi-web           [0m |   [1m[36mActiveRecord::SchemaMigration Load (4.1ms)[0m  [1m[34mSELECT `schema_migrations`.`version` FROM `schema_migrations` ORDER BY `schema_migrations`.`version` ASC /*application='CampsiteApi'*/[0m
[1;38;5;2mapi-web           [0m | Completed 200 OK in 86ms (Views: 0.1ms | ActiveRecord: 13.9ms (6 queries, 1 cached) | GC: 2.6ms)
[1;38;5;2mapi-web           [0m | 
[1;38;5;2mapi-web           [0m | 
[1;38;5;2mapi-web           [0m | Started GET "/v1/organization_memberships" for 87.75.141.139 at 2025-01-24 00:34:13 +0100
[1;38;5;2mapi-web           [0m | Cannot render console from 172.68.205.201! Allowed networks: 127.0.0.0/127.255.255.255, ::1
[1;38;5;2mapi-web           [0m | Processing by Api::V1::OrganizationMembershipsController#index as JSON
[1;38;5;2mapi-web           [0m |   Parameters: {"organization_membership"=>{}}
[1;38;5;2mapi-web           [0m |   [1m[36mUser Load (2.1ms)[0m  [1m[34mSELECT `users`.* FROM `users` WHERE `users`.`id` = 15 ORDER BY `users`.`id` ASC LIMIT 1 /*action='index',application='CampsiteApi',controller='organization_memberships'*/[0m
[1;38;5;2mapi-web           [0m |   ↳ app/controllers/concerns/current_attributable.rb:17:in `set_current_user'
[1;38;5;2mapi-web           [0m |   [1m[35mSQL (1.4ms)[0m  [1m[34mSELECT `organization_memberships`.`id` AS t0_r0, `organization_memberships`.`public_id` AS t0_r1, `organization_memberships`.`organization_id` AS t0_r2, `organization_memberships`.`user_id` AS t0_r3, `organization_memberships`.`created_at` AS t0_r4, `organization_memberships`.`updated_at` AS t0_r5, `organization_memberships`.`discarded_at` AS t0_r6, `organization_memberships`.`last_seen_at` AS t0_r7, `organization_memberships`.`role_name` AS t0_r8, `organization_memberships`.`latest_status_id` AS t0_r9, `organization_memberships`.`position` AS t0_r10, `organization_memberships`.`last_viewed_posts_at` AS t0_r11, `organization_memberships`.`home_last_seen_at` AS t0_r12, `organization_memberships`.`activity_last_seen_at` AS t0_r13, `organization_membership_statuses`.`id` AS t1_r0, `organization_membership_statuses`.`message` AS t1_r1, `organization_membership_statuses`.`emoji` AS t1_r2, `organization_membership_statuses`.`expires_at` AS t1_r3, `organization_membership_statuses`.`organization_membership_id` AS t1_r4, `organization_membership_statuses`.`created_at` AS t1_r5, `organization_membership_statuses`.`updated_at` AS t1_r6, `organization_membership_statuses`.`expiration_setting` AS t1_r7, `organization_membership_statuses`.`pause_notifications` AS t1_r8, `organization`.`id` AS t2_r0, `organization`.`public_id` AS t2_r1, `organization`.`name` AS t2_r2, `organization`.`slug` AS t2_r3, `organization`.`email_domain` AS t2_r4, `organization`.`billing_email` AS t2_r5, `organization`.`avatar_path` AS t2_r6, `organization`.`slack_channel_id` AS t2_r7, `organization`.`invite_token` AS t2_r8, `organization`.`creator_id` AS t2_r9, `organization`.`onboarded_at` AS t2_r10, `organization`.`created_at` AS t2_r11, `organization`.`updated_at` AS t2_r12, `organization`.`plan_name` AS t2_r13, `organization`.`member_count` AS t2_r14, `organization`.`demo` AS t2_r15, `organization`.`creator_role` AS t2_r16, `organization`.`creator_org_size` AS t2_r17, `organization`.`trial_ends_at` AS t2_r18, `organization`.`creator_source` AS t2_r19, `organization`.`creator_why` AS t2_r20, `organization_settings`.`id` AS t3_r0, `organization_settings`.`key` AS t3_r1, `organization_settings`.`value` AS t3_r2, `organization_settings`.`organization_id` AS t3_r3, `organization_settings`.`created_at` AS t3_r4, `organization_settings`.`updated_at` AS t3_r5 FROM `organization_memberships` INNER JOIN `organizations` `organization` ON `organization`.`id` = `organization_memberships`.`organization_id` LEFT OUTER JOIN `organization_settings` ON `organization_settings`.`key` = 'enforce_two_factor_authentication' AND `organization_settings`.`organization_id` = `organization`.`id` LEFT OUTER JOIN `organization_membership_statuses` ON `organization_membership_statuses`.`id` = `organization_memberships`.`latest_status_id` WHERE `organization_memberships`.`user_id` = 15 AND `organization_memberships`.`discarded_at` IS NULL AND `organization`.`slug` IS NULL LIMIT 1 /*action='index',application='CampsiteApi',controller='organization_memberships'*/[0m
[1;38;5;2mapi-web           [0m |   ↳ app/controllers/api/v1/base_controller.rb:110:in `current_organization_membership'
[1;38;5;2mapi-web           [0m |   [1m[35mCACHE SQL (0.7ms)[0m  [1m[34mSELECT `organization_memberships`.`id` AS t0_r0, `organization_memberships`.`public_id` AS t0_r1, `organization_memberships`.`organization_id` AS t0_r2, `organization_memberships`.`user_id` AS t0_r3, `organization_memberships`.`created_at` AS t0_r4, `organization_memberships`.`updated_at` AS t0_r5, `organization_memberships`.`discarded_at` AS t0_r6, `organization_memberships`.`last_seen_at` AS t0_r7, `organization_memberships`.`role_name` AS t0_r8, `organization_memberships`.`latest_status_id` AS t0_r9, `organization_memberships`.`position` AS t0_r10, `organization_memberships`.`last_viewed_posts_at` AS t0_r11, `organization_memberships`.`home_last_seen_at` AS t0_r12, `organization_memberships`.`activity_last_seen_at` AS t0_r13, `organization_membership_statuses`.`id` AS t1_r0, `organization_membership_statuses`.`message` AS t1_r1, `organization_membership_statuses`.`emoji` AS t1_r2, `organization_membership_statuses`.`expires_at` AS t1_r3, `organization_membership_statuses`.`organization_membership_id` AS t1_r4, `organization_membership_statuses`.`created_at` AS t1_r5, `organization_membership_statuses`.`updated_at` AS t1_r6, `organization_membership_statuses`.`expiration_setting` AS t1_r7, `organization_membership_statuses`.`pause_notifications` AS t1_r8, `organization`.`id` AS t2_r0, `organization`.`public_id` AS t2_r1, `organization`.`name` AS t2_r2, `organization`.`slug` AS t2_r3, `organization`.`email_domain` AS t2_r4, `organization`.`billing_email` AS t2_r5, `organization`.`avatar_path` AS t2_r6, `organization`.`slack_channel_id` AS t2_r7, `organization`.`invite_token` AS t2_r8, `organization`.`creator_id` AS t2_r9, `organization`.`onboarded_at` AS t2_r10, `organization`.`created_at` AS t2_r11, `organization`.`updated_at` AS t2_r12, `organization`.`plan_name` AS t2_r13, `organization`.`member_count` AS t2_r14, `organization`.`demo` AS t2_r15, `organization`.`creator_role` AS t2_r16, `organization`.`creator_org_size` AS t2_r17, `organization`.`trial_ends_at` AS t2_r18, `organization`.`creator_source` AS t2_r19, `organization`.`creator_why` AS t2_r20, `organization_settings`.`id` AS t3_r0, `organization_settings`.`key` AS t3_r1, `organization_settings`.`value` AS t3_r2, `organization_settings`.`organization_id` AS t3_r3, `organization_settings`.`created_at` AS t3_r4, `organization_settings`.`updated_at` AS t3_r5 FROM `organization_memberships` INNER JOIN `organizations` `organization` ON `organization`.`id` = `organization_memberships`.`organization_id` LEFT OUTER JOIN `organization_settings` ON `organization_settings`.`key` = 'enforce_two_factor_authentication' AND `organization_settings`.`organization_id` = `organization`.`id` LEFT OUTER JOIN `organization_membership_statuses` ON `organization_membership_statuses`.`id` = `organization_memberships`.`latest_status_id` WHERE `organization_memberships`.`user_id` = 15 AND `organization_memberships`.`discarded_at` IS NULL AND `organization`.`slug` IS NULL LIMIT 1[0m
[1;38;5;2mapi-web           [0m |   ↳ app/controllers/api/v1/base_controller.rb:110:in `current_organization_membership'
[1;38;5;2mapi-web           [0m |   [1m[35mSQL (1.8ms)[0m  [1m[34mSELECT `organization_memberships`.`id` AS t0_r0, `organization_memberships`.`public_id` AS t0_r1, `organization_memberships`.`organization_id` AS t0_r2, `organization_memberships`.`user_id` AS t0_r3, `organization_memberships`.`created_at` AS t0_r4, `organization_memberships`.`updated_at` AS t0_r5, `organization_memberships`.`discarded_at` AS t0_r6, `organization_memberships`.`last_seen_at` AS t0_r7, `organization_memberships`.`role_name` AS t0_r8, `organization_memberships`.`latest_status_id` AS t0_r9, `organization_memberships`.`position` AS t0_r10, `organization_memberships`.`last_viewed_posts_at` AS t0_r11, `organization_memberships`.`home_last_seen_at` AS t0_r12, `organization_memberships`.`activity_last_seen_at` AS t0_r13, `organizations`.`id` AS t1_r0, `organizations`.`public_id` AS t1_r1, `organizations`.`name` AS t1_r2, `organizations`.`slug` AS t1_r3, `organizations`.`email_domain` AS t1_r4, `organizations`.`billing_email` AS t1_r5, `organizations`.`avatar_path` AS t1_r6, `organizations`.`slack_channel_id` AS t1_r7, `organizations`.`invite_token` AS t1_r8, `organizations`.`creator_id` AS t1_r9, `organizations`.`onboarded_at` AS t1_r10, `organizations`.`created_at` AS t1_r11, `organizations`.`updated_at` AS t1_r12, `organizations`.`plan_name` AS t1_r13, `organizations`.`member_count` AS t1_r14, `organizations`.`demo` AS t1_r15, `organizations`.`creator_role` AS t1_r16, `organizations`.`creator_org_size` AS t1_r17, `organizations`.`trial_ends_at` AS t1_r18, `organizations`.`creator_source` AS t1_r19, `organizations`.`creator_why` AS t1_r20, `users`.`id` AS t2_r0, `users`.`username` AS t2_r1, `users`.`name` AS t2_r2, `users`.`public_id` AS t2_r3, `users`.`avatar_path` AS t2_r4, `users`.`email` AS t2_r5, `users`.`encrypted_password` AS t2_r6, `users`.`reset_password_token` AS t2_r7, `users`.`reset_password_sent_at` AS t2_r8, `users`.`remember_created_at` AS t2_r9, `users`.`confirmation_token` AS t2_r10, `users`.`confirmed_at` AS t2_r11, `users`.`confirmation_sent_at` AS t2_r12, `users`.`unconfirmed_email` AS t2_r13, `users`.`omniauth_provider` AS t2_r14, `users`.`omniauth_uid` AS t2_r15, `users`.`onboarded_at` AS t2_r16, `users`.`created_at` AS t2_r17, `users`.`updated_at` AS t2_r18, `users`.`cover_photo_path` AS t2_r19, `users`.`login_token` AS t2_r20, `users`.`login_token_expires_at` AS t2_r21, `users`.`consumed_timestep` AS t2_r22, `users`.`otp_backup_codes` AS t2_r23, `users`.`otp_enabled` AS t2_r24, `users`.`otp_secret` AS t2_r25, `users`.`last_seen_at` AS t2_r26, `users`.`login_token_sso_id` AS t2_r27, `users`.`scheduled_email_notifications_from` AS t2_r28, `users`.`demo` AS t2_r29, `users`.`staff` AS t2_r30, `users`.`referrer` AS t2_r31, `users`.`landing_url` AS t2_r32, `users`.`notification_pause_expires_at` AS t2_r33, `users`.`preferred_timezone` AS t2_r34, `users`.`notifications_paused_at` AS t2_r35 FROM `organization_memberships` LEFT OUTER JOIN `organizations` ON `organizations`.`id` = `organization_memberships`.`organization_id` LEFT OUTER JOIN `organization_memberships` `admin_memberships_organizations_join` ON `admin_memberships_organizations_join`.`role_name` = 'admin' AND `admin_memberships_organizations_join`.`discarded_at` IS NULL AND `admin_memberships_organizations_join`.`organization_id` = `organizations`.`id` LEFT OUTER JOIN `users` ON `users`.`id` = `admin_memberships_organizations_join`.`user_id` WHERE `organization_memberships`.`user_id` = 15 AND `organization_memberships`.`discarded_at` IS NULL ORDER BY `organization_memberships`.`position` ASC, `organization_memberships`.`id` ASC /*action='index',application='CampsiteApi',controller='organization_memberships'*/[0m
[1;38;5;2mapi-web           [0m |   ↳ app/serializers/api_serializer.rb:111:in `flatten'
[1;38;5;2mapi-web           [0m | Completed 200 OK in 27ms (Views: 0.1ms | ActiveRecord: 3.1ms (4 queries, 1 cached) | GC: 0.0ms)
[1;38;5;2mapi-web           [0m | 
[1;38;5;2mapi-web           [0m | 
[1;38;5;2mapi-web           [0m | Processing by Api::V1::OrganizationsController#show as JSON
[1;38;5;2mapi-web           [0m |   Parameters: {"org_slug"=>"cosyland", "organization"=>{}}
[1;38;5;2mapi-web           [0m |   [1m[36mUser Load (1.7ms)[0m  [1m[34mSELECT `users`.* FROM `users` WHERE `users`.`id` = 15 ORDER BY `users`.`id` ASC LIMIT 1 /*action='show',application='CampsiteApi',controller='organizations'*/[0m
[1;38;5;2mapi-web           [0m |   ↳ app/controllers/concerns/current_attributable.rb:17:in `set_current_user'
[1;38;5;2mapi-web           [0m |   [1m[35mSQL (1.0ms)[0m  [1m[34mSELECT `organization_memberships`.`id` AS t0_r0, `organization_memberships`.`public_id` AS t0_r1, `organization_memberships`.`organization_id` AS t0_r2, `organization_memberships`.`user_id` AS t0_r3, `organization_memberships`.`created_at` AS t0_r4, `organization_memberships`.`updated_at` AS t0_r5, `organization_memberships`.`discarded_at` AS t0_r6, `organization_memberships`.`last_seen_at` AS t0_r7, `organization_memberships`.`role_name` AS t0_r8, `organization_memberships`.`latest_status_id` AS t0_r9, `organization_memberships`.`position` AS t0_r10, `organization_memberships`.`last_viewed_posts_at` AS t0_r11, `organization_memberships`.`home_last_seen_at` AS t0_r12, `organization_memberships`.`activity_last_seen_at` AS t0_r13, `organization_membership_statuses`.`id` AS t1_r0, `organization_membership_statuses`.`message` AS t1_r1, `organization_membership_statuses`.`emoji` AS t1_r2, `organization_membership_statuses`.`expires_at` AS t1_r3, `organization_membership_statuses`.`organization_membership_id` AS t1_r4, `organization_membership_statuses`.`created_at` AS t1_r5, `organization_membership_statuses`.`updated_at` AS t1_r6, `organization_membership_statuses`.`expiration_setting` AS t1_r7, `organization_membership_statuses`.`pause_notifications` AS t1_r8, `organization`.`id` AS t2_r0, `organization`.`public_id` AS t2_r1, `organization`.`name` AS t2_r2, `organization`.`slug` AS t2_r3, `organization`.`email_domain` AS t2_r4, `organization`.`billing_email` AS t2_r5, `organization`.`avatar_path` AS t2_r6, `organization`.`slack_channel_id` AS t2_r7, `organization`.`invite_token` AS t2_r8, `organization`.`creator_id` AS t2_r9, `organization`.`onboarded_at` AS t2_r10, `organization`.`created_at` AS t2_r11, `organization`.`updated_at` AS t2_r12, `organization`.`plan_name` AS t2_r13, `organization`.`member_count` AS t2_r14, `organization`.`demo` AS t2_r15, `organization`.`creator_role` AS t2_r16, `organization`.`creator_org_size` AS t2_r17, `organization`.`trial_ends_at` AS t2_r18, `organization`.`creator_source` AS t2_r19, `organization`.`creator_why` AS t2_r20, `organization_settings`.`id` AS t3_r0, `organization_settings`.`key` AS t3_r1, `organization_settings`.`value` AS t3_r2, `organization_settings`.`organization_id` AS t3_r3, `organization_settings`.`created_at` AS t3_r4, `organization_settings`.`updated_at` AS t3_r5 FROM `organization_memberships` INNER JOIN `organizations` `organization` ON `organization`.`id` = `organization_memberships`.`organization_id` LEFT OUTER JOIN `organization_settings` ON `organization_settings`.`key` = 'enforce_two_factor_authentication' AND `organization_settings`.`organization_id` = `organization`.`id` LEFT OUTER JOIN `organization_membership_statuses` ON `organization_membership_statuses`.`id` = `organization_memberships`.`latest_status_id` WHERE `organization_memberships`.`user_id` = 15 AND `organization_memberships`.`discarded_at` IS NULL AND `organization`.`slug` = 'cosyland' LIMIT 1 /*action='show',application='CampsiteApi',controller='organizations'*/[0m
[1;38;5;2mapi-web           [0m |   ↳ app/controllers/api/v1/base_controller.rb:110:in `current_organization_membership'
[1;38;5;2mapi-web           [0m |   [1m[36mUser Exists? (1.7ms)[0m  [1m[34mSELECT 1 AS one FROM `users` INNER JOIN `organization_memberships` ON `users`.`id` = `organization_memberships`.`user_id` WHERE `organization_memberships`.`organization_id` = 3 AND `organization_memberships`.`discarded_at` IS NULL AND `users`.`id` = 15 LIMIT 1 /*action='show',application='CampsiteApi',controller='organizations'*/[0m
[1;38;5;2mapi-web           [0m |   ↳ app/policies/organization_policy.rb:200:in `org_member?'
[1;38;5;2mapi-web           [0m |   [1m[36mCACHE User Exists? (0.7ms)[0m  [1m[34mSELECT 1 AS one FROM `users` INNER JOIN `organization_memberships` ON `users`.`id` = `organization_memberships`.`user_id` WHERE `organization_memberships`.`organization_id` = 3 AND `organization_memberships`.`discarded_at` IS NULL AND `users`.`id` = 15 LIMIT 1[0m
[1;38;5;2mapi-web           [0m |   ↳ app/policies/organization_policy.rb:200:in `org_member?'
[1;38;5;2mapi-web           [0m |   [1m[36mOrganizationMembership Load (1.4ms)[0m  [1m[34mSELECT `organization_memberships`.* FROM `organization_memberships` WHERE `organization_memberships`.`organization_id` = 3 AND `organization_memberships`.`discarded_at` IS NULL AND `organization_memberships`.`user_id` = 15 LIMIT 1 /*action='show',application='CampsiteApi',controller='organizations'*/[0m
[1;38;5;2mapi-web           [0m |   ↳ app/policies/organization_policy.rb:208:in `organization_membership'
[1;38;5;2mapi-web           [0m |   [1m[36mCACHE User Exists? (0.5ms)[0m  [1m[34mSELECT 1 AS one FROM `users` INNER JOIN `organization_memberships` ON `users`.`id` = `organization_memberships`.`user_id` WHERE `organization_memberships`.`organization_id` = 3 AND `organization_memberships`.`discarded_at` IS NULL AND `users`.`id` = 15 LIMIT 1[0m
[1;38;5;2mapi-web           [0m |   ↳ app/policies/organization_policy.rb:200:in `org_member?'
[1;38;5;2mapi-web           [0m |   [1m[36mCACHE OrganizationMembership Load (0.5ms)[0m  [1m[34mSELECT `organization_memberships`.* FROM `organization_memberships` WHERE `organization_memberships`.`organization_id` = 3 AND `organization_memberships`.`discarded_at` IS NULL AND `organization_memberships`.`user_id` = 15 LIMIT 1[0m
[1;38;5;2mapi-web           [0m |   ↳ app/policies/organization_policy.rb:208:in `organization_membership'
[1;38;5;2mapi-web           [0m |   [1m[36mCACHE User Exists? (0.5ms)[0m  [1m[34mSELECT 1 AS one FROM `users` INNER JOIN `organization_memberships` ON `users`.`id` = `organization_memberships`.`user_id` WHERE `organization_memberships`.`organization_id` = 3 AND `organization_memberships`.`discarded_at` IS NULL AND `users`.`id` = 15 LIMIT 1[0m
[1;38;5;2mapi-web           [0m |   ↳ app/policies/organization_policy.rb:200:in `org_member?'
[1;38;5;2mapi-web           [0m |   [1m[36mCACHE OrganizationMembership Load (0.5ms)[0m  [1m[34mSELECT `organization_memberships`.* FROM `organization_memberships` WHERE `organization_memberships`.`organization_id` = 3 AND `organization_memberships`.`discarded_at` IS NULL AND `organization_memberships`.`user_id` = 15 LIMIT 1[0m
[1;38;5;2mapi-web           [0m |   ↳ app/policies/organization_policy.rb:208:in `organization_membership'
[1;38;5;2mapi-web           [0m |   [1m[36mCACHE User Exists? (0.4ms)[0m  [1m[34mSELECT 1 AS one FROM `users` INNER JOIN `organization_memberships` ON `users`.`id` = `organization_memberships`.`user_id` WHERE `organization_memberships`.`organization_id` = 3 AND `organization_memberships`.`discarded_at` IS NULL AND `users`.`id` = 15 LIMIT 1[0m
[1;38;5;2mapi-web           [0m |   ↳ app/policies/organization_policy.rb:200:in `org_member?'
[1;38;5;2mapi-web           [0m |   [1m[36mCACHE OrganizationMembership Load (0.5ms)[0m  [1m[34mSELECT `organization_memberships`.* FROM `organization_memberships` WHERE `organization_memberships`.`organization_id` = 3 AND `organization_memberships`.`discarded_at` IS NULL AND `organization_memberships`.`user_id` = 15 LIMIT 1[0m
[1;38;5;2mapi-web           [0m |   ↳ app/policies/organization_policy.rb:208:in `organization_membership'
[1;38;5;2mapi-web           [0m |   [1m[36mCACHE User Exists? (0.4ms)[0m  [1m[34mSELECT 1 AS one FROM `users` INNER JOIN `organization_memberships` ON `users`.`id` = `organization_memberships`.`user_id` WHERE `organization_memberships`.`organization_id` = 3 AND `organization_memberships`.`discarded_at` IS NULL AND `users`.`id` = 15 LIMIT 1[0m
[1;38;5;2mapi-web           [0m |   ↳ app/policies/organization_policy.rb:200:in `org_member?'
[1;38;5;2mapi-web           [0m |   [1m[36mCACHE OrganizationMembership Load (0.4ms)[0m  [1m[34mSELECT `organization_memberships`.* FROM `organization_memberships` WHERE `organization_memberships`.`organization_id` = 3 AND `organization_memberships`.`discarded_at` IS NULL AND `organization_memberships`.`user_id` = 15 LIMIT 1[0m
[1;38;5;2mapi-web           [0m |   ↳ app/policies/organization_policy.rb:208:in `organization_membership'
[1;38;5;2mapi-web           [0m |   [1m[36mCACHE User Exists? (0.4ms)[0m  [1m[34mSELECT 1 AS one FROM `users` INNER JOIN `organization_memberships` ON `users`.`id` = `organization_memberships`.`user_id` WHERE `organization_memberships`.`organization_id` = 3 AND `organization_memberships`.`discarded_at` IS NULL AND `users`.`id` = 15 LIMIT 1[0m
[1;38;5;2mapi-web           [0m |   ↳ app/policies/organization_policy.rb:200:in `org_member?'
[1;38;5;2mapi-web           [0m |   [1m[36mCACHE OrganizationMembership Load (0.4ms)[0m  [1m[34mSELECT `organization_memberships`.* FROM `organization_memberships` WHERE `organization_memberships`.`organization_id` = 3 AND `organization_memberships`.`discarded_at` IS NULL AND `organization_memberships`.`user_id` = 15 LIMIT 1[0m
[1;38;5;2mapi-web           [0m |   ↳ app/policies/organization_policy.rb:208:in `organization_membership'
[1;38;5;2mapi-web           [0m |   [1m[36mCACHE User Exists? (0.4ms)[0m  [1m[34mSELECT 1 AS one FROM `users` INNER JOIN `organization_memberships` ON `users`.`id` = `organization_memberships`.`user_id` WHERE `organization_memberships`.`organization_id` = 3 AND `organization_memberships`.`discarded_at` IS NULL AND `users`.`id` = 15 LIMIT 1[0m
[1;38;5;2mapi-web           [0m |   ↳ app/policies/organization_policy.rb:200:in `org_member?'
[1;38;5;2mapi-web           [0m |   [1m[36mCACHE OrganizationMembership Load (1.3ms)[0m  [1m[34mSELECT `organization_memberships`.* FROM `organization_memberships` WHERE `organization_memberships`.`organization_id` = 3 AND `organization_memberships`.`discarded_at` IS NULL AND `organization_memberships`.`user_id` = 15 LIMIT 1[0m
[1;38;5;2mapi-web           [0m |   ↳ app/policies/organization_policy.rb:208:in `organization_membership'
[1;38;5;2mapi-web           [0m |   [1m[36mCACHE User Exists? (0.6ms)[0m  [1m[34mSELECT 1 AS one FROM `users` INNER JOIN `organization_memberships` ON `users`.`id` = `organization_memberships`.`user_id` WHERE `organization_memberships`.`organization_id` = 3 AND `organization_memberships`.`discarded_at` IS NULL AND `users`.`id` = 15 LIMIT 1[0m
[1;38;5;2mapi-web           [0m |   ↳ app/policies/organization_policy.rb:200:in `org_member?'
[1;38;5;2mapi-web           [0m |   [1m[36mCACHE OrganizationMembership Load (0.5ms)[0m  [1m[34mSELECT `organization_memberships`.* FROM `organization_memberships` WHERE `organization_memberships`.`organization_id` = 3 AND `organization_memberships`.`discarded_at` IS NULL AND `organization_memberships`.`user_id` = 15 LIMIT 1[0m
[1;38;5;2mapi-web           [0m |   ↳ app/policies/organization_policy.rb:208:in `organization_membership'
[1;38;5;2mapi-web           [0m |   [1m[36mCACHE User Exists? (0.4ms)[0m  [1m[34mSELECT 1 AS one FROM `users` INNER JOIN `organization_memberships` ON `users`.`id` = `organization_memberships`.`user_id` WHERE `organization_memberships`.`organization_id` = 3 AND `organization_memberships`.`discarded_at` IS NULL AND `users`.`id` = 15 LIMIT 1[0m
[1;38;5;2mapi-web           [0m |   ↳ app/policies/organization_policy.rb:200:in `org_member?'
[1;38;5;2mapi-web           [0m |   [1m[36mCACHE OrganizationMembership Load (0.4ms)[0m  [1m[34mSELECT `organization_memberships`.* FROM `organization_memberships` WHERE `organization_memberships`.`organization_id` = 3 AND `organization_memberships`.`discarded_at` IS NULL AND `organization_memberships`.`user_id` = 15 LIMIT 1[0m
[1;38;5;2mapi-web           [0m |   ↳ app/policies/organization_policy.rb:208:in `organization_membership'
[1;38;5;2mapi-web           [0m |   [1m[36mUser Exists? (1.6ms)[0m  [1m[34mSELECT 1 AS one FROM `users` INNER JOIN `organization_memberships` ON `users`.`id` = `organization_memberships`.`user_id` WHERE `organization_memberships`.`organization_id` = 3 AND `organization_memberships`.`role_name` = 'admin' AND `organization_memberships`.`discarded_at` IS NULL AND `users`.`id` = 15 LIMIT 1 /*action='show',application='CampsiteApi',controller='organizations'*/[0m
[1;38;5;2mapi-web           [0m |   ↳ app/models/organization.rb:159:in `admin?'
[1;38;5;2mapi-web           [0m |   [1m[36mOrganizationMembership Count (3.0ms)[0m  [1m[34mSELECT COUNT(*) FROM `organization_memberships` WHERE `organization_memberships`.`organization_id` = 3 AND `organization_memberships`.`role_name` = 'admin' AND `organization_memberships`.`discarded_at` IS NULL /*action='show',application='CampsiteApi',controller='organizations'*/[0m
[1;38;5;2mapi-web           [0m |   ↳ app/serializers/organization_serializer.rb:96:in `block in <class:OrganizationSerializer>'
[1;38;5;2mapi-web           [0m |   [1m[36mFlipper::Adapters::ActiveRecord::Gate Pluck (1.4ms)[0m  [1m[34mSELECT `flipper_gates`.`feature_key`, `flipper_gates`.`key`, `flipper_gates`.`value` FROM `flipper_gates` WHERE `flipper_gates`.`feature_key` IN ('slack_auto_publish', 'sidebar_dms', 'my_work', 'max_w_chat', 'archive_notifications', 'relative_time', 'firehose', 'grouped_notifications', 'comfy_compact_layout', 'message_email_notifications', 'integration_dms', 'chat_channels', 'channel_split_view', 'no_emoji_accessories', 'export', 'api_endpoint_list_members', 'api_endpoint_list_posts', 'multi_org_apps') /*action='show',application='CampsiteApi',controller='organizations'*/[0m
[1;38;5;2mapi-web           [0m |   ↳ app/models/organization.rb:414:in `features'
[1;38;5;2mapi-web           [0m |   [1m[36mFlipper feature(slack_auto_publish) enabled? false (0.1ms)[0m  [ actors=[#<Flipper::Types::Actor:0x00007f33083357d8 @actor=#<Organization id: 3, public_id: "tefy9r4751zw", name: "COSYLAND", slug: "cosyland", email_domain: nil, billing_email: "faiz@cosy.land", avatar_path: "o/tefy9r4751zw/a/3003be93-ed27-44af-ab1a-c0e0bfd18...", slack_channel_id: nil, invite_token: [FILTERED], creator_id: 15, onboarded_at: nil, created_at: "2025-01-20 21:39:20.891431000 +0000", updated_at: "2025-01-20 22:23:10.189602000 +0000", plan_name: "pro", member_count: 5, demo: false, creator_role: "software-engineer", creator_org_size: "2-5", trial_ends_at: "2025-02-03 21:39:20.837882000 +0000", creator_source: "colleague-friend", creator_why: "Building products together as a team">, @value="Organization;3">] ]
[1;38;5;2mapi-web           [0m |   [1m[36mFlipper feature(sidebar_dms) enabled? false (0.0ms)[0m  [ actors=[#<Flipper::Types::Actor:0x00007f3308330d00 @actor=#<Organization id: 3, public_id: "tefy9r4751zw", name: "COSYLAND", slug: "cosyland", email_domain: nil, billing_email: "faiz@cosy.land", avatar_path: "o/tefy9r4751zw/a/3003be93-ed27-44af-ab1a-c0e0bfd18...", slack_channel_id: nil, invite_token: [FILTERED], creator_id: 15, onboarded_at: nil, created_at: "2025-01-20 21:39:20.891431000 +0000", updated_at: "2025-01-20 22:23:10.189602000 +0000", plan_name: "pro", member_count: 5, demo: false, creator_role: "software-engineer", creator_org_size: "2-5", trial_ends_at: "2025-02-03 21:39:20.837882000 +0000", creator_source: "colleague-friend", creator_why: "Building products together as a team">, @value="Organization;3">] ]
[1;38;5;2mapi-web           [0m |   [1m[36mFlipper feature(my_work) enabled? false (0.0ms)[0m  [ actors=[#<Flipper::Types::Actor:0x00007f330827f988 @actor=#<Organization id: 3, public_id: "tefy9r4751zw", name: "COSYLAND", slug: "cosyland", email_domain: nil, billing_email: "faiz@cosy.land", avatar_path: "o/tefy9r4751zw/a/3003be93-ed27-44af-ab1a-c0e0bfd18...", slack_channel_id: nil, invite_token: [FILTERED], creator_id: 15, onboarded_at: nil, created_at: "2025-01-20 21:39:20.891431000 +0000", updated_at: "2025-01-20 22:23:10.189602000 +0000", plan_name: "pro", member_count: 5, demo: false, creator_role: "software-engineer", creator_org_size: "2-5", trial_ends_at: "2025-02-03 21:39:20.837882000 +0000", creator_source: "colleague-friend", creator_why: "Building products together as a team">, @value="Organization;3">] ]
[1;38;5;2mapi-web           [0m |   [1m[36mFlipper feature(max_w_chat) enabled? false (0.0ms)[0m  [ actors=[#<Flipper::Types::Actor:0x00007f330827e6a0 @actor=#<Organization id: 3, public_id: "tefy9r4751zw", name: "COSYLAND", slug: "cosyland", email_domain: nil, billing_email: "faiz@cosy.land", avatar_path: "o/tefy9r4751zw/a/3003be93-ed27-44af-ab1a-c0e0bfd18...", slack_channel_id: nil, invite_token: [FILTERED], creator_id: 15, onboarded_at: nil, created_at: "2025-01-20 21:39:20.891431000 +0000", updated_at: "2025-01-20 22:23:10.189602000 +0000", plan_name: "pro", member_count: 5, demo: false, creator_role: "software-engineer", creator_org_size: "2-5", trial_ends_at: "2025-02-03 21:39:20.837882000 +0000", creator_source: "colleague-friend", creator_why: "Building products together as a team">, @value="Organization;3">] ]
[1;38;5;2mapi-web           [0m |   [1m[36mFlipper feature(archive_notifications) enabled? false (0.0ms)[0m  [ actors=[#<Flipper::Types::Actor:0x00007f330827d570 @actor=#<Organization id: 3, public_id: "tefy9r4751zw", name: "COSYLAND", slug: "cosyland", email_domain: nil, billing_email: "faiz@cosy.land", avatar_path: "o/tefy9r4751zw/a/3003be93-ed27-44af-ab1a-c0e0bfd18...", slack_channel_id: nil, invite_token: [FILTERED], creator_id: 15, onboarded_at: nil, created_at: "2025-01-20 21:39:20.891431000 +0000", updated_at: "2025-01-20 22:23:10.189602000 +0000", plan_name: "pro", member_count: 5, demo: false, creator_role: "software-engineer", creator_org_size: "2-5", trial_ends_at: "2025-02-03 21:39:20.837882000 +0000", creator_source: "colleague-friend", creator_why: "Building products together as a team">, @value="Organization;3">] ]
[1;38;5;2mapi-web           [0m |   [1m[36mFlipper feature(relative_time) enabled? false (0.0ms)[0m  [ actors=[#<Flipper::Types::Actor:0x00007f330827c260 @actor=#<Organization id: 3, public_id: "tefy9r4751zw", name: "COSYLAND", slug: "cosyland", email_domain: nil, billing_email: "faiz@cosy.land", avatar_path: "o/tefy9r4751zw/a/3003be93-ed27-44af-ab1a-c0e0bfd18...", slack_channel_id: nil, invite_token: [FILTERED], creator_id: 15, onboarded_at: nil, created_at: "2025-01-20 21:39:20.891431000 +0000", updated_at: "2025-01-20 22:23:10.189602000 +0000", plan_name: "pro", member_count: 5, demo: false, creator_role: "software-engineer", creator_org_size: "2-5", trial_ends_at: "2025-02-03 21:39:20.837882000 +0000", creator_source: "colleague-friend", creator_why: "Building products together as a team">, @value="Organization;3">] ]
[1;38;5;2mapi-web           [0m |   [1m[36mFlipper feature(firehose) enabled? false (0.0ms)[0m  [ actors=[#<Flipper::Types::Actor:0x00007f330827aff0 @actor=#<Organization id: 3, public_id: "tefy9r4751zw", name: "COSYLAND", slug: "cosyland", email_domain: nil, billing_email: "faiz@cosy.land", avatar_path: "o/tefy9r4751zw/a/3003be93-ed27-44af-ab1a-c0e0bfd18...", slack_channel_id: nil, invite_token: [FILTERED], creator_id: 15, onboarded_at: nil, created_at: "2025-01-20 21:39:20.891431000 +0000", updated_at: "2025-01-20 22:23:10.189602000 +0000", plan_name: "pro", member_count: 5, demo: false, creator_role: "software-engineer", creator_org_size: "2-5", trial_ends_at: "2025-02-03 21:39:20.837882000 +0000", creator_source: "colleague-friend", creator_why: "Building products together as a team">, @value="Organization;3">] ]
[1;38;5;2mapi-web           [0m |   [1m[36mFlipper feature(grouped_notifications) enabled? false (0.0ms)[0m  [ actors=[#<Flipper::Types::Actor:0x00007f3308279d58 @actor=#<Organization id: 3, public_id: "tefy9r4751zw", name: "COSYLAND", slug: "cosyland", email_domain: nil, billing_email: "faiz@cosy.land", avatar_path: "o/tefy9r4751zw/a/3003be93-ed27-44af-ab1a-c0e0bfd18...", slack_channel_id: nil, invite_token: [FILTERED], creator_id: 15, onboarded_at: nil, created_at: "2025-01-20 21:39:20.891431000 +0000", updated_at: "2025-01-20 22:23:10.189602000 +0000", plan_name: "pro", member_count: 5, demo: false, creator_role: "software-engineer", creator_org_size: "2-5", trial_ends_at: "2025-02-03 21:39:20.837882000 +0000", creator_source: "colleague-friend", creator_why: "Building products together as a team">, @value="Organization;3">] ]
[1;38;5;2mapi-web           [0m |   [1m[36mFlipper feature(comfy_compact_layout) enabled? false (0.0ms)[0m  [ actors=[#<Flipper::Types::Actor:0x00007f3308278f20 @actor=#<Organization id: 3, public_id: "tefy9r4751zw", name: "COSYLAND", slug: "cosyland", email_domain: nil, billing_email: "faiz@cosy.land", avatar_path: "o/tefy9r4751zw/a/3003be93-ed27-44af-ab1a-c0e0bfd18...", slack_channel_id: nil, invite_token: [FILTERED], creator_id: 15, onboarded_at: nil, created_at: "2025-01-20 21:39:20.891431000 +0000", updated_at: "2025-01-20 22:23:10.189602000 +0000", plan_name: "pro", member_count: 5, demo: false, creator_role: "software-engineer", creator_org_size: "2-5", trial_ends_at: "2025-02-03 21:39:20.837882000 +0000", creator_source: "colleague-friend", creator_why: "Building products together as a team">, @value="Organization;3">] ]
[1;38;5;2mapi-web           [0m |   [1m[36mFlipper feature(message_email_notifications) enabled? false (0.0ms)[0m  [ actors=[#<Flipper::Types::Actor:0x00007f3308277cb0 @actor=#<Organization id: 3, public_id: "tefy9r4751zw", name: "COSYLAND", slug: "cosyland", email_domain: nil, billing_email: "faiz@cosy.land", avatar_path: "o/tefy9r4751zw/a/3003be93-ed27-44af-ab1a-c0e0bfd18...", slack_channel_id: nil, invite_token: [FILTERED], creator_id: 15, onboarded_at: nil, created_at: "2025-01-20 21:39:20.891431000 +0000", updated_at: "2025-01-20 22:23:10.189602000 +0000", plan_name: "pro", member_count: 5, demo: false, creator_role: "software-engineer", creator_org_size: "2-5", trial_ends_at: "2025-02-03 21:39:20.837882000 +0000", creator_source: "colleague-friend", creator_why: "Building products together as a team">, @value="Organization;3">] ]
[1;38;5;2mapi-web           [0m |   [1m[36mFlipper feature(integration_dms) enabled? false (0.0ms)[0m  [ actors=[#<Flipper::Types::Actor:0x00007f3308276928 @actor=#<Organization id: 3, public_id: "tefy9r4751zw", name: "COSYLAND", slug: "cosyland", email_domain: nil, billing_email: "faiz@cosy.land", avatar_path: "o/tefy9r4751zw/a/3003be93-ed27-44af-ab1a-c0e0bfd18...", slack_channel_id: nil, invite_token: [FILTERED], creator_id: 15, onboarded_at: nil, created_at: "2025-01-20 21:39:20.891431000 +0000", updated_at: "2025-01-20 22:23:10.189602000 +0000", plan_name: "pro", member_count: 5, demo: false, creator_role: "software-engineer", creator_org_size: "2-5", trial_ends_at: "2025-02-03 21:39:20.837882000 +0000", creator_source: "colleague-friend", creator_why: "Building products together as a team">, @value="Organization;3">] ]
[1;38;5;2mapi-web           [0m |   [1m[36mFlipper feature(chat_channels) enabled? false (0.0ms)[0m  [ actors=[#<Flipper::Types::Actor:0x00007f3308275af0 @actor=#<Organization id: 3, public_id: "tefy9r4751zw", name: "COSYLAND", slug: "cosyland", email_domain: nil, billing_email: "faiz@cosy.land", avatar_path: "o/tefy9r4751zw/a/3003be93-ed27-44af-ab1a-c0e0bfd18...", slack_channel_id: nil, invite_token: [FILTERED], creator_id: 15, onboarded_at: nil, created_at: "2025-01-20 21:39:20.891431000 +0000", updated_at: "2025-01-20 22:23:10.189602000 +0000", plan_name: "pro", member_count: 5, demo: false, creator_role: "software-engineer", creator_org_size: "2-5", trial_ends_at: "2025-02-03 21:39:20.837882000 +0000", creator_source: "colleague-friend", creator_why: "Building products together as a team">, @value="Organization;3">] ]
[1;38;5;2mapi-web           [0m |   [1m[36mFlipper feature(channel_split_view) enabled? false (0.0ms)[0m  [ actors=[#<Flipper::Types::Actor:0x00007f3308274c90 @actor=#<Organization id: 3, public_id: "tefy9r4751zw", name: "COSYLAND", slug: "cosyland", email_domain: nil, billing_email: "faiz@cosy.land", avatar_path: "o/tefy9r4751zw/a/3003be93-ed27-44af-ab1a-c0e0bfd18...", slack_channel_id: nil, invite_token: [FILTERED], creator_id: 15, onboarded_at: nil, created_at: "2025-01-20 21:39:20.891431000 +0000", updated_at: "2025-01-20 22:23:10.189602000 +0000", plan_name: "pro", member_count: 5, demo: false, creator_role: "software-engineer", creator_org_size: "2-5", trial_ends_at: "2025-02-03 21:39:20.837882000 +0000", creator_source: "colleague-friend", creator_why: "Building products together as a team">, @value="Organization;3">] ]
[1;38;5;2mapi-web           [0m |   [1m[36mFlipper feature(no_emoji_accessories) enabled? false (0.0ms)[0m  [ actors=[#<Flipper::Types::Actor:0x00007f33082739a8 @actor=#<Organization id: 3, public_id: "tefy9r4751zw", name: "COSYLAND", slug: "cosyland", email_domain: nil, billing_email: "faiz@cosy.land", avatar_path: "o/tefy9r4751zw/a/3003be93-ed27-44af-ab1a-c0e0bfd18...", slack_channel_id: nil, invite_token: [FILTERED], creator_id: 15, onboarded_at: nil, created_at: "2025-01-20 21:39:20.891431000 +0000", updated_at: "2025-01-20 22:23:10.189602000 +0000", plan_name: "pro", member_count: 5, demo: false, creator_role: "software-engineer", creator_org_size: "2-5", trial_ends_at: "2025-02-03 21:39:20.837882000 +0000", creator_source: "colleague-friend", creator_why: "Building products together as a team">, @value="Organization;3">] ]
[1;38;5;2mapi-web           [0m |   [1m[36mFlipper feature(export) enabled? false (0.0ms)[0m  [ actors=[#<Flipper::Types::Actor:0x00007f3308272800 @actor=#<Organization id: 3, public_id: "tefy9r4751zw", name: "COSYLAND", slug: "cosyland", email_domain: nil, billing_email: "faiz@cosy.land", avatar_path: "o/tefy9r4751zw/a/3003be93-ed27-44af-ab1a-c0e0bfd18...", slack_channel_id: nil, invite_token: [FILTERED], creator_id: 15, onboarded_at: nil, created_at: "2025-01-20 21:39:20.891431000 +0000", updated_at: "2025-01-20 22:23:10.189602000 +0000", plan_name: "pro", member_count: 5, demo: false, creator_role: "software-engineer", creator_org_size: "2-5", trial_ends_at: "2025-02-03 21:39:20.837882000 +0000", creator_source: "colleague-friend", creator_why: "Building products together as a team">, @value="Organization;3">] ]
[1;38;5;2mapi-web           [0m |   [1m[36mFlipper feature(api_endpoint_list_members) enabled? false (0.0ms)[0m  [ actors=[#<Flipper::Types::Actor:0x00007f33082717e8 @actor=#<Organization id: 3, public_id: "tefy9r4751zw", name: "COSYLAND", slug: "cosyland", email_domain: nil, billing_email: "faiz@cosy.land", avatar_path: "o/tefy9r4751zw/a/3003be93-ed27-44af-ab1a-c0e0bfd18...", slack_channel_id: nil, invite_token: [FILTERED], creator_id: 15, onboarded_at: nil, created_at: "2025-01-20 21:39:20.891431000 +0000", updated_at: "2025-01-20 22:23:10.189602000 +0000", plan_name: "pro", member_count: 5, demo: false, creator_role: "software-engineer", creator_org_size: "2-5", trial_ends_at: "2025-02-03 21:39:20.837882000 +0000", creator_source: "colleague-friend", creator_why: "Building products together as a team">, @value="Organization;3">] ]
[1;38;5;2mapi-web           [0m |   [1m[36mFlipper feature(api_endpoint_list_posts) enabled? false (0.0ms)[0m  [ actors=[#<Flipper::Types::Actor:0x00007f3308270370 @actor=#<Organization id: 3, public_id: "tefy9r4751zw", name: "COSYLAND", slug: "cosyland", email_domain: nil, billing_email: "faiz@cosy.land", avatar_path: "o/tefy9r4751zw/a/3003be93-ed27-44af-ab1a-c0e0bfd18...", slack_channel_id: nil, invite_token: [FILTERED], creator_id: 15, onboarded_at: nil, created_at: "2025-01-20 21:39:20.891431000 +0000", updated_at: "2025-01-20 22:23:10.189602000 +0000", plan_name: "pro", member_count: 5, demo: false, creator_role: "software-engineer", creator_org_size: "2-5", trial_ends_at: "2025-02-03 21:39:20.837882000 +0000", creator_source: "colleague-friend", creator_why: "Building products together as a team">, @value="Organization;3">] ]
[1;38;5;2mapi-web           [0m |   [1m[36mFlipper feature(multi_org_apps) enabled? false (0.0ms)[0m  [ actors=[#<Flipper::Types::Actor:0x00007f33081af008 @actor=#<Organization id: 3, public_id: "tefy9r4751zw", name: "COSYLAND", slug: "cosyland", email_domain: nil, billing_email: "faiz@cosy.land", avatar_path: "o/tefy9r4751zw/a/3003be93-ed27-44af-ab1a-c0e0bfd18...", slack_channel_id: nil, invite_token: [FILTERED], creator_id: 15, onboarded_at: nil, created_at: "2025-01-20 21:39:20.891431000 +0000", updated_at: "2025-01-20 22:23:10.189602000 +0000", plan_name: "pro", member_count: 5, demo: false, creator_role: "software-engineer", creator_org_size: "2-5", trial_ends_at: "2025-02-03 21:39:20.837882000 +0000", creator_source: "colleague-friend", creator_why: "Building products together as a team">, @value="Organization;3">] ]
[1;38;5;2mapi-web           [0m | Completed 200 OK in 202ms (Views: 0.2ms | ActiveRecord: 31.7ms (24 queries, 17 cached) | GC: 3.7ms)
[1;38;5;2mapi-web           [0m | 
[1;38;5;2mapi-web           [0m | 
[1;38;5;2mapi-web           [0m | Started GET "/v1/organizations/cosyland/membership-requests" for 87.75.141.139 at 2025-01-24 00:34:14 +0100
[1;38;5;2mapi-web           [0m | Cannot render console from 172.68.205.201! Allowed networks: 127.0.0.0/127.255.255.255, ::1
[1;38;5;2mapi-web           [0m | Started GET "/v1/users/me/notifications/unread/all_count" for 87.75.141.139 at 2025-01-24 00:34:14 +0100
[1;38;5;2mapi-web           [0m | Cannot render console from 172.68.205.201! Allowed networks: 127.0.0.0/127.255.255.255, ::1
[1;38;5;2mapi-web           [0m | Started GET "/v1/organizations/cosyland/members/me/personal_draft_posts?order%5Bby%5D=last_activity_at&order%5Bdirection%5D=desc&limit=20" for 87.75.141.139 at 2025-01-24 00:34:14 +0100
[1;38;5;2mapi-web           [0m | Cannot render console from 172.68.205.200! Allowed networks: 127.0.0.0/127.255.255.255, ::1
[1;38;5;2mapi-web           [0m | Started GET "/v1/organizations/cosyland/favorites" for 87.75.141.139 at 2025-01-24 00:34:14 +0100
[1;38;5;2mapi-web           [0m | Started GET "/v1/organizations/cosyland/sync/projects" for 87.75.141.139 at 2025-01-24 00:34:14 +0100
[1;38;5;2mapi-web           [0m | Cannot render console from 172.68.205.201! Allowed networks: 127.0.0.0/127.255.255.255, ::1
[1;38;5;2mapi-web           [0m | Cannot render console from 172.68.205.201! Allowed networks: 127.0.0.0/127.255.255.255, ::1
[1;38;5;2mapi-web           [0m | Started GET "/v1/organizations/cosyland/features" for 87.75.141.139 at 2025-01-24 00:34:14 +0100
[1;38;5;2mapi-web           [0m | Started GET "/v1/organizations/cosyland/sync/members" for 87.75.141.139 at 2025-01-24 00:34:14 +0100
[1;38;5;2mapi-web           [0m | Cannot render console from 172.68.205.201! Allowed networks: 127.0.0.0/127.255.255.255, ::1
[1;38;5;2mapi-web           [0m | Cannot render console from 172.68.205.201! Allowed networks: 127.0.0.0/127.255.255.255, ::1
[1;38;5;2mapi-web           [0m | Started GET "/v1/organizations/cosyland/members?q=&limit=50&order%5Bby%5D=last_seen_at&order%5Bdirection%5D=desc" for 87.75.141.139 at 2025-01-24 00:34:14 +0100
[1;38;5;2mapi-web           [0m | Cannot render console from 172.68.205.200! Allowed networks: 127.0.0.0/127.255.255.255, ::1
[1;38;5;2mapi-web           [0m | Processing by Api::V1::OrganizationMembershipRequestsController#index as JSON
[1;38;5;2mapi-web           [0m |   Parameters: {"org_slug"=>"cosyland", "organization_membership_request"=>{}}
[1;38;5;2mapi-web           [0m |   [1m[36mUser Load (2.5ms)[0m  [1m[34mSELECT `users`.* FROM `users` WHERE `users`.`id` = 15 ORDER BY `users`.`id` ASC LIMIT 1 /*action='index',application='CampsiteApi',controller='organization_membership_requests'*/[0m
[1;38;5;2mapi-web           [0m |   ↳ app/controllers/concerns/current_attributable.rb:17:in `set_current_user'
[1;38;5;2mapi-web           [0m | Started GET "/v1/users/me/notification_schedule" for 87.75.141.139 at 2025-01-24 00:34:14 +0100
[1;38;5;2mapi-web           [0m | Cannot render console from 172.68.205.200! Allowed networks: 127.0.0.0/127.255.255.255, ::1
[1;38;5;42mweb               [0m |  [31m[1m⨯[22m[39m Error: [@octokit/auth-app] appId option is required
[1;38;5;42mweb               [0m |     at createAppAuth (file:///home/faiz/campsite/campsite/node_modules/[4m.pnpm[24m/@octokit+auth-app@7.1.0/node_modules/[4m@octokit[24m/auth-app/dist-node/index.js:393:11)
[1;38;5;42mweb               [0m |     at new Octokit (file:///home/faiz/campsite/campsite/node_modules/[4m.pnpm[24m/@octokit+core@6.1.2/node_modules/[4m@octokit[24m/core/dist-src/index.js:100:20)
[1;38;5;42mweb               [0m |     at [90m/home/faiz/campsite/campsite/apps/web/[39m.next/server/pages/api/latest-release.js:1:1052
[1;38;5;2mapi-web           [0m | Started GET "/v1/organizations/cosyland/project_memberships" for 87.75.141.139 at 2025-01-24 00:34:14 +0100
[1;38;5;2mapi-web           [0m | Cannot render console from 172.68.205.201! Allowed networks: 127.0.0.0/127.255.255.255, ::1
[1;38;5;2mapi-web           [0m |   [1m[35mSQL (6.1ms)[0m  [1m[34mSELECT `organization_memberships`.`id` AS t0_r0, `organization_memberships`.`public_id` AS t0_r1, `organization_memberships`.`organization_id` AS t0_r2, `organization_memberships`.`user_id` AS t0_r3, `organization_memberships`.`created_at` AS t0_r4, `organization_memberships`.`updated_at` AS t0_r5, `organization_memberships`.`discarded_at` AS t0_r6, `organization_memberships`.`last_seen_at` AS t0_r7, `organization_memberships`.`role_name` AS t0_r8, `organization_memberships`.`latest_status_id` AS t0_r9, `organization_memberships`.`position` AS t0_r10, `organization_memberships`.`last_viewed_posts_at` AS t0_r11, `organization_memberships`.`home_last_seen_at` AS t0_r12, `organization_memberships`.`activity_last_seen_at` AS t0_r13, `organization_membership_statuses`.`id` AS t1_r0, `organization_membership_statuses`.`message` AS t1_r1, `organization_membership_statuses`.`emoji` AS t1_r2, `organization_membership_statuses`.`expires_at` AS t1_r3, `organization_membership_statuses`.`organization_membership_id` AS t1_r4, `organization_membership_statuses`.`created_at` AS t1_r5, `organization_membership_statuses`.`updated_at` AS t1_r6, `organization_membership_statuses`.`expiration_setting` AS t1_r7, `organization_membership_statuses`.`pause_notifications` AS t1_r8, `organization`.`id` AS t2_r0, `organization`.`public_id` AS t2_r1, `organization`.`name` AS t2_r2, `organization`.`slug` AS t2_r3, `organization`.`email_domain` AS t2_r4, `organization`.`billing_email` AS t2_r5, `organization`.`avatar_path` AS t2_r6, `organization`.`slack_channel_id` AS t2_r7, `organization`.`invite_token` AS t2_r8, `organization`.`creator_id` AS t2_r9, `organization`.`onboarded_at` AS t2_r10, `organization`.`created_at` AS t2_r11, `organization`.`updated_at` AS t2_r12, `organization`.`plan_name` AS t2_r13, `organization`.`member_count` AS t2_r14, `organization`.`demo` AS t2_r15, `organization`.`creator_role` AS t2_r16, `organization`.`creator_org_size` AS t2_r17, `organization`.`trial_ends_at` AS t2_r18, `organization`.`creator_source` AS t2_r19, `organization`.`creator_why` AS t2_r20, `organization_settings`.`id` AS t3_r0, `organization_settings`.`key` AS t3_r1, `organization_settings`.`value` AS t3_r2, `organization_settings`.`organization_id` AS t3_r3, `organization_settings`.`created_at` AS t3_r4, `organization_settings`.`updated_at` AS t3_r5 FROM `organization_memberships` INNER JOIN `organizations` `organization` ON `organization`.`id` = `organization_memberships`.`organization_id` LEFT OUTER JOIN `organization_settings` ON `organization_settings`.`key` = 'enforce_two_factor_authentication' AND `organization_settings`.`organization_id` = `organization`.`id` LEFT OUTER JOIN `organization_membership_statuses` ON `organization_membership_statuses`.`id` = `organization_memberships`.`latest_status_id` WHERE `organization_memberships`.`user_id` = 15 AND `organization_memberships`.`discarded_at` IS NULL AND `organization`.`slug` = 'cosyland' LIMIT 1 /*action='index',application='CampsiteApi',controller='organization_membership_requests'*/[0m
[1;38;5;2mapi-web           [0m |   ↳ app/controllers/api/v1/base_controller.rb:110:in `current_organization_membership'
[1;38;5;2mapi-web           [0m |   [1m[36mUser Exists? (3.3ms)[0m  [1m[34mSELECT 1 AS one FROM `users` INNER JOIN `organization_memberships` ON `users`.`id` = `organization_memberships`.`user_id` WHERE `organization_memberships`.`organization_id` = 3 AND `organization_memberships`.`role_name` = 'admin' AND `organization_memberships`.`discarded_at` IS NULL AND `users`.`id` = 15 LIMIT 1 /*action='index',application='CampsiteApi',controller='organization_membership_requests'*/[0m
[1;38;5;2mapi-web           [0m |   ↳ app/models/organization.rb:159:in `admin?'
[1;38;5;2mapi-web           [0m |   [1m[36mOrganizationMembershipRequest Load (3.7ms)[0m  [1m[34mSELECT `organization_membership_requests`.* FROM `organization_membership_requests` WHERE `organization_membership_requests`.`organization_id` = 3 ORDER BY organization_membership_requests.id desc LIMIT 51 /*action='index',application='CampsiteApi',controller='organization_membership_requests'*/[0m
[1;38;5;2mapi-web           [0m |   ↳ lib/cursor_pagination.rb:67:in `run'
[1;38;5;2mapi-web           [0m | Completed 200 OK in 79ms (Views: 0.1ms | ActiveRecord: 17.0ms (4 queries, 0 cached) | GC: 0.0ms)
[1;38;5;2mapi-web           [0m | 
[1;38;5;2mapi-web           [0m | 
[1;38;5;2mapi-web           [0m | Started GET "/v1/organizations/cosyland/members/me/for_me_posts?order%5Bby%5D=last_activity_at&order%5Bdirection%5D=desc&q=&limit=20&hide_resolved=false" for 87.75.141.139 at 2025-01-24 00:34:14 +0100
[1;38;5;2mapi-web           [0m | Cannot render console from 172.68.205.201! Allowed networks: 127.0.0.0/127.255.255.255, ::1
[1;38;5;2mapi-web           [0m | Processing by Api::V1::Users::Notifications::Unread::CountsController#show as JSON
[1;38;5;2mapi-web           [0m |   Parameters: {"count"=>{}}
[1;38;5;2mapi-web           [0m |   [1m[36mUser Load (2.1ms)[0m  [1m[34mSELECT `users`.* FROM `users` WHERE `users`.`id` = 15 ORDER BY `users`.`id` ASC LIMIT 1 /*action='show',application='CampsiteApi',controller='counts'*/[0m
[1;38;5;2mapi-web           [0m |   ↳ app/controllers/concerns/current_attributable.rb:17:in `set_current_user'
[1;38;5;2mapi-web           [0m |   [1m[35mSQL (1.6ms)[0m  [1m[34mSELECT `organization_memberships`.`id` AS t0_r0, `organization_memberships`.`public_id` AS t0_r1, `organization_memberships`.`organization_id` AS t0_r2, `organization_memberships`.`user_id` AS t0_r3, `organization_memberships`.`created_at` AS t0_r4, `organization_memberships`.`updated_at` AS t0_r5, `organization_memberships`.`discarded_at` AS t0_r6, `organization_memberships`.`last_seen_at` AS t0_r7, `organization_memberships`.`role_name` AS t0_r8, `organization_memberships`.`latest_status_id` AS t0_r9, `organization_memberships`.`position` AS t0_r10, `organization_memberships`.`last_viewed_posts_at` AS t0_r11, `organization_memberships`.`home_last_seen_at` AS t0_r12, `organization_memberships`.`activity_last_seen_at` AS t0_r13, `organization_membership_statuses`.`id` AS t1_r0, `organization_membership_statuses`.`message` AS t1_r1, `organization_membership_statuses`.`emoji` AS t1_r2, `organization_membership_statuses`.`expires_at` AS t1_r3, `organization_membership_statuses`.`organization_membership_id` AS t1_r4, `organization_membership_statuses`.`created_at` AS t1_r5, `organization_membership_statuses`.`updated_at` AS t1_r6, `organization_membership_statuses`.`expiration_setting` AS t1_r7, `organization_membership_statuses`.`pause_notifications` AS t1_r8, `organization`.`id` AS t2_r0, `organization`.`public_id` AS t2_r1, `organization`.`name` AS t2_r2, `organization`.`slug` AS t2_r3, `organization`.`email_domain` AS t2_r4, `organization`.`billing_email` AS t2_r5, `organization`.`avatar_path` AS t2_r6, `organization`.`slack_channel_id` AS t2_r7, `organization`.`invite_token` AS t2_r8, `organization`.`creator_id` AS t2_r9, `organization`.`onboarded_at` AS t2_r10, `organization`.`created_at` AS t2_r11, `organization`.`updated_at` AS t2_r12, `organization`.`plan_name` AS t2_r13, `organization`.`member_count` AS t2_r14, `organization`.`demo` AS t2_r15, `organization`.`creator_role` AS t2_r16, `organization`.`creator_org_size` AS t2_r17, `organization`.`trial_ends_at` AS t2_r18, `organization`.`creator_source` AS t2_r19, `organization`.`creator_why` AS t2_r20, `organization_settings`.`id` AS t3_r0, `organization_settings`.`key` AS t3_r1, `organization_settings`.`value` AS t3_r2, `organization_settings`.`organization_id` AS t3_r3, `organization_settings`.`created_at` AS t3_r4, `organization_settings`.`updated_at` AS t3_r5 FROM `organization_memberships` INNER JOIN `organizations` `organization` ON `organization`.`id` = `organization_memberships`.`organization_id` LEFT OUTER JOIN `organization_settings` ON `organization_settings`.`key` = 'enforce_two_factor_authentication' AND `organization_settings`.`organization_id` = `organization`.`id` LEFT OUTER JOIN `organization_membership_statuses` ON `organization_membership_statuses`.`id` = `organization_memberships`.`latest_status_id` WHERE `organization_memberships`.`user_id` = 15 AND `organization_memberships`.`discarded_at` IS NULL AND `organization`.`slug` IS NULL LIMIT 1 /*action='show',application='CampsiteApi',controller='counts'*/[0m
[1;38;5;2mapi-web           [0m |   ↳ app/controllers/api/v1/base_controller.rb:110:in `current_organization_membership'
[1;38;5;2mapi-web           [0m |   [1m[35mCACHE SQL (0.4ms)[0m  [1m[34mSELECT `organization_memberships`.`id` AS t0_r0, `organization_memberships`.`public_id` AS t0_r1, `organization_memberships`.`organization_id` AS t0_r2, `organization_memberships`.`user_id` AS t0_r3, `organization_memberships`.`created_at` AS t0_r4, `organization_memberships`.`updated_at` AS t0_r5, `organization_memberships`.`discarded_at` AS t0_r6, `organization_memberships`.`last_seen_at` AS t0_r7, `organization_memberships`.`role_name` AS t0_r8, `organization_memberships`.`latest_status_id` AS t0_r9, `organization_memberships`.`position` AS t0_r10, `organization_memberships`.`last_viewed_posts_at` AS t0_r11, `organization_memberships`.`home_last_seen_at` AS t0_r12, `organization_memberships`.`activity_last_seen_at` AS t0_r13, `organization_membership_statuses`.`id` AS t1_r0, `organization_membership_statuses`.`message` AS t1_r1, `organization_membership_statuses`.`emoji` AS t1_r2, `organization_membership_statuses`.`expires_at` AS t1_r3, `organization_membership_statuses`.`organization_membership_id` AS t1_r4, `organization_membership_statuses`.`created_at` AS t1_r5, `organization_membership_statuses`.`updated_at` AS t1_r6, `organization_membership_statuses`.`expiration_setting` AS t1_r7, `organization_membership_statuses`.`pause_notifications` AS t1_r8, `organization`.`id` AS t2_r0, `organization`.`public_id` AS t2_r1, `organization`.`name` AS t2_r2, `organization`.`slug` AS t2_r3, `organization`.`email_domain` AS t2_r4, `organization`.`billing_email` AS t2_r5, `organization`.`avatar_path` AS t2_r6, `organization`.`slack_channel_id` AS t2_r7, `organization`.`invite_token` AS t2_r8, `organization`.`creator_id` AS t2_r9, `organization`.`onboarded_at` AS t2_r10, `organization`.`created_at` AS t2_r11, `organization`.`updated_at` AS t2_r12, `organization`.`plan_name` AS t2_r13, `organization`.`member_count` AS t2_r14, `organization`.`demo` AS t2_r15, `organization`.`creator_role` AS t2_r16, `organization`.`creator_org_size` AS t2_r17, `organization`.`trial_ends_at` AS t2_r18, `organization`.`creator_source` AS t2_r19, `organization`.`creator_why` AS t2_r20, `organization_settings`.`id` AS t3_r0, `organization_settings`.`key` AS t3_r1, `organization_settings`.`value` AS t3_r2, `organization_settings`.`organization_id` AS t3_r3, `organization_settings`.`created_at` AS t3_r4, `organization_settings`.`updated_at` AS t3_r5 FROM `organization_memberships` INNER JOIN `organizations` `organization` ON `organization`.`id` = `organization_memberships`.`organization_id` LEFT OUTER JOIN `organization_settings` ON `organization_settings`.`key` = 'enforce_two_factor_authentication' AND `organization_settings`.`organization_id` = `organization`.`id` LEFT OUTER JOIN `organization_membership_statuses` ON `organization_membership_statuses`.`id` = `organization_memberships`.`latest_status_id` WHERE `organization_memberships`.`user_id` = 15 AND `organization_memberships`.`discarded_at` IS NULL AND `organization`.`slug` IS NULL LIMIT 1[0m
[1;38;5;2mapi-web           [0m |   ↳ app/controllers/api/v1/base_controller.rb:110:in `current_organization_membership'
[1;38;5;2mapi-web           [0m | Processing by Api::V1::Organizations::FeaturesController#index as JSON
[1;38;5;2mapi-web           [0m |   Parameters: {"org_slug"=>"cosyland", "feature"=>{}}
[1;38;5;2mapi-web           [0m |   [1m[36mUser Load (1.9ms)[0m  [1m[34mSELECT `users`.* FROM `users` WHERE `users`.`id` = 15 ORDER BY `users`.`id` ASC LIMIT 1 /*action='index',application='CampsiteApi',controller='features'*/[0m
[1;38;5;2mapi-web           [0m |   ↳ app/controllers/concerns/current_attributable.rb:17:in `set_current_user'
[1;38;5;2mapi-web           [0m |   [1m[35mSQL (1.7ms)[0m  [1m[34mSELECT `organization_memberships`.`id` AS t0_r0, `organization_memberships`.`public_id` AS t0_r1, `organization_memberships`.`organization_id` AS t0_r2, `organization_memberships`.`user_id` AS t0_r3, `organization_memberships`.`created_at` AS t0_r4, `organization_memberships`.`updated_at` AS t0_r5, `organization_memberships`.`discarded_at` AS t0_r6, `organization_memberships`.`last_seen_at` AS t0_r7, `organization_memberships`.`role_name` AS t0_r8, `organization_memberships`.`latest_status_id` AS t0_r9, `organization_memberships`.`position` AS t0_r10, `organization_memberships`.`last_viewed_posts_at` AS t0_r11, `organization_memberships`.`home_last_seen_at` AS t0_r12, `organization_memberships`.`activity_last_seen_at` AS t0_r13, `organization_membership_statuses`.`id` AS t1_r0, `organization_membership_statuses`.`message` AS t1_r1, `organization_membership_statuses`.`emoji` AS t1_r2, `organization_membership_statuses`.`expires_at` AS t1_r3, `organization_membership_statuses`.`organization_membership_id` AS t1_r4, `organization_membership_statuses`.`created_at` AS t1_r5, `organization_membership_statuses`.`updated_at` AS t1_r6, `organization_membership_statuses`.`expiration_setting` AS t1_r7, `organization_membership_statuses`.`pause_notifications` AS t1_r8, `organization`.`id` AS t2_r0, `organization`.`public_id` AS t2_r1, `organization`.`name` AS t2_r2, `organization`.`slug` AS t2_r3, `organization`.`email_domain` AS t2_r4, `organization`.`billing_email` AS t2_r5, `organization`.`avatar_path` AS t2_r6, `organization`.`slack_channel_id` AS t2_r7, `organization`.`invite_token` AS t2_r8, `organization`.`creator_id` AS t2_r9, `organization`.`onboarded_at` AS t2_r10, `organization`.`created_at` AS t2_r11, `organization`.`updated_at` AS t2_r12, `organization`.`plan_name` AS t2_r13, `organization`.`member_count` AS t2_r14, `organization`.`demo` AS t2_r15, `organization`.`creator_role` AS t2_r16, `organization`.`creator_org_size` AS t2_r17, `organization`.`trial_ends_at` AS t2_r18, `organization`.`creator_source` AS t2_r19, `organization`.`creator_why` AS t2_r20, `organization_settings`.`id` AS t3_r0, `organization_settings`.`key` AS t3_r1, `organization_settings`.`value` AS t3_r2, `organization_settings`.`organization_id` AS t3_r3, `organization_settings`.`created_at` AS t3_r4, `organization_settings`.`updated_at` AS t3_r5 FROM `organization_memberships` INNER JOIN `organizations` `organization` ON `organization`.`id` = `organization_memberships`.`organization_id` LEFT OUTER JOIN `organization_settings` ON `organization_settings`.`key` = 'enforce_two_factor_authentication' AND `organization_settings`.`organization_id` = `organization`.`id` LEFT OUTER JOIN `organization_membership_statuses` ON `organization_membership_statuses`.`id` = `organization_memberships`.`latest_status_id` WHERE `organization_memberships`.`user_id` = 15 AND `organization_memberships`.`discarded_at` IS NULL AND `organization`.`slug` = 'cosyland' LIMIT 1 /*action='index',application='CampsiteApi',controller='features'*/[0m
[1;38;5;2mapi-web           [0m |   ↳ app/controllers/api/v1/base_controller.rb:110:in `current_organization_membership'
[1;38;5;2mapi-web           [0m |   [1m[36mFlipper::Adapters::ActiveRecord::Gate Pluck (1.6ms)[0m  [1m[34mSELECT `flipper_gates`.`feature_key`, `flipper_gates`.`key`, `flipper_gates`.`value` FROM `flipper_gates` WHERE `flipper_gates`.`feature_key` IN ('slack_auto_publish', 'sidebar_dms', 'my_work', 'max_w_chat', 'archive_notifications', 'relative_time', 'firehose', 'grouped_notifications', 'comfy_compact_layout', 'message_email_notifications', 'integration_dms', 'chat_channels', 'channel_split_view', 'no_emoji_accessories', 'export', 'api_endpoint_list_members', 'api_endpoint_list_posts', 'multi_org_apps') /*action='index',application='CampsiteApi',controller='features'*/[0m
[1;38;5;2mapi-web           [0m |   ↳ app/models/organization.rb:414:in `features'
[1;38;5;2mapi-web           [0m |   [1m[36mFlipper feature(slack_auto_publish) enabled? false (0.0ms)[0m  [ actors=[#<Flipper::Types::Actor:0x00007f33096fff70 @actor=#<Organization id: 3, public_id: "tefy9r4751zw", name: "COSYLAND", slug: "cosyland", email_domain: nil, billing_email: "faiz@cosy.land", avatar_path: "o/tefy9r4751zw/a/3003be93-ed27-44af-ab1a-c0e0bfd18...", slack_channel_id: nil, invite_token: [FILTERED], creator_id: 15, onboarded_at: nil, created_at: "2025-01-20 21:39:20.891431000 +0000", updated_at: "2025-01-20 22:23:10.189602000 +0000", plan_name: "pro", member_count: 5, demo: false, creator_role: "software-engineer", creator_org_size: "2-5", trial_ends_at: "2025-02-03 21:39:20.837882000 +0000", creator_source: "colleague-friend", creator_why: "Building products together as a team">, @value="Organization;3">] ]
[1;38;5;2mapi-web           [0m |   [1m[36mFlipper feature(sidebar_dms) enabled? false (0.2ms)[0m  [ actors=[#<Flipper::Types::Actor:0x00007f33096f6178 @actor=#<Organization id: 3, public_id: "tefy9r4751zw", name: "COSYLAND", slug: "cosyland", email_domain: nil, billing_email: "faiz@cosy.land", avatar_path: "o/tefy9r4751zw/a/3003be93-ed27-44af-ab1a-c0e0bfd18...", slack_channel_id: nil, invite_token: [FILTERED], creator_id: 15, onboarded_at: nil, created_at: "2025-01-20 21:39:20.891431000 +0000", updated_at: "2025-01-20 22:23:10.189602000 +0000", plan_name: "pro", member_count: 5, demo: false, creator_role: "software-engineer", creator_org_size: "2-5", trial_ends_at: "2025-02-03 21:39:20.837882000 +0000", creator_source: "colleague-friend", creator_why: "Building products together as a team">, @value="Organization;3">] ]
[1;38;5;2mapi-web           [0m |   [1m[36mFlipper feature(my_work) enabled? false (0.0ms)[0m  [ actors=[#<Flipper::Types::Actor:0x00007f33096f2488 @actor=#<Organization id: 3, public_id: "tefy9r4751zw", name: "COSYLAND", slug: "cosyland", email_domain: nil, billing_email: "faiz@cosy.land", avatar_path: "o/tefy9r4751zw/a/3003be93-ed27-44af-ab1a-c0e0bfd18...", slack_channel_id: nil, invite_token: [FILTERED], creator_id: 15, onboarded_at: nil, created_at: "2025-01-20 21:39:20.891431000 +0000", updated_at: "2025-01-20 22:23:10.189602000 +0000", plan_name: "pro", member_count: 5, demo: false, creator_role: "software-engineer", creator_org_size: "2-5", trial_ends_at: "2025-02-03 21:39:20.837882000 +0000", creator_source: "colleague-friend", creator_why: "Building products together as a team">, @value="Organization;3">] ]
[1;38;5;2mapi-web           [0m |   [1m[36mFlipper feature(max_w_chat) enabled? false (0.0ms)[0m  [ actors=[#<Flipper::Types::Actor:0x00007f330972eeb0 @actor=#<Organization id: 3, public_id: "tefy9r4751zw", name: "COSYLAND", slug: "cosyland", email_domain: nil, billing_email: "faiz@cosy.land", avatar_path: "o/tefy9r4751zw/a/3003be93-ed27-44af-ab1a-c0e0bfd18...", slack_channel_id: nil, invite_token: [FILTERED], creator_id: 15, onboarded_at: nil, created_at: "2025-01-20 21:39:20.891431000 +0000", updated_at: "2025-01-20 22:23:10.189602000 +0000", plan_name: "pro", member_count: 5, demo: false, creator_role: "software-engineer", creator_org_size: "2-5", trial_ends_at: "2025-02-03 21:39:20.837882000 +0000", creator_source: "colleague-friend", creator_why: "Building products together as a team">, @value="Organization;3">] ]
[1;38;5;2mapi-web           [0m |   [1m[36mFlipper feature(archive_notifications) enabled? false (0.0ms)[0m  [ actors=[#<Flipper::Types::Actor:0x00007f330972b0d0 @actor=#<Organization id: 3, public_id: "tefy9r4751zw", name: "COSYLAND", slug: "cosyland", email_domain: nil, billing_email: "faiz@cosy.land", avatar_path: "o/tefy9r4751zw/a/3003be93-ed27-44af-ab1a-c0e0bfd18...", slack_channel_id: nil, invite_token: [FILTERED], creator_id: 15, onboarded_at: nil, created_at: "2025-01-20 21:39:20.891431000 +0000", updated_at: "2025-01-20 22:23:10.189602000 +0000", plan_name: "pro", member_count: 5, demo: false, creator_role: "software-engineer", creator_org_size: "2-5", trial_ends_at: "2025-02-03 21:39:20.837882000 +0000", creator_source: "colleague-friend", creator_why: "Building products together as a team">, @value="Organization;3">] ]
[1;38;5;2mapi-web           [0m |   [1m[36mFlipper feature(relative_time) enabled? false (0.0ms)[0m  [ actors=[#<Flipper::Types::Actor:0x00007f3309724f00 @actor=#<Organization id: 3, public_id: "tefy9r4751zw", name: "COSYLAND", slug: "cosyland", email_domain: nil, billing_email: "faiz@cosy.land", avatar_path: "o/tefy9r4751zw/a/3003be93-ed27-44af-ab1a-c0e0bfd18...", slack_channel_id: nil, invite_token: [FILTERED], creator_id: 15, onboarded_at: nil, created_at: "2025-01-20 21:39:20.891431000 +0000", updated_at: "2025-01-20 22:23:10.189602000 +0000", plan_name: "pro", member_count: 5, demo: false, creator_role: "software-engineer", creator_org_size: "2-5", trial_ends_at: "2025-02-03 21:39:20.837882000 +0000", creator_source: "colleague-friend", creator_why: "Building products together as a team">, @value="Organization;3">] ]
[1;38;5;2mapi-web           [0m |   [1m[36mFlipper feature(firehose) enabled? false (0.0ms)[0m  [ actors=[#<Flipper::Types::Actor:0x00007f33097208d8 @actor=#<Organization id: 3, public_id: "tefy9r4751zw", name: "COSYLAND", slug: "cosyland", email_domain: nil, billing_email: "faiz@cosy.land", avatar_path: "o/tefy9r4751zw/a/3003be93-ed27-44af-ab1a-c0e0bfd18...", slack_channel_id: nil, invite_token: [FILTERED], creator_id: 15, onboarded_at: nil, created_at: "2025-01-20 21:39:20.891431000 +0000", updated_at: "2025-01-20 22:23:10.189602000 +0000", plan_name: "pro", member_count: 5, demo: false, creator_role: "software-engineer", creator_org_size: "2-5", trial_ends_at: "2025-02-03 21:39:20.837882000 +0000", creator_source: "colleague-friend", creator_why: "Building products together as a team">, @value="Organization;3">] ]
[1;38;5;2mapi-web           [0m |   [1m[36mFlipper feature(grouped_notifications) enabled? false (0.7ms)[0m  [ actors=[#<Flipper::Types::Actor:0x00007f330974b1f0 @actor=#<Organization id: 3, public_id: "tefy9r4751zw", name: "COSYLAND", slug: "cosyland", email_domain: nil, billing_email: "faiz@cosy.land", avatar_path: "o/tefy9r4751zw/a/3003be93-ed27-44af-ab1a-c0e0bfd18...", slack_channel_id: nil, invite_token: [FILTERED], creator_id: 15, onboarded_at: nil, created_at: "2025-01-20 21:39:20.891431000 +0000", updated_at: "2025-01-20 22:23:10.189602000 +0000", plan_name: "pro", member_count: 5, demo: false, creator_role: "software-engineer", creator_org_size: "2-5", trial_ends_at: "2025-02-03 21:39:20.837882000 +0000", creator_source: "colleague-friend", creator_why: "Building products together as a team">, @value="Organization;3">] ]
[1;38;5;2mapi-web           [0m |   [1m[36mFlipper feature(comfy_compact_layout) enabled? false (0.8ms)[0m  [ actors=[#<Flipper::Types::Actor:0x00007f3309743478 @actor=#<Organization id: 3, public_id: "tefy9r4751zw", name: "COSYLAND", slug: "cosyland", email_domain: nil, billing_email: "faiz@cosy.land", avatar_path: "o/tefy9r4751zw/a/3003be93-ed27-44af-ab1a-c0e0bfd18...", slack_channel_id: nil, invite_token: [FILTERED], creator_id: 15, onboarded_at: nil, created_at: "2025-01-20 21:39:20.891431000 +0000", updated_at: "2025-01-20 22:23:10.189602000 +0000", plan_name: "pro", member_count: 5, demo: false, creator_role: "software-engineer", creator_org_size: "2-5", trial_ends_at: "2025-02-03 21:39:20.837882000 +0000", creator_source: "colleague-friend", creator_why: "Building products together as a team">, @value="Organization;3">] ]
[1;38;5;2mapi-web           [0m |   [1m[36mFlipper feature(message_email_notifications) enabled? false (0.5ms)[0m  [ actors=[#<Flipper::Types::Actor:0x00007f330977ee38 @actor=#<Organization id: 3, public_id: "tefy9r4751zw", name: "COSYLAND", slug: "cosyland", email_domain: nil, billing_email: "faiz@cosy.land", avatar_path: "o/tefy9r4751zw/a/3003be93-ed27-44af-ab1a-c0e0bfd18...", slack_channel_id: nil, invite_token: [FILTERED], creator_id: 15, onboarded_at: nil, created_at: "2025-01-20 21:39:20.891431000 +0000", updated_at: "2025-01-20 22:23:10.189602000 +0000", plan_name: "pro", member_count: 5, demo: false, creator_role: "software-engineer", creator_org_size: "2-5", trial_ends_at: "2025-02-03 21:39:20.837882000 +0000", creator_source: "colleague-friend", creator_why: "Building products together as a team">, @value="Organization;3">] ]
[1;38;5;2mapi-web           [0m |   [1m[36mFlipper feature(integration_dms) enabled? false (0.0ms)[0m  [ actors=[#<Flipper::Types::Actor:0x00007f3309779de8 @actor=#<Organization id: 3, public_id: "tefy9r4751zw", name: "COSYLAND", slug: "cosyland", email_domain: nil, billing_email: "faiz@cosy.land", avatar_path: "o/tefy9r4751zw/a/3003be93-ed27-44af-ab1a-c0e0bfd18...", slack_channel_id: nil, invite_token: [FILTERED], creator_id: 15, onboarded_at: nil, created_at: "2025-01-20 21:39:20.891431000 +0000", updated_at: "2025-01-20 22:23:10.189602000 +0000", plan_name: "pro", member_count: 5, demo: false, creator_role: "software-engineer", creator_org_size: "2-5", trial_ends_at: "2025-02-03 21:39:20.837882000 +0000", creator_source: "colleague-friend", creator_why: "Building products together as a team">, @value="Organization;3">] ]
[1;38;5;2mapi-web           [0m |   [1m[36mFlipper feature(chat_channels) enabled? false (0.0ms)[0m  [ actors=[#<Flipper::Types::Actor:0x00007f3309773ec0 @actor=#<Organization id: 3, public_id: "tefy9r4751zw", name: "COSYLAND", slug: "cosyland", email_domain: nil, billing_email: "faiz@cosy.land", avatar_path: "o/tefy9r4751zw/a/3003be93-ed27-44af-ab1a-c0e0bfd18...", slack_channel_id: nil, invite_token: [FILTERED], creator_id: 15, onboarded_at: nil, created_at: "2025-01-20 21:39:20.891431000 +0000", updated_at: "2025-01-20 22:23:10.189602000 +0000", plan_name: "pro", member_count: 5, demo: false, creator_role: "software-engineer", creator_org_size: "2-5", trial_ends_at: "2025-02-03 21:39:20.837882000 +0000", creator_source: "colleague-friend", creator_why: "Building products together as a team">, @value="Organization;3">] ]
[1;38;5;2mapi-web           [0m |   [1m[36mFlipper feature(channel_split_view) enabled? false (0.0ms)[0m  [ actors=[#<Flipper::Types::Actor:0x00007f330979f408 @actor=#<Organization id: 3, public_id: "tefy9r4751zw", name: "COSYLAND", slug: "cosyland", email_domain: nil, billing_email: "faiz@cosy.land", avatar_path: "o/tefy9r4751zw/a/3003be93-ed27-44af-ab1a-c0e0bfd18...", slack_channel_id: nil, invite_token: [FILTERED], creator_id: 15, onboarded_at: nil, created_at: "2025-01-20 21:39:20.891431000 +0000", updated_at: "2025-01-20 22:23:10.189602000 +0000", plan_name: "pro", member_count: 5, demo: false, creator_role: "software-engineer", creator_org_size: "2-5", trial_ends_at: "2025-02-03 21:39:20.837882000 +0000", creator_source: "colleague-friend", creator_why: "Building products together as a team">, @value="Organization;3">] ]
[1;38;5;2mapi-web           [0m |   [1m[36mFlipper feature(no_emoji_accessories) enabled? false (0.0ms)[0m  [ actors=[#<Flipper::Types::Actor:0x00007f330979b768 @actor=#<Organization id: 3, public_id: "tefy9r4751zw", name: "COSYLAND", slug: "cosyland", email_domain: nil, billing_email: "faiz@cosy.land", avatar_path: "o/tefy9r4751zw/a/3003be93-ed27-44af-ab1a-c0e0bfd18...", slack_channel_id: nil, invite_token: [FILTERED], creator_id: 15, onboarded_at: nil, created_at: "2025-01-20 21:39:20.891431000 +0000", updated_at: "2025-01-20 22:23:10.189602000 +0000", plan_name: "pro", member_count: 5, demo: false, creator_role: "software-engineer", creator_org_size: "2-5", trial_ends_at: "2025-02-03 21:39:20.837882000 +0000", creator_source: "colleague-friend", creator_why: "Building products together as a team">, @value="Organization;3">] ]
[1;38;5;2mapi-web           [0m |   [1m[36mFlipper feature(export) enabled? false (0.0ms)[0m  [ actors=[#<Flipper::Types::Actor:0x00007f3309796fd8 @actor=#<Organization id: 3, public_id: "tefy9r4751zw", name: "COSYLAND", slug: "cosyland", email_domain: nil, billing_email: "faiz@cosy.land", avatar_path: "o/tefy9r4751zw/a/3003be93-ed27-44af-ab1a-c0e0bfd18...", slack_channel_id: nil, invite_token: [FILTERED], creator_id: 15, onboarded_at: nil, created_at: "2025-01-20 21:39:20.891431000 +0000", updated_at: "2025-01-20 22:23:10.189602000 +0000", plan_name: "pro", member_count: 5, demo: false, creator_role: "software-engineer", creator_org_size: "2-5", trial_ends_at: "2025-02-03 21:39:20.837882000 +0000", creator_source: "colleague-friend", creator_why: "Building products together as a team">, @value="Organization;3">] ]
[1;38;5;2mapi-web           [0m |   [1m[36mFlipper feature(api_endpoint_list_members) enabled? false (0.0ms)[0m  [ actors=[#<Flipper::Types::Actor:0x00007f3309790778 @actor=#<Organization id: 3, public_id: "tefy9r4751zw", name: "COSYLAND", slug: "cosyland", email_domain: nil, billing_email: "faiz@cosy.land", avatar_path: "o/tefy9r4751zw/a/3003be93-ed27-44af-ab1a-c0e0bfd18...", slack_channel_id: nil, invite_token: [FILTERED], creator_id: 15, onboarded_at: nil, created_at: "2025-01-20 21:39:20.891431000 +0000", updated_at: "2025-01-20 22:23:10.189602000 +0000", plan_name: "pro", member_count: 5, demo: false, creator_role: "software-engineer", creator_org_size: "2-5", trial_ends_at: "2025-02-03 21:39:20.837882000 +0000", creator_source: "colleague-friend", creator_why: "Building products together as a team">, @value="Organization;3">] ]
[1;38;5;2mapi-web           [0m |   [1m[36mFlipper feature(api_endpoint_list_posts) enabled? false (0.0ms)[0m  [ actors=[#<Flipper::Types::Actor:0x00007f33097b86d8 @actor=#<Organization id: 3, public_id: "tefy9r4751zw", name: "COSYLAND", slug: "cosyland", email_domain: nil, billing_email: "faiz@cosy.land", avatar_path: "o/tefy9r4751zw/a/3003be93-ed27-44af-ab1a-c0e0bfd18...", slack_channel_id: nil, invite_token: [FILTERED], creator_id: 15, onboarded_at: nil, created_at: "2025-01-20 21:39:20.891431000 +0000", updated_at: "2025-01-20 22:23:10.189602000 +0000", plan_name: "pro", member_count: 5, demo: false, creator_role: "software-engineer", creator_org_size: "2-5", trial_ends_at: "2025-02-03 21:39:20.837882000 +0000", creator_source: "colleague-friend", creator_why: "Building products together as a team">, @value="Organization;3">] ]
[1;38;5;2mapi-web           [0m |   [1m[36mFlipper feature(multi_org_apps) enabled? false (0.0ms)[0m  [ actors=[#<Flipper::Types::Actor:0x00007f33097b51b8 @actor=#<Organization id: 3, public_id: "tefy9r4751zw", name: "COSYLAND", slug: "cosyland", email_domain: nil, billing_email: "faiz@cosy.land", avatar_path: "o/tefy9r4751zw/a/3003be93-ed27-44af-ab1a-c0e0bfd18...", slack_channel_id: nil, invite_token: [FILTERED], creator_id: 15, onboarded_at: nil, created_at: "2025-01-20 21:39:20.891431000 +0000", updated_at: "2025-01-20 22:23:10.189602000 +0000", plan_name: "pro", member_count: 5, demo: false, creator_role: "software-engineer", creator_org_size: "2-5", trial_ends_at: "2025-02-03 21:39:20.837882000 +0000", creator_source: "colleague-friend", creator_why: "Building products together as a team">, @value="Organization;3">] ]
[1;38;5;2mapi-web           [0m | Completed 200 OK in 59ms (Views: 0.2ms | ActiveRecord: 3.2ms (3 queries, 0 cached) | GC: 0.5ms)
[1;38;5;2mapi-web           [0m | 
[1;38;5;2mapi-web           [0m | 
[1;38;5;2mapi-web           [0m | Started GET "/v1/organizations/cosyland/threads" for 87.75.141.139 at 2025-01-24 00:34:14 +0100
[1;38;5;2mapi-web           [0m | Cannot render console from 172.68.205.200! Allowed networks: 127.0.0.0/127.255.255.255, ::1
[1;38;5;2mapi-web           [0m | Processing by Api::V1::OrganizationMemberships::PersonalDraftPostsController#index as JSON
[1;38;5;2mapi-web           [0m |   Parameters: {"order"=>{"by"=>"last_activity_at", "direction"=>"desc"}, "limit"=>"20", "org_slug"=>"cosyland", "personal_draft_post"=>{}}
[1;38;5;2mapi-web           [0m |   [1m[36mUser Load (1.6ms)[0m  [1m[34mSELECT `users`.* FROM `users` WHERE `users`.`id` = 15 ORDER BY `users`.`id` ASC LIMIT 1 /*action='index',application='CampsiteApi',controller='personal_draft_posts'*/[0m
[1;38;5;2mapi-web           [0m |   ↳ app/controllers/concerns/current_attributable.rb:17:in `set_current_user'
[1;38;5;2mapi-web           [0m |   [1m[35mSQL (2.0ms)[0m  [1m[34mSELECT `organization_memberships`.`id` AS t0_r0, `organization_memberships`.`public_id` AS t0_r1, `organization_memberships`.`organization_id` AS t0_r2, `organization_memberships`.`user_id` AS t0_r3, `organization_memberships`.`created_at` AS t0_r4, `organization_memberships`.`updated_at` AS t0_r5, `organization_memberships`.`discarded_at` AS t0_r6, `organization_memberships`.`last_seen_at` AS t0_r7, `organization_memberships`.`role_name` AS t0_r8, `organization_memberships`.`latest_status_id` AS t0_r9, `organization_memberships`.`position` AS t0_r10, `organization_memberships`.`last_viewed_posts_at` AS t0_r11, `organization_memberships`.`home_last_seen_at` AS t0_r12, `organization_memberships`.`activity_last_seen_at` AS t0_r13, `organization_membership_statuses`.`id` AS t1_r0, `organization_membership_statuses`.`message` AS t1_r1, `organization_membership_statuses`.`emoji` AS t1_r2, `organization_membership_statuses`.`expires_at` AS t1_r3, `organization_membership_statuses`.`organization_membership_id` AS t1_r4, `organization_membership_statuses`.`created_at` AS t1_r5, `organization_membership_statuses`.`updated_at` AS t1_r6, `organization_membership_statuses`.`expiration_setting` AS t1_r7, `organization_membership_statuses`.`pause_notifications` AS t1_r8, `organization`.`id` AS t2_r0, `organization`.`public_id` AS t2_r1, `organization`.`name` AS t2_r2, `organization`.`slug` AS t2_r3, `organization`.`email_domain` AS t2_r4, `organization`.`billing_email` AS t2_r5, `organization`.`avatar_path` AS t2_r6, `organization`.`slack_channel_id` AS t2_r7, `organization`.`invite_token` AS t2_r8, `organization`.`creator_id` AS t2_r9, `organization`.`onboarded_at` AS t2_r10, `organization`.`created_at` AS t2_r11, `organization`.`updated_at` AS t2_r12, `organization`.`plan_name` AS t2_r13, `organization`.`member_count` AS t2_r14, `organization`.`demo` AS t2_r15, `organization`.`creator_role` AS t2_r16, `organization`.`creator_org_size` AS t2_r17, `organization`.`trial_ends_at` AS t2_r18, `organization`.`creator_source` AS t2_r19, `organization`.`creator_why` AS t2_r20, `organization_settings`.`id` AS t3_r0, `organization_settings`.`key` AS t3_r1, `organization_settings`.`value` AS t3_r2, `organization_settings`.`organization_id` AS t3_r3, `organization_settings`.`created_at` AS t3_r4, `organization_settings`.`updated_at` AS t3_r5 FROM `organization_memberships` INNER JOIN `organizations` `organization` ON `organization`.`id` = `organization_memberships`.`organization_id` LEFT OUTER JOIN `organization_settings` ON `organization_settings`.`key` = 'enforce_two_factor_authentication' AND `organization_settings`.`organization_id` = `organization`.`id` LEFT OUTER JOIN `organization_membership_statuses` ON `organization_membership_statuses`.`id` = `organization_memberships`.`latest_status_id` WHERE `organization_memberships`.`user_id` = 15 AND `organization_memberships`.`discarded_at` IS NULL AND `organization`.`slug` = 'cosyland' LIMIT 1 /*action='index',application='CampsiteApi',controller='personal_draft_posts'*/[0m
[1;38;5;2mapi-web           [0m |   ↳ app/controllers/api/v1/base_controller.rb:110:in `current_organization_membership'
[1;38;5;2mapi-web           [0m | Processing by Api::V1::FavoritesController#index as JSON
[1;38;5;2mapi-web           [0m |   Parameters: {"org_slug"=>"cosyland", "favorite"=>{}}
[1;38;5;2mapi-web           [0m |   [1m[36mUser Load (3.9ms)[0m  [1m[34mSELECT `users`.* FROM `users` WHERE `users`.`id` = 15 ORDER BY `users`.`id` ASC LIMIT 1 /*action='index',application='CampsiteApi',controller='favorites'*/[0m
[1;38;5;2mapi-web           [0m |   ↳ app/controllers/concerns/current_attributable.rb:17:in `set_current_user'
[1;38;5;2mapi-web           [0m |   [1m[35mSQL (2.6ms)[0m  [1m[34mSELECT `organization_memberships`.`id` AS t0_r0, `organization_memberships`.`public_id` AS t0_r1, `organization_memberships`.`organization_id` AS t0_r2, `organization_memberships`.`user_id` AS t0_r3, `organization_memberships`.`created_at` AS t0_r4, `organization_memberships`.`updated_at` AS t0_r5, `organization_memberships`.`discarded_at` AS t0_r6, `organization_memberships`.`last_seen_at` AS t0_r7, `organization_memberships`.`role_name` AS t0_r8, `organization_memberships`.`latest_status_id` AS t0_r9, `organization_memberships`.`position` AS t0_r10, `organization_memberships`.`last_viewed_posts_at` AS t0_r11, `organization_memberships`.`home_last_seen_at` AS t0_r12, `organization_memberships`.`activity_last_seen_at` AS t0_r13, `organization_membership_statuses`.`id` AS t1_r0, `organization_membership_statuses`.`message` AS t1_r1, `organization_membership_statuses`.`emoji` AS t1_r2, `organization_membership_statuses`.`expires_at` AS t1_r3, `organization_membership_statuses`.`organization_membership_id` AS t1_r4, `organization_membership_statuses`.`created_at` AS t1_r5, `organization_membership_statuses`.`updated_at` AS t1_r6, `organization_membership_statuses`.`expiration_setting` AS t1_r7, `organization_membership_statuses`.`pause_notifications` AS t1_r8, `organization`.`id` AS t2_r0, `organization`.`public_id` AS t2_r1, `organization`.`name` AS t2_r2, `organization`.`slug` AS t2_r3, `organization`.`email_domain` AS t2_r4, `organization`.`billing_email` AS t2_r5, `organization`.`avatar_path` AS t2_r6, `organization`.`slack_channel_id` AS t2_r7, `organization`.`invite_token` AS t2_r8, `organization`.`creator_id` AS t2_r9, `organization`.`onboarded_at` AS t2_r10, `organization`.`created_at` AS t2_r11, `organization`.`updated_at` AS t2_r12, `organization`.`plan_name` AS t2_r13, `organization`.`member_count` AS t2_r14, `organization`.`demo` AS t2_r15, `organization`.`creator_role` AS t2_r16, `organization`.`creator_org_size` AS t2_r17, `organization`.`trial_ends_at` AS t2_r18, `organization`.`creator_source` AS t2_r19, `organization`.`creator_why` AS t2_r20, `organization_settings`.`id` AS t3_r0, `organization_settings`.`key` AS t3_r1, `organization_settings`.`value` AS t3_r2, `organization_settings`.`organization_id` AS t3_r3, `organization_settings`.`created_at` AS t3_r4, `organization_settings`.`updated_at` AS t3_r5 FROM `organization_memberships` INNER JOIN `organizations` `organization` ON `organization`.`id` = `organization_memberships`.`organization_id` LEFT OUTER JOIN `organization_settings` ON `organization_settings`.`key` = 'enforce_two_factor_authentication' AND `organization_settings`.`organization_id` = `organization`.`id` LEFT OUTER JOIN `organization_membership_statuses` ON `organization_membership_statuses`.`id` = `organization_memberships`.`latest_status_id` WHERE `organization_memberships`.`user_id` = 15 AND `organization_memberships`.`discarded_at` IS NULL AND `organization`.`slug` = 'cosyland' LIMIT 1 /*action='index',application='CampsiteApi',controller='favorites'*/[0m
[1;38;5;2mapi-web           [0m |   ↳ app/controllers/api/v1/base_controller.rb:110:in `current_organization_membership'
[1;38;5;2mapi-web           [0m |   [1m[36mOrganizationMembership Load (1.4ms)[0m  [1m[34mSELECT `organization_memberships`.* FROM `organization_memberships` WHERE `organization_memberships`.`organization_id` = 3 AND `organization_memberships`.`discarded_at` IS NULL AND `organization_memberships`.`user_id` = 15 LIMIT 1 /*action='index',application='CampsiteApi',controller='favorites'*/[0m
[1;38;5;2mapi-web           [0m |   ↳ app/policies/organization_membership_policy.rb:73:in `organization_membership'
[1;38;5;2mapi-web           [0m | Processing by Api::V1::Sync::ProjectsController#index as JSON
[1;38;5;2mapi-web           [0m |   Parameters: {"org_slug"=>"cosyland", "project"=>{}}
[1;38;5;2mapi-web           [0m |   [1m[36mUser Load (3.1ms)[0m  [1m[34mSELECT `users`.* FROM `users` WHERE `users`.`id` = 15 ORDER BY `users`.`id` ASC LIMIT 1 /*action='index',application='CampsiteApi',controller='projects'*/[0m
[1;38;5;2mapi-web           [0m |   ↳ app/controllers/concerns/current_attributable.rb:17:in `set_current_user'
[1;38;5;2mapi-web           [0m | Processing by Api::V1::Sync::MembersController#index as JSON
[1;38;5;2mapi-web           [0m |   [1m[35mSQL (5.0ms)[0m  [1m[34mSELECT `organization_memberships`.`id` AS t0_r0, `organization_memberships`.`public_id` AS t0_r1, `organization_memberships`.`organization_id` AS t0_r2, `organization_memberships`.`user_id` AS t0_r3, `organization_memberships`.`created_at` AS t0_r4, `organization_memberships`.`updated_at` AS t0_r5, `organization_memberships`.`discarded_at` AS t0_r6, `organization_memberships`.`last_seen_at` AS t0_r7, `organization_memberships`.`role_name` AS t0_r8, `organization_memberships`.`latest_status_id` AS t0_r9, `organization_memberships`.`position` AS t0_r10, `organization_memberships`.`last_viewed_posts_at` AS t0_r11, `organization_memberships`.`home_last_seen_at` AS t0_r12, `organization_memberships`.`activity_last_seen_at` AS t0_r13, `organization_membership_statuses`.`id` AS t1_r0, `organization_membership_statuses`.`message` AS t1_r1, `organization_membership_statuses`.`emoji` AS t1_r2, `organization_membership_statuses`.`expires_at` AS t1_r3, `organization_membership_statuses`.`organization_membership_id` AS t1_r4, `organization_membership_statuses`.`created_at` AS t1_r5, `organization_membership_statuses`.`updated_at` AS t1_r6, `organization_membership_statuses`.`expiration_setting` AS t1_r7, `organization_membership_statuses`.`pause_notifications` AS t1_r8, `organization`.`id` AS t2_r0, `organization`.`public_id` AS t2_r1, `organization`.`name` AS t2_r2, `organization`.`slug` AS t2_r3, `organization`.`email_domain` AS t2_r4, `organization`.`billing_email` AS t2_r5, `organization`.`avatar_path` AS t2_r6, `organization`.`slack_channel_id` AS t2_r7, `organization`.`invite_token` AS t2_r8, `organization`.`creator_id` AS t2_r9, `organization`.`onboarded_at` AS t2_r10, `organization`.`created_at` AS t2_r11, `organization`.`updated_at` AS t2_r12, `organization`.`plan_name` AS t2_r13, `organization`.`member_count` AS t2_r14, `organization`.`demo` AS t2_r15, `organization`.`creator_role` AS t2_r16, `organization`.`creator_org_size` AS t2_r17, `organization`.`trial_ends_at` AS t2_r18, `organization`.`creator_source` AS t2_r19, `organization`.`creator_why` AS t2_r20, `organization_settings`.`id` AS t3_r0, `organization_settings`.`key` AS t3_r1, `organization_settings`.`value` AS t3_r2, `organization_settings`.`organization_id` AS t3_r3, `organization_settings`.`created_at` AS t3_r4, `organization_settings`.`updated_at` AS t3_r5 FROM `organization_memberships` INNER JOIN `organizations` `organization` ON `organization`.`id` = `organization_memberships`.`organization_id` LEFT OUTER JOIN `organization_settings` ON `organization_settings`.`key` = 'enforce_two_factor_authentication' AND `organization_settings`.`organization_id` = `organization`.`id` LEFT OUTER JOIN `organization_membership_statuses` ON `organization_membership_statuses`.`id` = `organization_memberships`.`latest_status_id` WHERE `organization_memberships`.`user_id` = 15 AND `organization_memberships`.`discarded_at` IS NULL AND `organization`.`slug` = 'cosyland' LIMIT 1 /*action='index',application='CampsiteApi',controller='projects'*/[0m
[1;38;5;2mapi-web           [0m |   Parameters: {"org_slug"=>"cosyland", "member"=>{}}
[1;38;5;2mapi-web           [0m |   ↳ app/controllers/api/v1/base_controller.rb:110:in `current_organization_membership'
[1;38;5;2mapi-web           [0m |   [1m[36mUser Load (9.0ms)[0m  [1m[34mSELECT `users`.* FROM `users` WHERE `users`.`id` = 15 ORDER BY `users`.`id` ASC LIMIT 1 /*action='index',application='CampsiteApi',controller='members'*/[0m
[1;38;5;2mapi-web           [0m |   ↳ app/controllers/concerns/current_attributable.rb:17:in `set_current_user'
[1;38;5;2mapi-web           [0m |   [1m[36mUser Exists? (6.2ms)[0m  [1m[34mSELECT 1 AS one FROM `users` INNER JOIN `organization_memberships` ON `users`.`id` = `organization_memberships`.`user_id` WHERE `organization_memberships`.`organization_id` = 3 AND `organization_memberships`.`discarded_at` IS NULL AND `users`.`id` = 15 LIMIT 1 /*action='index',application='CampsiteApi',controller='projects'*/[0m
[1;38;5;2mapi-web           [0m |   ↳ app/policies/organization_policy.rb:200:in `org_member?'
[1;38;5;2mapi-web           [0m |   [1m[35mSQL (4.0ms)[0m  [1m[34mSELECT `organization_memberships`.`id` AS t0_r0, `organization_memberships`.`public_id` AS t0_r1, `organization_memberships`.`organization_id` AS t0_r2, `organization_memberships`.`user_id` AS t0_r3, `organization_memberships`.`created_at` AS t0_r4, `organization_memberships`.`updated_at` AS t0_r5, `organization_memberships`.`discarded_at` AS t0_r6, `organization_memberships`.`last_seen_at` AS t0_r7, `organization_memberships`.`role_name` AS t0_r8, `organization_memberships`.`latest_status_id` AS t0_r9, `organization_memberships`.`position` AS t0_r10, `organization_memberships`.`last_viewed_posts_at` AS t0_r11, `organization_memberships`.`home_last_seen_at` AS t0_r12, `organization_memberships`.`activity_last_seen_at` AS t0_r13, `organization_membership_statuses`.`id` AS t1_r0, `organization_membership_statuses`.`message` AS t1_r1, `organization_membership_statuses`.`emoji` AS t1_r2, `organization_membership_statuses`.`expires_at` AS t1_r3, `organization_membership_statuses`.`organization_membership_id` AS t1_r4, `organization_membership_statuses`.`created_at` AS t1_r5, `organization_membership_statuses`.`updated_at` AS t1_r6, `organization_membership_statuses`.`expiration_setting` AS t1_r7, `organization_membership_statuses`.`pause_notifications` AS t1_r8, `organization`.`id` AS t2_r0, `organization`.`public_id` AS t2_r1, `organization`.`name` AS t2_r2, `organization`.`slug` AS t2_r3, `organization`.`email_domain` AS t2_r4, `organization`.`billing_email` AS t2_r5, `organization`.`avatar_path` AS t2_r6, `organization`.`slack_channel_id` AS t2_r7, `organization`.`invite_token` AS t2_r8, `organization`.`creator_id` AS t2_r9, `organization`.`onboarded_at` AS t2_r10, `organization`.`created_at` AS t2_r11, `organization`.`updated_at` AS t2_r12, `organization`.`plan_name` AS t2_r13, `organization`.`member_count` AS t2_r14, `organization`.`demo` AS t2_r15, `organization`.`creator_role` AS t2_r16, `organization`.`creator_org_size` AS t2_r17, `organization`.`trial_ends_at` AS t2_r18, `organization`.`creator_source` AS t2_r19, `organization`.`creator_why` AS t2_r20, `organization_settings`.`id` AS t3_r0, `organization_settings`.`key` AS t3_r1, `organization_settings`.`value` AS t3_r2, `organization_settings`.`organization_id` AS t3_r3, `organization_settings`.`created_at` AS t3_r4, `organization_settings`.`updated_at` AS t3_r5 FROM `organization_memberships` INNER JOIN `organizations` `organization` ON `organization`.`id` = `organization_memberships`.`organization_id` LEFT OUTER JOIN `organization_settings` ON `organization_settings`.`key` = 'enforce_two_factor_authentication' AND `organization_settings`.`organization_id` = `organization`.`id` LEFT OUTER JOIN `organization_membership_statuses` ON `organization_membership_statuses`.`id` = `organization_memberships`.`latest_status_id` WHERE `organization_memberships`.`user_id` = 15 AND `organization_memberships`.`discarded_at` IS NULL AND `organization`.`slug` = 'cosyland' LIMIT 1 /*action='index',application='CampsiteApi',controller='members'*/[0m
[1;38;5;2mapi-web           [0m |   ↳ app/controllers/api/v1/base_controller.rb:110:in `current_organization_membership'
[1;38;5;2mapi-web           [0m |   [1m[36mUser Exists? (3.6ms)[0m  [1m[34mSELECT 1 AS one FROM `users` INNER JOIN `organization_memberships` ON `users`.`id` = `organization_memberships`.`user_id` WHERE `organization_memberships`.`organization_id` = 3 AND `organization_memberships`.`discarded_at` IS NULL AND `users`.`id` = 15 LIMIT 1 /*action='index',application='CampsiteApi',controller='members'*/[0m
[1;38;5;2mapi-web           [0m |   ↳ app/policies/organization_policy.rb:200:in `org_member?'
[1;38;5;2mapi-web           [0m |   [1m[36mFavorite Load (3.3ms)[0m  [1m[34mSELECT `favorites`.* FROM `favorites` WHERE `favorites`.`organization_membership_id` = 15 AND `favorites`.`favoritable_type` IN ('Project', 'MessageThread', 'Note', 'Post', 'Call') ORDER BY `favorites`.`position` ASC /*action='index',application='CampsiteApi',controller='favorites'*/[0m
[1;38;5;2mapi-web           [0m |   ↳ app/serializers/api_serializer.rb:111:in `flatten'
[1;38;5;2mapi-web           [0m | Completed 200 OK in 176ms (Views: 0.1ms | ActiveRecord: 11.6ms (4 queries, 0 cached) | GC: 3.7ms)
[1;38;5;2mapi-web           [0m | 
[1;38;5;2mapi-web           [0m | 
[1;38;5;2mapi-web           [0m | Processing by Api::V1::ProjectMembershipsController#index as JSON
[1;38;5;2mapi-web           [0m |   Parameters: {"org_slug"=>"cosyland", "project_membership"=>{}}
[1;38;5;2mapi-web           [0m |   [1m[36mUser Load (2.0ms)[0m  [1m[34mSELECT `users`.* FROM `users` WHERE `users`.`id` = 15 ORDER BY `users`.`id` ASC LIMIT 1 /*action='index',application='CampsiteApi',controller='project_memberships'*/[0m
[1;38;5;2mapi-web           [0m |   ↳ app/controllers/concerns/current_attributable.rb:17:in `set_current_user'
[1;38;5;2mapi-web           [0m | Started GET "/v1/organizations/cosyland/members/faiz" for 87.75.141.139 at 2025-01-24 00:34:14 +0100
[1;38;5;2mapi-web           [0m |   [1m[35mSQL (1.7ms)[0m  [1m[34mSELECT `organization_memberships`.`id` AS t0_r0, `organization_memberships`.`public_id` AS t0_r1, `organization_memberships`.`organization_id` AS t0_r2, `organization_memberships`.`user_id` AS t0_r3, `organization_memberships`.`created_at` AS t0_r4, `organization_memberships`.`updated_at` AS t0_r5, `organization_memberships`.`discarded_at` AS t0_r6, `organization_memberships`.`last_seen_at` AS t0_r7, `organization_memberships`.`role_name` AS t0_r8, `organization_memberships`.`latest_status_id` AS t0_r9, `organization_memberships`.`position` AS t0_r10, `organization_memberships`.`last_viewed_posts_at` AS t0_r11, `organization_memberships`.`home_last_seen_at` AS t0_r12, `organization_memberships`.`activity_last_seen_at` AS t0_r13, `organization_membership_statuses`.`id` AS t1_r0, `organization_membership_statuses`.`message` AS t1_r1, `organization_membership_statuses`.`emoji` AS t1_r2, `organization_membership_statuses`.`expires_at` AS t1_r3, `organization_membership_statuses`.`organization_membership_id` AS t1_r4, `organization_membership_statuses`.`created_at` AS t1_r5, `organization_membership_statuses`.`updated_at` AS t1_r6, `organization_membership_statuses`.`expiration_setting` AS t1_r7, `organization_membership_statuses`.`pause_notifications` AS t1_r8, `organization`.`id` AS t2_r0, `organization`.`public_id` AS t2_r1, `organization`.`name` AS t2_r2, `organization`.`slug` AS t2_r3, `organization`.`email_domain` AS t2_r4, `organization`.`billing_email` AS t2_r5, `organization`.`avatar_path` AS t2_r6, `organization`.`slack_channel_id` AS t2_r7, `organization`.`invite_token` AS t2_r8, `organization`.`creator_id` AS t2_r9, `organization`.`onboarded_at` AS t2_r10, `organization`.`created_at` AS t2_r11, `organization`.`updated_at` AS t2_r12, `organization`.`plan_name` AS t2_r13, `organization`.`member_count` AS t2_r14, `organization`.`demo` AS t2_r15, `organization`.`creator_role` AS t2_r16, `organization`.`creator_org_size` AS t2_r17, `organization`.`trial_ends_at` AS t2_r18, `organization`.`creator_source` AS t2_r19, `organization`.`creator_why` AS t2_r20, `organization_settings`.`id` AS t3_r0, `organization_settings`.`key` AS t3_r1, `organization_settings`.`value` AS t3_r2, `organization_settings`.`organization_id` AS t3_r3, `organization_settings`.`created_at` AS t3_r4, `organization_settings`.`updated_at` AS t3_r5 FROM `organization_memberships` INNER JOIN `organizations` `organization` ON `organization`.`id` = `organization_memberships`.`organization_id` LEFT OUTER JOIN `organization_settings` ON `organization_settings`.`key` = 'enforce_two_factor_authentication' AND `organization_settings`.`organization_id` = `organization`.`id` LEFT OUTER JOIN `organization_membership_statuses` ON `organization_membership_statuses`.`id` = `organization_memberships`.`latest_status_id` WHERE `organization_memberships`.`user_id` = 15 AND `organization_memberships`.`discarded_at` IS NULL AND `organization`.`slug` = 'cosyland' LIMIT 1 /*action='index',application='CampsiteApi',controller='project_memberships'*/[0m
[1;38;5;2mapi-web           [0m | Cannot render console from 172.68.205.200! Allowed networks: 127.0.0.0/127.255.255.255, ::1
[1;38;5;2mapi-web           [0m |   ↳ app/controllers/api/v1/base_controller.rb:110:in `current_organization_membership'
[1;38;5;2mapi-web           [0m |   [1m[36mOrganizationMembership Load (1.3ms)[0m  [1m[34mSELECT `organization_memberships`.* FROM `organization_memberships` WHERE `organization_memberships`.`organization_id` = 3 AND `organization_memberships`.`discarded_at` IS NULL AND `organization_memberships`.`user_id` = 15 LIMIT 1 /*action='index',application='CampsiteApi',controller='project_memberships'*/[0m
[1;38;5;2mapi-web           [0m |   ↳ app/policies/organization_membership_policy.rb:73:in `organization_membership'
[1;38;5;2mapi-web           [0m |   [1m[35mSQL (5.6ms)[0m  [1m[34mSELECT `organization_memberships`.`id` AS t0_r0, `organization_memberships`.`public_id` AS t0_r1, `organization_memberships`.`organization_id` AS t0_r2, `organization_memberships`.`user_id` AS t0_r3, `organization_memberships`.`created_at` AS t0_r4, `organization_memberships`.`updated_at` AS t0_r5, `organization_memberships`.`discarded_at` AS t0_r6, `organization_memberships`.`last_seen_at` AS t0_r7, `organization_memberships`.`role_name` AS t0_r8, `organization_memberships`.`latest_status_id` AS t0_r9, `organization_memberships`.`position` AS t0_r10, `organization_memberships`.`last_viewed_posts_at` AS t0_r11, `organization_memberships`.`home_last_seen_at` AS t0_r12, `organization_memberships`.`activity_last_seen_at` AS t0_r13, `users`.`id` AS t1_r0, `users`.`username` AS t1_r1, `users`.`name` AS t1_r2, `users`.`public_id` AS t1_r3, `users`.`avatar_path` AS t1_r4, `users`.`email` AS t1_r5, `users`.`encrypted_password` AS t1_r6, `users`.`reset_password_token` AS t1_r7, `users`.`reset_password_sent_at` AS t1_r8, `users`.`remember_created_at` AS t1_r9, `users`.`confirmation_token` AS t1_r10, `users`.`confirmed_at` AS t1_r11, `users`.`confirmation_sent_at` AS t1_r12, `users`.`unconfirmed_email` AS t1_r13, `users`.`omniauth_provider` AS t1_r14, `users`.`omniauth_uid` AS t1_r15, `users`.`onboarded_at` AS t1_r16, `users`.`created_at` AS t1_r17, `users`.`updated_at` AS t1_r18, `users`.`cover_photo_path` AS t1_r19, `users`.`login_token` AS t1_r20, `users`.`login_token_expires_at` AS t1_r21, `users`.`consumed_timestep` AS t1_r22, `users`.`otp_backup_codes` AS t1_r23, `users`.`otp_enabled` AS t1_r24, `users`.`otp_secret` AS t1_r25, `users`.`last_seen_at` AS t1_r26, `users`.`login_token_sso_id` AS t1_r27, `users`.`scheduled_email_notifications_from` AS t1_r28, `users`.`demo` AS t1_r29, `users`.`staff` AS t1_r30, `users`.`referrer` AS t1_r31, `users`.`landing_url` AS t1_r32, `users`.`notification_pause_expires_at` AS t1_r33, `users`.`preferred_timezone` AS t1_r34, `users`.`notifications_paused_at` AS t1_r35 FROM `organization_memberships` INNER JOIN `organizations` ON `organizations`.`id` = `organization_memberships`.`organization_id` LEFT OUTER JOIN `project_memberships` `kept_project_memberships` ON `kept_project_memberships`.`discarded_at` IS NULL AND `kept_project_memberships`.`organization_membership_id` = `organization_memberships`.`id` LEFT OUTER JOIN `projects` ON `projects`.`archived_at` IS NULL AND `projects`.`id` = `kept_project_memberships`.`project_id` LEFT OUTER JOIN `users` ON `users`.`id` = `organization_memberships`.`user_id` WHERE `organization_memberships`.`organization_id` = 3 AND `organization_memberships`.`organization_id` IN (SELECT `organizations`.`id` FROM `organizations` INNER JOIN `organization_memberships` ON `organizations`.`id` = `organization_memberships`.`organization_id` WHERE `organization_memberships`.`user_id` = 15 AND `organization_memberships`.`discarded_at` IS NULL) AND (`organization_memberships`.`role_name` != 'guest' OR `organization_memberships`.`organization_id` IN (SELECT `organizations`.`id` FROM `organizations` INNER JOIN `organization_memberships` ON `organizations`.`id` = `organization_memberships`.`organization_id` WHERE `organization_memberships`.`user_id` = 15 AND `organization_memberships`.`discarded_at` IS NULL AND `organization_memberships`.`role_name` IN ('admin', 'member', 'viewer')) OR `kept_project_memberships`.`project_id` IN (SELECT `projects`.`id` FROM `projects` INNER JOIN `project_memberships` ON `projects`.`id` = `project_memberships`.`project_id` INNER JOIN `organization_memberships` ON `project_memberships`.`organization_membership_id` = `organization_memberships`.`id` WHERE `organization_memberships`.`user_id` = 15 AND `organization_memberships`.`discarded_at` IS NULL AND `project_memberships`.`discarded_at` IS NULL AND `projects`.`archived_at` IS NULL) OR `organization_memberships`.`user_id` = 15) /*action='index',application='CampsiteApi',controller='members'*/[0m
[1;38;5;2mapi-web           [0m |   ↳ app/serializers/api_serializer.rb:111:in `flatten'
[1;38;5;2mapi-web           [0m |   [1m[35mSQL (3.7ms)[0m  [1m[34mSELECT DISTINCT `projects`.`id` AS t0_r0, `projects`.`public_id` AS t0_r1, `projects`.`name` AS t0_r2, `projects`.`description` AS t0_r3, `projects`.`slack_channel_id` AS t0_r4, `projects`.`creator_id` AS t0_r5, `projects`.`organization_id` AS t0_r6, `projects`.`archived_at` AS t0_r7, `projects`.`archived_by_id` AS t0_r8, `projects`.`created_at` AS t0_r9, `projects`.`updated_at` AS t0_r10, `projects`.`posts_count` AS t0_r11, `projects`.`cover_photo_path` AS t0_r12, `projects`.`accessory` AS t0_r13, `projects`.`private` AS t0_r14, `projects`.`is_default` AS t0_r15, `projects`.`is_general` AS t0_r16, `projects`.`contributors_count` AS t0_r17, `projects`.`members_count` AS t0_r18, `projects`.`last_activity_at` AS t0_r19, `projects`.`personal` AS t0_r20, `projects`.`invite_token` AS t0_r21, `projects`.`guests_count` AS t0_r22, `projects`.`message_thread_id` AS t0_r23, `projects`.`display_reactions` AS t0_r24, `projects`.`display_attachments` AS t0_r25, `projects`.`display_comments` AS t0_r26, `projects`.`display_resolved` AS t0_r27, `message_threads`.`id` AS t1_r0, `message_threads`.`owner_id` AS t1_r1, `message_threads`.`public_id` AS t1_r2, `message_threads`.`title` AS t1_r3, `message_threads`.`last_message_at` AS t1_r4, `message_threads`.`latest_message_id` AS t1_r5, `message_threads`.`created_at` AS t1_r6, `message_threads`.`updated_at` AS t1_r7, `message_threads`.`members_count` AS t1_r8, `message_threads`.`image_path` AS t1_r9, `message_threads`.`group` AS t1_r10, `message_threads`.`discarded_at` AS t1_r11, `message_threads`.`notification_forced_at` AS t1_r12, `message_threads`.`owner_type` AS t1_r13 FROM `projects` LEFT OUTER JOIN `message_threads` ON `message_threads`.`id` = `projects`.`message_thread_id` WHERE `projects`.`organization_id` = 3 AND (`projects`.`private` = FALSE AND (EXISTS( SELECT 1 FROM organization_memberships WHERE organization_memberships.user_id = '15' AND organization_memberships.organization_id = projects.organization_id AND organization_memberships.discarded_at IS NULL AND organization_memberships.role_name in ('admin', 'member', 'viewer') LIMIT 1 )) OR (EXISTS (SELECT 1 FROM `project_memberships` INNER JOIN `organization_memberships` ON `organization_memberships`.`id` = `project_memberships`.`organization_membership_id` INNER JOIN `users` ON `users`.`id` = `organization_memberships`.`user_id` WHERE `project_memberships`.`discarded_at` IS NULL AND `users`.`id` = 15 AND `organization_memberships`.`discarded_at` IS NULL AND `project_memberships`.`project_id` = `projects`.`id`))) /*action='index',application='CampsiteApi',controller='projects'*/[0m
[1;38;5;2mapi-web           [0m |   ↳ app/serializers/api_serializer.rb:111:in `flatten'
[1;38;5;2mapi-web           [0m | Completed 200 OK in 196ms (Views: 0.1ms | ActiveRecord: 22.5ms (4 queries, 0 cached) | GC: 1.0ms)
[1;38;5;2mapi-web           [0m | 
[1;38;5;2mapi-web           [0m | 
[1;38;5;2mapi-web           [0m |   [1m[35mSQL (2.7ms)[0m  [1m[34mSELECT `project_memberships`.`id` AS t0_r0, `project_memberships`.`public_id` AS t0_r1, `project_memberships`.`position` AS t0_r2, `project_memberships`.`project_id` AS t0_r3, `project_memberships`.`organization_membership_id` AS t0_r4, `project_memberships`.`created_at` AS t0_r5, `project_memberships`.`updated_at` AS t0_r6, `project_memberships`.`discarded_at` AS t0_r7, `project_memberships`.`oauth_application_id` AS t0_r8, `projects`.`id` AS t1_r0, `projects`.`public_id` AS t1_r1, `projects`.`name` AS t1_r2, `projects`.`description` AS t1_r3, `projects`.`slack_channel_id` AS t1_r4, `projects`.`creator_id` AS t1_r5, `projects`.`organization_id` AS t1_r6, `projects`.`archived_at` AS t1_r7, `projects`.`archived_by_id` AS t1_r8, `projects`.`created_at` AS t1_r9, `projects`.`updated_at` AS t1_r10, `projects`.`posts_count` AS t1_r11, `projects`.`cover_photo_path` AS t1_r12, `projects`.`accessory` AS t1_r13, `projects`.`private` AS t1_r14, `projects`.`is_default` AS t1_r15, `projects`.`is_general` AS t1_r16, `projects`.`contributors_count` AS t1_r17, `projects`.`members_count` AS t1_r18, `projects`.`last_activity_at` AS t1_r19, `projects`.`personal` AS t1_r20, `projects`.`invite_token` AS t1_r21, `projects`.`guests_count` AS t1_r22, `projects`.`message_thread_id` AS t1_r23, `projects`.`display_reactions` AS t1_r24, `projects`.`display_attachments` AS t1_r25, `projects`.`display_comments` AS t1_r26, `projects`.`display_resolved` AS t1_r27, `organizations`.`id` AS t2_r0, `organizations`.`public_id` AS t2_r1, `organizations`.`name` AS t2_r2, `organizations`.`slug` AS t2_r3, `organizations`.`email_domain` AS t2_r4, `organizations`.`billing_email` AS t2_r5, `organizations`.`avatar_path` AS t2_r6, `organizations`.`slack_channel_id` AS t2_r7, `organizations`.`invite_token` AS t2_r8, `organizations`.`creator_id` AS t2_r9, `organizations`.`onboarded_at` AS t2_r10, `organizations`.`created_at` AS t2_r11, `organizations`.`updated_at` AS t2_r12, `organizations`.`plan_name` AS t2_r13, `organizations`.`member_count` AS t2_r14, `organizations`.`demo` AS t2_r15, `organizations`.`creator_role` AS t2_r16, `organizations`.`creator_org_size` AS t2_r17, `organizations`.`trial_ends_at` AS t2_r18, `organizations`.`creator_source` AS t2_r19, `organizations`.`creator_why` AS t2_r20, `integration_channels`.`id` AS t3_r0, `integration_channels`.`provider_channel_id` AS t3_r1, `integration_channels`.`name` AS t3_r2, `integration_channels`.`private` AS t3_r3, `integration_channels`.`integration_id` AS t3_r4, `integration_channels`.`created_at` AS t3_r5, `integration_channels`.`updated_at` AS t3_r6, `integration_channels`.`public_id` AS t3_r7, `message_threads`.`id` AS t4_r0, `message_threads`.`owner_id` AS t4_r1, `message_threads`.`public_id` AS t4_r2, `message_threads`.`title` AS t4_r3, `message_threads`.`last_message_at` AS t4_r4, `message_threads`.`latest_message_id` AS t4_r5, `message_threads`.`created_at` AS t4_r6, `message_threads`.`updated_at` AS t4_r7, `message_threads`.`members_count` AS t4_r8, `message_threads`.`image_path` AS t4_r9, `message_threads`.`group` AS t4_r10, `message_threads`.`discarded_at` AS t4_r11, `message_threads`.`notification_forced_at` AS t4_r12, `message_threads`.`owner_type` AS t4_r13, `call_rooms`.`id` AS t5_r0, `call_rooms`.`subject_type` AS t5_r1, `call_rooms`.`subject_id` AS t5_r2, `call_rooms`.`remote_room_id` AS t5_r3, `call_rooms`.`created_at` AS t5_r4, `call_rooms`.`updated_at` AS t5_r5, `call_rooms`.`organization_id` AS t5_r6, `call_rooms`.`public_id` AS t5_r7, `call_rooms`.`source` AS t5_r8, `call_rooms`.`creator_id` AS t5_r9, `organizations_call_rooms`.`id` AS t6_r0, `organizations_call_rooms`.`public_id` AS t6_r1, `organizations_call_rooms`.`name` AS t6_r2, `organizations_call_rooms`.`slug` AS t6_r3, `organizations_call_rooms`.`email_domain` AS t6_r4, `organizations_call_rooms`.`billing_email` AS t6_r5, `organizations_call_rooms`.`avatar_path` AS t6_r6, `organizations_call_rooms`.`slack_channel_id` AS t6_r7, `organizations_call_rooms`.`invite_token` AS t6_r8, `organizations_call_rooms`.`creator_id` AS t6_r9, `organizations_call_rooms`.`onboarded_at` AS t6_r10, `organizations_call_rooms`.`created_at` AS t6_r11, `organizations_call_rooms`.`updated_at` AS t6_r12, `organizations_call_rooms`.`plan_name` AS t6_r13, `organizations_call_rooms`.`member_count` AS t6_r14, `organizations_call_rooms`.`demo` AS t6_r15, `organizations_call_rooms`.`creator_role` AS t6_r16, `organizations_call_rooms`.`creator_org_size` AS t6_r17, `organizations_call_rooms`.`trial_ends_at` AS t6_r18, `organizations_call_rooms`.`creator_source` AS t6_r19, `organizations_call_rooms`.`creator_why` AS t6_r20 FROM `project_memberships` LEFT OUTER JOIN `projects` ON `projects`.`id` = `project_memberships`.`project_id` LEFT OUTER JOIN `organizations` ON `organizations`.`id` = `projects`.`organization_id` LEFT OUTER JOIN `integration_channels` ON `integration_channels`.`provider_channel_id` = `projects`.`slack_channel_id` LEFT OUTER JOIN `message_threads` ON `message_threads`.`id` = `projects`.`message_thread_id` LEFT OUTER JOIN `call_rooms` ON `call_rooms`.`subject_type` = 'Project' AND `call_rooms`.`subject_id` = `projects`.`id` LEFT OUTER JOIN `organizations` `organizations_call_rooms` ON `organizations_call_rooms`.`id` = `call_rooms`.`organization_id` WHERE `project_memberships`.`organization_membership_id` = 15 AND `project_memberships`.`discarded_at` IS NULL ORDER BY `project_memberships`.`position` ASC /*action='index',application='CampsiteApi',controller='project_memberships'*/[0m
[1;38;5;2mapi-web           [0m |   ↳ app/serializers/api_serializer.rb:111:in `flatten'
[1;38;5;2mapi-web           [0m |   [1m[36mASYNC Post Load (2.4ms) (db time 6.0ms)[0m  [1m[34mSELECT `posts`.`project_id`, SUM(EXP(-DATEDIFF(NOW(), posts.created_at)/30)) AS _score FROM `posts` WHERE `posts`.`project_id` IN (14, 17, 18, 19, 20, 21, 22, 23, 24) AND `posts`.`organization_membership_id` = 15 AND `posts`.`discarded_at` IS NULL AND `posts`.`created_at` BETWEEN '2024-12-23 23:34:14.804152' AND '2025-01-23 23:34:14.804291' GROUP BY `posts`.`project_id` /*application='CampsiteApi'*/[0m
[1;38;5;2mapi-web           [0m | Started POST "/v1/pusher/auth" for 87.75.141.139 at 2025-01-24 00:34:14 +0100
[1;38;5;2mapi-web           [0m |   ↳ app/models/project.rb:156:in `block in viewer_recent_posts_count_async'
[1;38;5;2mapi-web           [0m | Cannot render console from 172.68.205.201! Allowed networks: 127.0.0.0/127.255.255.255, ::1
[1;38;5;2mapi-web           [0m | Completed 200 OK in 311ms (Views: 0.1ms | ActiveRecord: 36.6ms (5 queries, 0 cached) | GC: 1.1ms)
[1;38;5;2mapi-web           [0m | 
[1;38;5;2mapi-web           [0m | 
[1;38;5;2mapi-web           [0m | Started POST "/v1/pusher/auth" for 87.75.141.139 at 2025-01-24 00:34:14 +0100
[1;38;5;2mapi-web           [0m | Cannot render console from 172.68.205.201! Allowed networks: 127.0.0.0/127.255.255.255, ::1
[1;38;5;2mapi-web           [0m | Processing by Api::V1::Users::NotificationSchedulesController#show as JSON
[1;38;5;2mapi-web           [0m |   Parameters: {"notification_schedule"=>{}}
[1;38;5;2mapi-web           [0m | Processing by Api::V1::OrganizationMembersController#index as JSON
[1;38;5;2mapi-web           [0m | Processing by Api::V1::OrganizationMemberships::ForMePostsController#index as JSON
[1;38;5;2mapi-web           [0m |   Parameters: {"q"=>"", "limit"=>"50", "order"=>{"by"=>"last_seen_at", "direction"=>"desc"}, "org_slug"=>"cosyland", "organization_member"=>{}}
[1;38;5;2mapi-web           [0m |   [1m[36mUser Load (2.1ms)[0m  [1m[34mSELECT `users`.* FROM `users` WHERE `users`.`id` = 15 ORDER BY `users`.`id` ASC LIMIT 1 /*action='show',application='CampsiteApi',controller='notification_schedules'*/[0m
[1;38;5;2mapi-web           [0m |   Parameters: {"order"=>{"by"=>"last_activity_at", "direction"=>"desc"}, "q"=>"", "limit"=>"20", "hide_resolved"=>"false", "org_slug"=>"cosyland", "for_me_post"=>{}}
[1;38;5;2mapi-web           [0m |   ↳ app/controllers/concerns/current_attributable.rb:17:in `set_current_user'
[1;38;5;2mapi-web           [0m |   [1m[36mUser Load (3.4ms)[0m  [1m[34mSELECT `users`.* FROM `users` WHERE `users`.`id` = 15 ORDER BY `users`.`id` ASC LIMIT 1 /*action='index',application='CampsiteApi',controller='organization_members'*/[0m
[1;38;5;2mapi-web           [0m |   ↳ app/controllers/concerns/current_attributable.rb:17:in `set_current_user'
[1;38;5;2mapi-web           [0m |   [1m[36mUser Load (2.7ms)[0m  [1m[34mSELECT `users`.* FROM `users` WHERE `users`.`id` = 15 ORDER BY `users`.`id` ASC LIMIT 1 /*action='index',application='CampsiteApi',controller='for_me_posts'*/[0m
[1;38;5;2mapi-web           [0m |   ↳ app/controllers/concerns/current_attributable.rb:17:in `set_current_user'
[1;38;5;2mapi-web           [0m |   [1m[35mSQL (4.9ms)[0m  [1m[34mSELECT `organization_memberships`.`id` AS t0_r0, `organization_memberships`.`public_id` AS t0_r1, `organization_memberships`.`organization_id` AS t0_r2, `organization_memberships`.`user_id` AS t0_r3, `organization_memberships`.`created_at` AS t0_r4, `organization_memberships`.`updated_at` AS t0_r5, `organization_memberships`.`discarded_at` AS t0_r6, `organization_memberships`.`last_seen_at` AS t0_r7, `organization_memberships`.`role_name` AS t0_r8, `organization_memberships`.`latest_status_id` AS t0_r9, `organization_memberships`.`position` AS t0_r10, `organization_memberships`.`last_viewed_posts_at` AS t0_r11, `organization_memberships`.`home_last_seen_at` AS t0_r12, `organization_memberships`.`activity_last_seen_at` AS t0_r13, `organization_membership_statuses`.`id` AS t1_r0, `organization_membership_statuses`.`message` AS t1_r1, `organization_membership_statuses`.`emoji` AS t1_r2, `organization_membership_statuses`.`expires_at` AS t1_r3, `organization_membership_statuses`.`organization_membership_id` AS t1_r4, `organization_membership_statuses`.`created_at` AS t1_r5, `organization_membership_statuses`.`updated_at` AS t1_r6, `organization_membership_statuses`.`expiration_setting` AS t1_r7, `organization_membership_statuses`.`pause_notifications` AS t1_r8, `organization`.`id` AS t2_r0, `organization`.`public_id` AS t2_r1, `organization`.`name` AS t2_r2, `organization`.`slug` AS t2_r3, `organization`.`email_domain` AS t2_r4, `organization`.`billing_email` AS t2_r5, `organization`.`avatar_path` AS t2_r6, `organization`.`slack_channel_id` AS t2_r7, `organization`.`invite_token` AS t2_r8, `organization`.`creator_id` AS t2_r9, `organization`.`onboarded_at` AS t2_r10, `organization`.`created_at` AS t2_r11, `organization`.`updated_at` AS t2_r12, `organization`.`plan_name` AS t2_r13, `organization`.`member_count` AS t2_r14, `organization`.`demo` AS t2_r15, `organization`.`creator_role` AS t2_r16, `organization`.`creator_org_size` AS t2_r17, `organization`.`trial_ends_at` AS t2_r18, `organization`.`creator_source` AS t2_r19, `organization`.`creator_why` AS t2_r20, `organization_settings`.`id` AS t3_r0, `organization_settings`.`key` AS t3_r1, `organization_settings`.`value` AS t3_r2, `organization_settings`.`organization_id` AS t3_r3, `organization_settings`.`created_at` AS t3_r4, `organization_settings`.`updated_at` AS t3_r5 FROM `organization_memberships` INNER JOIN `organizations` `organization` ON `organization`.`id` = `organization_memberships`.`organization_id` LEFT OUTER JOIN `organization_settings` ON `organization_settings`.`key` = 'enforce_two_factor_authentication' AND `organization_settings`.`organization_id` = `organization`.`id` LEFT OUTER JOIN `organization_membership_statuses` ON `organization_membership_statuses`.`id` = `organization_memberships`.`latest_status_id` WHERE `organization_memberships`.`user_id` = 15 AND `organization_memberships`.`discarded_at` IS NULL AND `organization`.`slug` IS NULL LIMIT 1 /*action='show',application='CampsiteApi',controller='notification_schedules'*/[0m
[1;38;5;2mapi-web           [0m |   ↳ app/controllers/api/v1/base_controller.rb:110:in `current_organization_membership'
[1;38;5;2mapi-web           [0m |   [1m[35mCACHE SQL (0.8ms)[0m  [1m[34mSELECT `organization_memberships`.`id` AS t0_r0, `organization_memberships`.`public_id` AS t0_r1, `organization_memberships`.`organization_id` AS t0_r2, `organization_memberships`.`user_id` AS t0_r3, `organization_memberships`.`created_at` AS t0_r4, `organization_memberships`.`updated_at` AS t0_r5, `organization_memberships`.`discarded_at` AS t0_r6, `organization_memberships`.`last_seen_at` AS t0_r7, `organization_memberships`.`role_name` AS t0_r8, `organization_memberships`.`latest_status_id` AS t0_r9, `organization_memberships`.`position` AS t0_r10, `organization_memberships`.`last_viewed_posts_at` AS t0_r11, `organization_memberships`.`home_last_seen_at` AS t0_r12, `organization_memberships`.`activity_last_seen_at` AS t0_r13, `organization_membership_statuses`.`id` AS t1_r0, `organization_membership_statuses`.`message` AS t1_r1, `organization_membership_statuses`.`emoji` AS t1_r2, `organization_membership_statuses`.`expires_at` AS t1_r3, `organization_membership_statuses`.`organization_membership_id` AS t1_r4, `organization_membership_statuses`.`created_at` AS t1_r5, `organization_membership_statuses`.`updated_at` AS t1_r6, `organization_membership_statuses`.`expiration_setting` AS t1_r7, `organization_membership_statuses`.`pause_notifications` AS t1_r8, `organization`.`id` AS t2_r0, `organization`.`public_id` AS t2_r1, `organization`.`name` AS t2_r2, `organization`.`slug` AS t2_r3, `organization`.`email_domain` AS t2_r4, `organization`.`billing_email` AS t2_r5, `organization`.`avatar_path` AS t2_r6, `organization`.`slack_channel_id` AS t2_r7, `organization`.`invite_token` AS t2_r8, `organization`.`creator_id` AS t2_r9, `organization`.`onboarded_at` AS t2_r10, `organization`.`created_at` AS t2_r11, `organization`.`updated_at` AS t2_r12, `organization`.`plan_name` AS t2_r13, `organization`.`member_count` AS t2_r14, `organization`.`demo` AS t2_r15, `organization`.`creator_role` AS t2_r16, `organization`.`creator_org_size` AS t2_r17, `organization`.`trial_ends_at` AS t2_r18, `organization`.`creator_source` AS t2_r19, `organization`.`creator_why` AS t2_r20, `organization_settings`.`id` AS t3_r0, `organization_settings`.`key` AS t3_r1, `organization_settings`.`value` AS t3_r2, `organization_settings`.`organization_id` AS t3_r3, `organization_settings`.`created_at` AS t3_r4, `organization_settings`.`updated_at` AS t3_r5 FROM `organization_memberships` INNER JOIN `organizations` `organization` ON `organization`.`id` = `organization_memberships`.`organization_id` LEFT OUTER JOIN `organization_settings` ON `organization_settings`.`key` = 'enforce_two_factor_authentication' AND `organization_settings`.`organization_id` = `organization`.`id` LEFT OUTER JOIN `organization_membership_statuses` ON `organization_membership_statuses`.`id` = `organization_memberships`.`latest_status_id` WHERE `organization_memberships`.`user_id` = 15 AND `organization_memberships`.`discarded_at` IS NULL AND `organization`.`slug` IS NULL LIMIT 1[0m
[1;38;5;2mapi-web           [0m |   [1m[35mSQL (17.2ms)[0m  [1m[34mSELECT `organization_memberships`.`id` AS t0_r0, `organization_memberships`.`public_id` AS t0_r1, `organization_memberships`.`organization_id` AS t0_r2, `organization_memberships`.`user_id` AS t0_r3, `organization_memberships`.`created_at` AS t0_r4, `organization_memberships`.`updated_at` AS t0_r5, `organization_memberships`.`discarded_at` AS t0_r6, `organization_memberships`.`last_seen_at` AS t0_r7, `organization_memberships`.`role_name` AS t0_r8, `organization_memberships`.`latest_status_id` AS t0_r9, `organization_memberships`.`position` AS t0_r10, `organization_memberships`.`last_viewed_posts_at` AS t0_r11, `organization_memberships`.`home_last_seen_at` AS t0_r12, `organization_memberships`.`activity_last_seen_at` AS t0_r13, `organization_membership_statuses`.`id` AS t1_r0, `organization_membership_statuses`.`message` AS t1_r1, `organization_membership_statuses`.`emoji` AS t1_r2, `organization_membership_statuses`.`expires_at` AS t1_r3, `organization_membership_statuses`.`organization_membership_id` AS t1_r4, `organization_membership_statuses`.`created_at` AS t1_r5, `organization_membership_statuses`.`updated_at` AS t1_r6, `organization_membership_statuses`.`expiration_setting` AS t1_r7, `organization_membership_statuses`.`pause_notifications` AS t1_r8, `organization`.`id` AS t2_r0, `organization`.`public_id` AS t2_r1, `organization`.`name` AS t2_r2, `organization`.`slug` AS t2_r3, `organization`.`email_domain` AS t2_r4, `organization`.`billing_email` AS t2_r5, `organization`.`avatar_path` AS t2_r6, `organization`.`slack_channel_id` AS t2_r7, `organization`.`invite_token` AS t2_r8, `organization`.`creator_id` AS t2_r9, `organization`.`onboarded_at` AS t2_r10, `organization`.`created_at` AS t2_r11, `organization`.`updated_at` AS t2_r12, `organization`.`plan_name` AS t2_r13, `organization`.`member_count` AS t2_r14, `organization`.`demo` AS t2_r15, `organization`.`creator_role` AS t2_r16, `organization`.`creator_org_size` AS t2_r17, `organization`.`trial_ends_at` AS t2_r18, `organization`.`creator_source` AS t2_r19, `organization`.`creator_why` AS t2_r20, `organization_settings`.`id` AS t3_r0, `organization_settings`.`key` AS t3_r1, `organization_settings`.`value` AS t3_r2, `organization_settings`.`organization_id` AS t3_r3, `organization_settings`.`created_at` AS t3_r4, `organization_settings`.`updated_at` AS t3_r5 FROM `organization_memberships` INNER JOIN `organizations` `organization` ON `organization`.`id` = `organization_memberships`.`organization_id` LEFT OUTER JOIN `organization_settings` ON `organization_settings`.`key` = 'enforce_two_factor_authentication' AND `organization_settings`.`organization_id` = `organization`.`id` LEFT OUTER JOIN `organization_membership_statuses` ON `organization_membership_statuses`.`id` = `organization_memberships`.`latest_status_id` WHERE `organization_memberships`.`user_id` = 15 AND `organization_memberships`.`discarded_at` IS NULL AND `organization`.`slug` = 'cosyland' LIMIT 1 /*action='index',application='CampsiteApi',controller='organization_members'*/[0m
[1;38;5;2mapi-web           [0m |   ↳ app/controllers/api/v1/base_controller.rb:110:in `current_organization_membership'
[1;38;5;2mapi-web           [0m |   ↳ app/controllers/api/v1/base_controller.rb:110:in `current_organization_membership'
[1;38;5;2mapi-web           [0m |   [1m[35mSQL (4.2ms)[0m  [1m[34mSELECT `organization_memberships`.`id` AS t0_r0, `organization_memberships`.`public_id` AS t0_r1, `organization_memberships`.`organization_id` AS t0_r2, `organization_memberships`.`user_id` AS t0_r3, `organization_memberships`.`created_at` AS t0_r4, `organization_memberships`.`updated_at` AS t0_r5, `organization_memberships`.`discarded_at` AS t0_r6, `organization_memberships`.`last_seen_at` AS t0_r7, `organization_memberships`.`role_name` AS t0_r8, `organization_memberships`.`latest_status_id` AS t0_r9, `organization_memberships`.`position` AS t0_r10, `organization_memberships`.`last_viewed_posts_at` AS t0_r11, `organization_memberships`.`home_last_seen_at` AS t0_r12, `organization_memberships`.`activity_last_seen_at` AS t0_r13, `organization_membership_statuses`.`id` AS t1_r0, `organization_membership_statuses`.`message` AS t1_r1, `organization_membership_statuses`.`emoji` AS t1_r2, `organization_membership_statuses`.`expires_at` AS t1_r3, `organization_membership_statuses`.`organization_membership_id` AS t1_r4, `organization_membership_statuses`.`created_at` AS t1_r5, `organization_membership_statuses`.`updated_at` AS t1_r6, `organization_membership_statuses`.`expiration_setting` AS t1_r7, `organization_membership_statuses`.`pause_notifications` AS t1_r8, `organization`.`id` AS t2_r0, `organization`.`public_id` AS t2_r1, `organization`.`name` AS t2_r2, `organization`.`slug` AS t2_r3, `organization`.`email_domain` AS t2_r4, `organization`.`billing_email` AS t2_r5, `organization`.`avatar_path` AS t2_r6, `organization`.`slack_channel_id` AS t2_r7, `organization`.`invite_token` AS t2_r8, `organization`.`creator_id` AS t2_r9, `organization`.`onboarded_at` AS t2_r10, `organization`.`created_at` AS t2_r11, `organization`.`updated_at` AS t2_r12, `organization`.`plan_name` AS t2_r13, `organization`.`member_count` AS t2_r14, `organization`.`demo` AS t2_r15, `organization`.`creator_role` AS t2_r16, `organization`.`creator_org_size` AS t2_r17, `organization`.`trial_ends_at` AS t2_r18, `organization`.`creator_source` AS t2_r19, `organization`.`creator_why` AS t2_r20, `organization_settings`.`id` AS t3_r0, `organization_settings`.`key` AS t3_r1, `organization_settings`.`value` AS t3_r2, `organization_settings`.`organization_id` AS t3_r3, `organization_settings`.`created_at` AS t3_r4, `organization_settings`.`updated_at` AS t3_r5 FROM `organization_memberships` INNER JOIN `organizations` `organization` ON `organization`.`id` = `organization_memberships`.`organization_id` LEFT OUTER JOIN `organization_settings` ON `organization_settings`.`key` = 'enforce_two_factor_authentication' AND `organization_settings`.`organization_id` = `organization`.`id` LEFT OUTER JOIN `organization_membership_statuses` ON `organization_membership_statuses`.`id` = `organization_memberships`.`latest_status_id` WHERE `organization_memberships`.`user_id` = 15 AND `organization_memberships`.`discarded_at` IS NULL AND `organization`.`slug` = 'cosyland' LIMIT 1 /*action='index',application='CampsiteApi',controller='for_me_posts'*/[0m
[1;38;5;2mapi-web           [0m |   ↳ app/controllers/api/v1/base_controller.rb:110:in `current_organization_membership'
[1;38;5;2mapi-web           [0m |   [1m[36mUser Exists? (5.6ms)[0m  [1m[34mSELECT 1 AS one FROM `users` INNER JOIN `organization_memberships` ON `users`.`id` = `organization_memberships`.`user_id` WHERE `organization_memberships`.`organization_id` = 3 AND `organization_memberships`.`discarded_at` IS NULL AND `users`.`id` = 15 LIMIT 1 /*action='index',application='CampsiteApi',controller='organization_members'*/[0m
[1;38;5;2mapi-web           [0m |   ↳ app/policies/organization_policy.rb:200:in `org_member?'
[1;38;5;2mapi-web           [0m |   [1m[36mNotificationSchedule Load (3.6ms)[0m  [1m[34mSELECT `notification_schedules`.* FROM `notification_schedules` WHERE `notification_schedules`.`user_id` = 15 LIMIT 1 /*action='show',application='CampsiteApi',controller='notification_schedules'*/[0m
[1;38;5;2mapi-web           [0m |   ↳ app/controllers/api/v1/users/notification_schedules_controller.rb:16:in `show'
[1;38;5;2mapi-web           [0m | Completed 200 OK in 88ms (Views: 0.2ms | ActiveRecord: 13.5ms (4 queries, 1 cached) | GC: 0.0ms)
[1;38;5;2mapi-web           [0m | 
[1;38;5;2mapi-web           [0m | 
[1;38;5;2mapi-web           [0m |   [1m[36mASYNC Notification Count (0.0ms) (db time 10.4ms)[0m  [1m[34mSELECT COUNT(*) AS `count_all`, `organizations`.`slug` AS `organizations_slug` FROM `notifications` INNER JOIN `organization_memberships` ON `notifications`.`organization_membership_id` = `organization_memberships`.`id` INNER JOIN `organization_memberships` `organization_memberships_notifications_join` ON `organization_memberships_notifications_join`.`id` = `notifications`.`organization_membership_id` INNER JOIN `organizations` ON `organizations`.`id` = `organization_memberships_notifications_join`.`organization_id` WHERE `organization_memberships`.`user_id` = 15 AND `organization_memberships`.`discarded_at` IS NULL AND `notifications`.`discarded_at` IS NULL AND `notifications`.`archived_at` IS NULL AND `notifications`.`read_at` IS NULL AND (NOT EXISTS ( SELECT target_id, target_type, target_scope, organization_membership_id, created_at FROM notifications AS other_notifications WHERE other_notifications.discarded_at IS NULL AND notifications.created_at < other_notifications.created_at AND notifications.target_id = other_notifications.target_id AND notifications.target_type = other_notifications.target_type AND notifications.target_scope <=> other_notifications.target_scope AND notifications.organization_membership_id = other_notifications.organization_membership_id )) GROUP BY `organizations`.`slug` /*application='CampsiteApi'*/[0m
[1;38;5;2mapi-web           [0m |   ↳ app/serializers/user_notification_counts_serializer.rb:5:in `block in <class:UserNotificationCountsSerializer>'
[1;38;5;2mapi-web           [0m |   [1m[35mSQL (7.0ms)[0m  [1m[34mSELECT DISTINCT organization_memberships.last_seen_at AS alias_0, organization_memberships.id AS alias_1, `organization_memberships`.`id` FROM `organization_memberships` INNER JOIN `users` ON `users`.`id` = `organization_memberships`.`user_id` INNER JOIN `organizations` ON `organizations`.`id` = `organization_memberships`.`organization_id` LEFT OUTER JOIN `project_memberships` `kept_project_memberships` ON `kept_project_memberships`.`discarded_at` IS NULL AND `kept_project_memberships`.`organization_membership_id` = `organization_memberships`.`id` LEFT OUTER JOIN `projects` ON `projects`.`archived_at` IS NULL AND `projects`.`id` = `kept_project_memberships`.`project_id` LEFT OUTER JOIN `organization_membership_statuses` ON `organization_membership_statuses`.`id` = `organization_memberships`.`latest_status_id` WHERE `organization_memberships`.`organization_id` = 3 AND `organization_memberships`.`discarded_at` IS NULL AND (users.username LIKE '%%' OR users.name LIKE '%%' OR users.email LIKE '%%') AND `organization_memberships`.`organization_id` IN (SELECT `organizations`.`id` FROM `organizations` INNER JOIN `organization_memberships` ON `organizations`.`id` = `organization_memberships`.`organization_id` WHERE `organization_memberships`.`user_id` = 15 AND `organization_memberships`.`discarded_at` IS NULL) AND (`organization_memberships`.`role_name` != 'guest' OR `organization_memberships`.`organization_id` IN (SELECT `organizations`.`id` FROM `organizations` INNER JOIN `organization_memberships` ON `organizations`.`id` = `organization_memberships`.`organization_id` WHERE `organization_memberships`.`user_id` = 15 AND `organization_memberships`.`discarded_at` IS NULL AND `organization_memberships`.`role_name` IN ('admin', 'member', 'viewer')) OR `kept_project_memberships`.`project_id` IN (SELECT `projects`.`id` FROM `projects` INNER JOIN `project_memberships` ON `projects`.`id` = `project_memberships`.`project_id` INNER JOIN `organization_memberships` ON `project_memberships`.`organization_membership_id` = `organization_memberships`.`id` WHERE `organization_memberships`.`user_id` = 15 AND `organization_memberships`.`discarded_at` IS NULL AND `project_memberships`.`discarded_at` IS NULL AND `projects`.`archived_at` IS NULL) OR `organization_memberships`.`user_id` = 15) ORDER BY organization_memberships.last_seen_at desc, organization_memberships.id desc LIMIT 51 /*action='index',application='CampsiteApi',controller='organization_members'*/[0m
[1;38;5;2mapi-web           [0m |   ↳ lib/cursor_pagination.rb:67:in `run'
[1;38;5;2mapi-web           [0m |   [1m[36mASYNC MessageThreadMembership Count (0.0ms) (db time 10.2ms)[0m  [1m[34mSELECT COUNT(*) AS `count_all`, `organizations`.`slug` AS `organizations_slug` FROM `message_thread_memberships` INNER JOIN `organization_memberships` ON `message_thread_memberships`.`organization_membership_id` = `organization_memberships`.`id` INNER JOIN `message_threads` ON `message_threads`.`id` = `message_thread_memberships`.`message_thread_id` INNER JOIN `organization_memberships` `organization_memberships_message_thread_memberships` ON `organization_memberships_message_thread_memberships`.`id` = `message_thread_memberships`.`organization_membership_id` INNER JOIN `organizations` ON `organizations`.`id` = `organization_memberships_message_thread_memberships`.`organization_id` WHERE `organization_memberships`.`user_id` = 15 AND `organization_memberships`.`discarded_at` IS NULL AND (EXISTS( SELECT 1 from messages WHERE messages.message_thread_id = message_thread_memberships.message_thread_id AND (message_thread_memberships.last_read_at IS NULL OR messages.created_at > message_thread_memberships.last_read_at) AND NOT messages.sender_id <=> message_thread_memberships.organization_membership_id AND messages.discarded_at IS NULL LIMIT 1 )) AND (NOT EXISTS ( SELECT 1 FROM projects WHERE projects.message_thread_id = message_threads.id LIMIT 1 )) GROUP BY `organizations`.`slug` /*application='CampsiteApi'*/[0m
[1;38;5;2mapi-web           [0m |   ↳ app/serializers/user_notification_counts_serializer.rb:9:in `block in <class:UserNotificationCountsSerializer>'
[1;38;5;2mapi-web           [0m |   [1m[36mASYNC Notification Count (0.0ms) (db time 11.5ms)[0m  [1m[34mSELECT COUNT(*) AS `count_all`, `organizations`.`slug` AS `organizations_slug` FROM `notifications` INNER JOIN `organization_memberships` ON `notifications`.`organization_membership_id` = `organization_memberships`.`id` INNER JOIN `organization_memberships` `organization_memberships_notifications_join` ON `organization_memberships_notifications_join`.`id` = `notifications`.`organization_membership_id` INNER JOIN `organizations` ON `organizations`.`id` = `organization_memberships_notifications_join`.`organization_id` WHERE `organization_memberships`.`user_id` = 15 AND `organization_memberships`.`discarded_at` IS NULL AND `notifications`.`discarded_at` IS NULL AND (NOT EXISTS ( SELECT target_id, target_type, target_scope, organization_membership_id, created_at FROM notifications AS other_notifications WHERE other_notifications.discarded_at IS NULL AND notifications.created_at < other_notifications.created_at AND notifications.target_id = other_notifications.target_id AND notifications.target_type = other_notifications.target_type AND notifications.target_scope <=> other_notifications.target_scope AND notifications.organization_membership_id = other_notifications.organization_membership_id )) AND (`notifications`.`target_type` NOT IN ('Post', 'Note', 'Call') OR `notifications`.`target_scope` = 1 OR `notifications`.`reason` = 6) AND ((notifications.created_at > COALESCE(organization_memberships.activity_last_seen_at, organization_memberships.last_seen_at, '2024-08-20')) OR `organization_memberships`.`activity_last_seen_at` IS NULL) GROUP BY `organizations`.`slug` /*application='CampsiteApi'*/[0m
[1;38;5;2mapi-web           [0m |   ↳ app/serializers/user_notification_counts_serializer.rb:13:in `block in <class:UserNotificationCountsSerializer>'
[1;38;5;2mapi-web           [0m |   [1m[35mSQL (3.7ms)[0m  [1m[34mSELECT `organization_memberships`.`id` AS t0_r0, `organization_memberships`.`public_id` AS t0_r1, `organization_memberships`.`organization_id` AS t0_r2, `organization_memberships`.`user_id` AS t0_r3, `organization_memberships`.`created_at` AS t0_r4, `organization_memberships`.`updated_at` AS t0_r5, `organization_memberships`.`discarded_at` AS t0_r6, `organization_memberships`.`last_seen_at` AS t0_r7, `organization_memberships`.`role_name` AS t0_r8, `organization_memberships`.`latest_status_id` AS t0_r9, `organization_memberships`.`position` AS t0_r10, `organization_memberships`.`last_viewed_posts_at` AS t0_r11, `organization_memberships`.`home_last_seen_at` AS t0_r12, `organization_memberships`.`activity_last_seen_at` AS t0_r13, `users`.`id` AS t1_r0, `users`.`username` AS t1_r1, `users`.`name` AS t1_r2, `users`.`public_id` AS t1_r3, `users`.`avatar_path` AS t1_r4, `users`.`email` AS t1_r5, `users`.`encrypted_password` AS t1_r6, `users`.`reset_password_token` AS t1_r7, `users`.`reset_password_sent_at` AS t1_r8, `users`.`remember_created_at` AS t1_r9, `users`.`confirmation_token` AS t1_r10, `users`.`confirmed_at` AS t1_r11, `users`.`confirmation_sent_at` AS t1_r12, `users`.`unconfirmed_email` AS t1_r13, `users`.`omniauth_provider` AS t1_r14, `users`.`omniauth_uid` AS t1_r15, `users`.`onboarded_at` AS t1_r16, `users`.`created_at` AS t1_r17, `users`.`updated_at` AS t1_r18, `users`.`cover_photo_path` AS t1_r19, `users`.`login_token` AS t1_r20, `users`.`login_token_expires_at` AS t1_r21, `users`.`consumed_timestep` AS t1_r22, `users`.`otp_backup_codes` AS t1_r23, `users`.`otp_enabled` AS t1_r24, `users`.`otp_secret` AS t1_r25, `users`.`last_seen_at` AS t1_r26, `users`.`login_token_sso_id` AS t1_r27, `users`.`scheduled_email_notifications_from` AS t1_r28, `users`.`demo` AS t1_r29, `users`.`staff` AS t1_r30, `users`.`referrer` AS t1_r31, `users`.`landing_url` AS t1_r32, `users`.`notification_pause_expires_at` AS t1_r33, `users`.`preferred_timezone` AS t1_r34, `users`.`notifications_paused_at` AS t1_r35, `organization_membership_statuses`.`id` AS t2_r0, `organization_membership_statuses`.`message` AS t2_r1, `organization_membership_statuses`.`emoji` AS t2_r2, `organization_membership_statuses`.`expires_at` AS t2_r3, `organization_membership_statuses`.`organization_membership_id` AS t2_r4, `organization_membership_statuses`.`created_at` AS t2_r5, `organization_membership_statuses`.`updated_at` AS t2_r6, `organization_membership_statuses`.`expiration_setting` AS t2_r7, `organization_membership_statuses`.`pause_notifications` AS t2_r8 FROM `organization_memberships` INNER JOIN `users` ON `users`.`id` = `organization_memberships`.`user_id` INNER JOIN `organizations` ON `organizations`.`id` = `organization_memberships`.`organization_id` LEFT OUTER JOIN `project_memberships` `kept_project_memberships` ON `kept_project_memberships`.`discarded_at` IS NULL AND `kept_project_memberships`.`organization_membership_id` = `organization_memberships`.`id` LEFT OUTER JOIN `projects` ON `projects`.`archived_at` IS NULL AND `projects`.`id` = `kept_project_memberships`.`project_id` LEFT OUTER JOIN `organization_membership_statuses` ON `organization_membership_statuses`.`id` = `organization_memberships`.`latest_status_id` WHERE `organization_memberships`.`organization_id` = 3 AND `organization_memberships`.`discarded_at` IS NULL AND (users.username LIKE '%%' OR users.name LIKE '%%' OR users.email LIKE '%%') AND `organization_memberships`.`organization_id` IN (SELECT `organizations`.`id` FROM `organizations` INNER JOIN `organization_memberships` ON `organizations`.`id` = `organization_memberships`.`organization_id` WHERE `organization_memberships`.`user_id` = 15 AND `organization_memberships`.`discarded_at` IS NULL) AND (`organization_memberships`.`role_name` != 'guest' OR `organization_memberships`.`organization_id` IN (SELECT `organizations`.`id` FROM `organizations` INNER JOIN `organization_memberships` ON `organizations`.`id` = `organization_memberships`.`organization_id` WHERE `organization_memberships`.`user_id` = 15 AND `organization_memberships`.`discarded_at` IS NULL AND `organization_memberships`.`role_name` IN ('admin', 'member', 'viewer')) OR `kept_project_memberships`.`project_id` IN (SELECT `projects`.`id` FROM `projects` INNER JOIN `project_memberships` ON `projects`.`id` = `project_memberships`.`project_id` INNER JOIN `organization_memberships` ON `project_memberships`.`organization_membership_id` = `organization_memberships`.`id` WHERE `organization_memberships`.`user_id` = 15 AND `organization_memberships`.`discarded_at` IS NULL AND `project_memberships`.`discarded_at` IS NULL AND `projects`.`archived_at` IS NULL) OR `organization_memberships`.`user_id` = 15) AND `organization_memberships`.`id` IN (15, 16, 19, 17, 18) ORDER BY organization_memberships.last_seen_at desc, organization_memberships.id desc /*action='index',application='CampsiteApi',controller='organization_members'*/[0m
[1;38;5;2mapi-web           [0m |   ↳ lib/cursor_pagination.rb:67:in `run'
[1;38;5;2mapi-web           [0m |   [1m[36mASYNC Notification Count (0.0ms) (db time 4.6ms)[0m  [1m[34mSELECT COUNT(*) AS `count_all`, `organizations`.`slug` AS `organizations_slug` FROM `notifications` INNER JOIN `organization_memberships` ON `notifications`.`organization_membership_id` = `organization_memberships`.`id` INNER JOIN `organization_memberships` `organization_memberships_notifications_join` ON `organization_memberships_notifications_join`.`id` = `notifications`.`organization_membership_id` INNER JOIN `organizations` ON `organizations`.`id` = `organization_memberships_notifications_join`.`organization_id` WHERE `organization_memberships`.`user_id` = 15 AND `organization_memberships`.`discarded_at` IS NULL AND `notifications`.`discarded_at` IS NULL AND `notifications`.`archived_at` IS NULL AND `notifications`.`read_at` IS NULL AND (NOT EXISTS ( SELECT target_id, target_type, target_scope, organization_membership_id, created_at FROM notifications AS other_notifications WHERE other_notifications.discarded_at IS NULL AND notifications.created_at < other_notifications.created_at AND notifications.target_id = other_notifications.target_id AND notifications.target_type = other_notifications.target_type AND notifications.target_scope <=> other_notifications.target_scope AND notifications.organization_membership_id = other_notifications.organization_membership_id )) AND `notifications`.`target_type` IN ('Post', 'Note', 'Call') AND `notifications`.`reason` != 6 AND (`notifications`.`target_scope` != 1 OR `notifications`.`target_scope` IS NULL) GROUP BY `organizations`.`slug` /*application='CampsiteApi'*/[0m
[1;38;5;2mapi-web           [0m |   ↳ app/serializers/user_notification_counts_serializer.rb:17:in `block in <class:UserNotificationCountsSerializer>'
[1;38;5;2mapi-web           [0m | Completed 200 OK in 837ms (Views: 0.1ms | ActiveRecord: 75.6ms (7 queries, 1 cached) | GC: 81.7ms)
[1;38;5;2mapi-web           [0m | 
[1;38;5;2mapi-web           [0m | 
[1;38;5;2mapi-web           [0m |   [1m[36mOrganizationMembership Count (7.5ms)[0m  [1m[34mSELECT COUNT(*) FROM (SELECT DISTINCT `organization_memberships`.`id` FROM `organization_memberships` INNER JOIN `users` ON `users`.`id` = `organization_memberships`.`user_id` INNER JOIN `organizations` ON `organizations`.`id` = `organization_memberships`.`organization_id` LEFT OUTER JOIN `project_memberships` `kept_project_memberships` ON `kept_project_memberships`.`discarded_at` IS NULL AND `kept_project_memberships`.`organization_membership_id` = `organization_memberships`.`id` LEFT OUTER JOIN `projects` ON `projects`.`archived_at` IS NULL AND `projects`.`id` = `kept_project_memberships`.`project_id` LEFT OUTER JOIN `organization_membership_statuses` ON `organization_membership_statuses`.`id` = `organization_memberships`.`latest_status_id` WHERE `organization_memberships`.`organization_id` = 3 AND `organization_memberships`.`discarded_at` IS NULL AND (users.username LIKE '%%' OR users.name LIKE '%%' OR users.email LIKE '%%') AND `organization_memberships`.`organization_id` IN (SELECT `organizations`.`id` FROM `organizations` INNER JOIN `organization_memberships` ON `organizations`.`id` = `organization_memberships`.`organization_id` WHERE `organization_memberships`.`user_id` = 15 AND `organization_memberships`.`discarded_at` IS NULL) AND (`organization_memberships`.`role_name` != 'guest' OR `organization_memberships`.`organization_id` IN (SELECT `organizations`.`id` FROM `organizations` INNER JOIN `organization_memberships` ON `organizations`.`id` = `organization_memberships`.`organization_id` WHERE `organization_memberships`.`user_id` = 15 AND `organization_memberships`.`discarded_at` IS NULL AND `organization_memberships`.`role_name` IN ('admin', 'member', 'viewer')) OR `kept_project_memberships`.`project_id` IN (SELECT `projects`.`id` FROM `projects` INNER JOIN `project_memberships` ON `projects`.`id` = `project_memberships`.`project_id` INNER JOIN `organization_memberships` ON `project_memberships`.`organization_membership_id` = `organization_memberships`.`id` WHERE `organization_memberships`.`user_id` = 15 AND `organization_memberships`.`discarded_at` IS NULL AND `project_memberships`.`discarded_at` IS NULL AND `projects`.`archived_at` IS NULL) OR `organization_memberships`.`user_id` = 15)) subquery_for_count /*action='index',application='CampsiteApi',controller='organization_members'*/[0m
[1;38;5;2mapi-web           [0m |   ↳ lib/cursor_pagination.rb:117:in `total_count'
[1;38;5;2mapi-web           [0m | Completed 200 OK in 192ms (Views: 0.2ms | ActiveRecord: 38.6ms (6 queries, 0 cached) | GC: 2.4ms)
[1;38;5;2mapi-web           [0m | 
[1;38;5;2mapi-web           [0m | 
[1;38;5;2mapi-web           [0m |   [1m[36mASYNC Favorite Count (0.0ms) (db time 29.4ms)[0m  [1m[34mSELECT COUNT(*) AS `count_all`, `favorites`.`favoritable_id` AS `favorites_favoritable_id` FROM `favorites` WHERE `favorites`.`favoritable_type` = 'Project' AND `favorites`.`favoritable_id` IN (14, 17, 18, 19, 20, 21, 22, 23, 24) AND `favorites`.`organization_membership_id` = 15 GROUP BY `favorites`.`favoritable_id` /*application='CampsiteApi'*/[0m
[1;38;5;2mapi-web           [0m |   ↳ lib/async_preloader.rb:14:in `value'
[1;38;5;2mapi-web           [0m |   [1m[36mASYNC UserSubscription Load (0.0ms) (db time 5.2ms)[0m  [1m[34mSELECT `user_subscriptions`.* FROM `user_subscriptions` WHERE `user_subscriptions`.`subscribable_type` = 'Project' AND `user_subscriptions`.`subscribable_id` IN (14, 17, 18, 19, 20, 21, 22, 23, 24) AND `user_subscriptions`.`user_id` = 15 GROUP BY `user_subscriptions`.`subscribable_id` /*application='CampsiteApi'*/[0m
[1;38;5;2mapi-web           [0m |   ↳ app/models/project.rb:214:in `block in viewer_subscription_async'
[1;38;5;2mapi-web           [0m |   [1m[35mSQL (4.5ms)[0m  [1m[34mSELECT DISTINCT posts.last_activity_at AS alias_0, posts.id AS alias_1, `posts`.`id` FROM `posts` LEFT OUTER JOIN `projects` `project` ON `project`.`id` = `posts`.`project_id` LEFT OUTER JOIN `organization_memberships` `member` ON `member`.`id` = `posts`.`organization_membership_id` LEFT OUTER JOIN `post_links` ON `post_links`.`post_id` = `posts`.`id` LEFT OUTER JOIN `projects` `projects_posts` ON `projects_posts`.`id` = `posts`.`project_id` LEFT OUTER JOIN `post_taggings` ON `post_taggings`.`post_id` = `posts`.`id` LEFT OUTER JOIN `tags` ON `tags`.`id` = `post_taggings`.`tag_id` LEFT OUTER JOIN `integrations` ON `integrations`.`id` = `posts`.`integration_id` LEFT OUTER JOIN `oauth_applications` ON `oauth_applications`.`id` = `posts`.`oauth_application_id` LEFT OUTER JOIN `organizations` ON `organizations`.`id` = `posts`.`organization_id` LEFT OUTER JOIN `organization_memberships` ON `organization_memberships`.`role_name` = 'admin' AND `organization_memberships`.`discarded_at` IS NULL AND `organization_memberships`.`organization_id` = `organizations`.`id` LEFT OUTER JOIN `users` ON `users`.`id` = `organization_memberships`.`user_id` LEFT OUTER JOIN `polls` ON `polls`.`post_id` = `posts`.`id` LEFT OUTER JOIN `poll_options` ON `poll_options`.`poll_id` = `polls`.`id` LEFT OUTER JOIN `attachments` ON `attachments`.`subject_type` = 'Post' AND `attachments`.`subject_id` = `posts`.`id` LEFT OUTER JOIN `figma_files` ON `figma_files`.`id` = `attachments`.`figma_file_id` LEFT OUTER JOIN `organization_memberships` `members_posts` ON `members_posts`.`id` = `posts`.`organization_membership_id` LEFT OUTER JOIN `users` `users_organization_memberships` ON `users_organization_memberships`.`id` = `members_posts`.`user_id` LEFT OUTER JOIN `organization_membership_statuses` ON `organization_membership_statuses`.`id` = `members_posts`.`latest_status_id` LEFT OUTER JOIN `post_feedback_requests` ON `post_feedback_requests`.`discarded_at` IS NULL AND `post_feedback_requests`.`dismissed_at` IS NULL AND `post_feedback_requests`.`post_id` = `posts`.`id` LEFT OUTER JOIN `organization_memberships` `members_post_feedback_requests` ON `members_post_feedback_requests`.`id` = `post_feedback_requests`.`organization_membership_id` LEFT OUTER JOIN `users` `users_organization_memberships_2` ON `users_organization_memberships_2`.`id` = `members_post_feedback_requests`.`user_id` LEFT OUTER JOIN `organization_membership_statuses` `latest_statuses_organization_memberships` ON `latest_statuses_organization_memberships`.`id` = `members_post_feedback_requests`.`latest_status_id` LEFT OUTER JOIN `follow_ups` ON `follow_ups`.`subject_type` = 'Post' AND `follow_ups`.`shown_at` IS NULL AND `follow_ups`.`subject_id` = `posts`.`id` LEFT OUTER JOIN `organization_memberships` `organization_memberships_follow_ups` ON `organization_memberships_follow_ups`.`id` = `follow_ups`.`organization_membership_id` LEFT OUTER JOIN `users` `users_organization_memberships_3` ON `users_organization_memberships_3`.`id` = `organization_memberships_follow_ups`.`user_id` LEFT OUTER JOIN `organization_membership_statuses` `latest_statuses_organization_memberships_2` ON `latest_statuses_organization_memberships_2`.`id` = `organization_memberships_follow_ups`.`latest_status_id` LEFT OUTER JOIN `comments` ON `comments`.`id` = `posts`.`resolved_comment_id` LEFT OUTER JOIN `integrations` `integrations_comments` ON `integrations_comments`.`id` = `comments`.`integration_id` LEFT OUTER JOIN `oauth_applications` `oauth_applications_comments` ON `oauth_applications_comments`.`id` = `comments`.`oauth_application_id` LEFT OUTER JOIN `organization_memberships` `members_comments` ON `members_comments`.`id` = `comments`.`organization_membership_id` LEFT OUTER JOIN `users` `users_organization_memberships_4` ON `users_organization_memberships_4`.`id` = `members_comments`.`user_id` LEFT OUTER JOIN `organization_membership_statuses` `latest_statuses_organization_memberships_3` ON `latest_statuses_organization_memberships_3`.`id` = `members_comments`.`latest_status_id` WHERE (posts.workflow_state = 'draft') AND ((`posts`.`project_id` IS NULL OR `project`.`private` = FALSE) AND (EXISTS( SELECT 1 FROM organization_memberships WHERE organization_memberships.user_id = '15' AND organization_memberships.organization_id = project.organization_id AND organization_memberships.discarded_at IS NULL AND organization_memberships.role_name in ('admin', 'member', 'viewer') LIMIT 1 )) OR (EXISTS ( SELECT 1 FROM project_memberships JOIN organization_memberships ON organization_memberships.id = project_memberships.organization_membership_id WHERE project_memberships.project_id = posts.project_id AND project_memberships.discarded_at IS NULL AND organization_memberships.user_id = '15' AND organization_memberships.discarded_at IS NULL ))) AND `posts`.`organization_membership_id` = 15 AND `posts`.`discarded_at` IS NULL AND `posts`.`stale` = FALSE AND ((posts.workflow_state = 'published') OR `member`.`user_id` = 15) ORDER BY posts.last_activity_at desc, posts.id desc LIMIT 21 /*action='index',application='CampsiteApi',controller='personal_draft_posts'*/[0m
[1;38;5;2mapi-web           [0m |   ↳ lib/cursor_pagination.rb:67:in `run'
[1;38;5;2mapi-web           [0m | Completed 200 OK in 735ms (Views: 0.1ms | ActiveRecord: 76.6ms (3 queries, 0 cached) | GC: 44.6ms)
[1;38;5;2mapi-web           [0m | 
[1;38;5;2mapi-web           [0m | 
[1;38;5;2mapi-web           [0m |   [1m[36mASYNC ProjectMembership Count (0.0ms) (db time 4.7ms)[0m  [1m[34mSELECT COUNT(*) AS `count_all`, `project_memberships`.`project_id` AS `project_memberships_project_id` FROM `project_memberships` WHERE `project_memberships`.`project_id` IN (14, 17, 18, 19, 20, 21, 22, 23, 24) AND `project_memberships`.`organization_membership_id` = 15 AND `project_memberships`.`discarded_at` IS NULL GROUP BY `project_memberships`.`project_id` /*application='CampsiteApi'*/[0m
[1;38;5;2mapi-web           [0m |   ↳ lib/async_preloader.rb:14:in `value'
[1;38;5;2mapi-web           [0m |   [1m[36mASYNC Project Count (0.0ms) (db time 2.2ms)[0m  [1m[34mSELECT COUNT(*) AS `count_all`, `projects`.`id` AS `projects_id` FROM `projects` LEFT OUTER JOIN `project_views` `views` ON `views`.`project_id` = `projects`.`id` LEFT OUTER JOIN `posts` ON `posts`.`discarded_at` IS NULL AND `posts`.`project_id` = `projects`.`id` AND (posts.workflow_state = 'published') LEFT OUTER JOIN `message_threads` ON `message_threads`.`id` = `projects`.`message_thread_id` LEFT OUTER JOIN `message_thread_memberships` `memberships` ON `memberships`.`message_thread_id` = `message_threads`.`id` WHERE `projects`.`id` IN (14, 17, 18, 19, 20, 21, 22, 23, 24) AND (`views`.`organization_membership_id` = 15 AND (`views`.`manually_marked_unread_at` IS NOT NULL OR NOT ((posts.organization_membership_id <=> '15')) AND (posts.created_at > views.last_viewed_at) AND (NOT EXISTS ( SELECT 1 FROM post_views WHERE post_views.post_id = posts.id AND post_views.organization_membership_id = '15' ))) OR (EXISTS( SELECT 1 from messages WHERE messages.message_thread_id = memberships.message_thread_id AND (memberships.last_read_at IS NULL OR messages.created_at > memberships.last_read_at) AND NOT messages.sender_id <=> memberships.organization_membership_id AND messages.discarded_at IS NULL LIMIT 1 )) AND `memberships`.`organization_membership_id` = 15) GROUP BY `projects`.`id` /*application='CampsiteApi'*/[0m
[1;38;5;2mapi-web           [0m |   ↳ lib/async_preloader.rb:14:in `value'
[1;38;5;2mapi-web           [0m |   [1m[36mASYNC ProjectDisplayPreference Load (0.0ms) (db time 3.9ms)[0m  [1m[34mSELECT `project_display_preferences`.* FROM `project_display_preferences` WHERE `project_display_preferences`.`project_id` IN (14, 17, 18, 19, 20, 21, 22, 23, 24) AND `project_display_preferences`.`organization_membership_id` = 15 /*application='CampsiteApi'*/[0m
[1;38;5;2mapi-web           [0m |   ↳ app/models/project.rb:272:in `block in display_preferences_async'
[1;38;5;2mapi-web           [0m | Completed 200 OK in 500ms (Views: 0.1ms | ActiveRecord: 137.0ms (9 queries, 0 cached) | GC: 38.2ms)
[1;38;5;2mapi-web           [0m | 
[1;38;5;2mapi-web           [0m | 
[1;38;5;2mapi-web           [0m | Processing by Api::V1::Pusher::AuthsController#create as JSON
[1;38;5;2mapi-web           [0m |   Parameters: {"socket_id"=>"57939.252484", "channel_name"=>"presence-organization-cosyland"}
[1;38;5;2mapi-web           [0m | Processing by Api::V1::Pusher::AuthsController#create as JSON
[1;38;5;2mapi-web           [0m |   Parameters: {"socket_id"=>"57939.252484", "channel_name"=>"private-user-r73wwd5e71d4"}
[1;38;5;2mapi-web           [0m |   [1m[36mUser Load (7.8ms)[0m  [1m[34mSELECT `users`.* FROM `users` WHERE `users`.`id` = 15 ORDER BY `users`.`id` ASC LIMIT 1 /*action='create',application='CampsiteApi',controller='auths'*/[0m
[1;38;5;2mapi-web           [0m |   ↳ app/controllers/concerns/current_attributable.rb:17:in `set_current_user'
[1;38;5;2mapi-web           [0m |   [1m[36mUser Load (9.5ms)[0m  [1m[34mSELECT `users`.* FROM `users` WHERE `users`.`id` = 15 ORDER BY `users`.`id` ASC LIMIT 1 /*action='create',application='CampsiteApi',controller='auths'*/[0m
[1;38;5;2mapi-web           [0m | Started GET "/v1/organizations/cosyland/members/mahnaz" for 87.75.141.139 at 2025-01-24 00:34:15 +0100
[1;38;5;2mapi-web           [0m | Cannot render console from 172.68.205.201! Allowed networks: 127.0.0.0/127.255.255.255, ::1
[1;38;5;2mapi-web           [0m |   ↳ app/controllers/concerns/current_attributable.rb:17:in `set_current_user'
[1;38;5;2mapi-web           [0m |   [1m[35mSQL (3.0ms)[0m  [1m[34mSELECT `organization_memberships`.`id` AS t0_r0, `organization_memberships`.`public_id` AS t0_r1, `organization_memberships`.`organization_id` AS t0_r2, `organization_memberships`.`user_id` AS t0_r3, `organization_memberships`.`created_at` AS t0_r4, `organization_memberships`.`updated_at` AS t0_r5, `organization_memberships`.`discarded_at` AS t0_r6, `organization_memberships`.`last_seen_at` AS t0_r7, `organization_memberships`.`role_name` AS t0_r8, `organization_memberships`.`latest_status_id` AS t0_r9, `organization_memberships`.`position` AS t0_r10, `organization_memberships`.`last_viewed_posts_at` AS t0_r11, `organization_memberships`.`home_last_seen_at` AS t0_r12, `organization_memberships`.`activity_last_seen_at` AS t0_r13, `organization_membership_statuses`.`id` AS t1_r0, `organization_membership_statuses`.`message` AS t1_r1, `organization_membership_statuses`.`emoji` AS t1_r2, `organization_membership_statuses`.`expires_at` AS t1_r3, `organization_membership_statuses`.`organization_membership_id` AS t1_r4, `organization_membership_statuses`.`created_at` AS t1_r5, `organization_membership_statuses`.`updated_at` AS t1_r6, `organization_membership_statuses`.`expiration_setting` AS t1_r7, `organization_membership_statuses`.`pause_notifications` AS t1_r8, `organization`.`id` AS t2_r0, `organization`.`public_id` AS t2_r1, `organization`.`name` AS t2_r2, `organization`.`slug` AS t2_r3, `organization`.`email_domain` AS t2_r4, `organization`.`billing_email` AS t2_r5, `organization`.`avatar_path` AS t2_r6, `organization`.`slack_channel_id` AS t2_r7, `organization`.`invite_token` AS t2_r8, `organization`.`creator_id` AS t2_r9, `organization`.`onboarded_at` AS t2_r10, `organization`.`created_at` AS t2_r11, `organization`.`updated_at` AS t2_r12, `organization`.`plan_name` AS t2_r13, `organization`.`member_count` AS t2_r14, `organization`.`demo` AS t2_r15, `organization`.`creator_role` AS t2_r16, `organization`.`creator_org_size` AS t2_r17, `organization`.`trial_ends_at` AS t2_r18, `organization`.`creator_source` AS t2_r19, `organization`.`creator_why` AS t2_r20, `organization_settings`.`id` AS t3_r0, `organization_settings`.`key` AS t3_r1, `organization_settings`.`value` AS t3_r2, `organization_settings`.`organization_id` AS t3_r3, `organization_settings`.`created_at` AS t3_r4, `organization_settings`.`updated_at` AS t3_r5 FROM `organization_memberships` INNER JOIN `organizations` `organization` ON `organization`.`id` = `organization_memberships`.`organization_id` LEFT OUTER JOIN `organization_settings` ON `organization_settings`.`key` = 'enforce_two_factor_authentication' AND `organization_settings`.`organization_id` = `organization`.`id` LEFT OUTER JOIN `organization_membership_statuses` ON `organization_membership_statuses`.`id` = `organization_memberships`.`latest_status_id` WHERE `organization_memberships`.`user_id` = 15 AND `organization_memberships`.`discarded_at` IS NULL AND `organization`.`slug` IS NULL LIMIT 1 /*action='create',application='CampsiteApi',controller='auths'*/[0m
[1;38;5;2mapi-web           [0m |   ↳ app/controllers/api/v1/base_controller.rb:110:in `current_organization_membership'
[1;38;5;2mapi-web           [0m | Started GET "/v1/organizations/cosyland/members/haider" for 87.75.141.139 at 2025-01-24 00:34:15 +0100
[1;38;5;2mapi-web           [0m | Cannot render console from 172.68.205.200! Allowed networks: 127.0.0.0/127.255.255.255, ::1
[1;38;5;2mapi-web           [0m |   [1m[35mCACHE SQL (0.5ms)[0m  [1m[34mSELECT `organization_memberships`.`id` AS t0_r0, `organization_memberships`.`public_id` AS t0_r1, `organization_memberships`.`organization_id` AS t0_r2, `organization_memberships`.`user_id` AS t0_r3, `organization_memberships`.`created_at` AS t0_r4, `organization_memberships`.`updated_at` AS t0_r5, `organization_memberships`.`discarded_at` AS t0_r6, `organization_memberships`.`last_seen_at` AS t0_r7, `organization_memberships`.`role_name` AS t0_r8, `organization_memberships`.`latest_status_id` AS t0_r9, `organization_memberships`.`position` AS t0_r10, `organization_memberships`.`last_viewed_posts_at` AS t0_r11, `organization_memberships`.`home_last_seen_at` AS t0_r12, `organization_memberships`.`activity_last_seen_at` AS t0_r13, `organization_membership_statuses`.`id` AS t1_r0, `organization_membership_statuses`.`message` AS t1_r1, `organization_membership_statuses`.`emoji` AS t1_r2, `organization_membership_statuses`.`expires_at` AS t1_r3, `organization_membership_statuses`.`organization_membership_id` AS t1_r4, `organization_membership_statuses`.`created_at` AS t1_r5, `organization_membership_statuses`.`updated_at` AS t1_r6, `organization_membership_statuses`.`expiration_setting` AS t1_r7, `organization_membership_statuses`.`pause_notifications` AS t1_r8, `organization`.`id` AS t2_r0, `organization`.`public_id` AS t2_r1, `organization`.`name` AS t2_r2, `organization`.`slug` AS t2_r3, `organization`.`email_domain` AS t2_r4, `organization`.`billing_email` AS t2_r5, `organization`.`avatar_path` AS t2_r6, `organization`.`slack_channel_id` AS t2_r7, `organization`.`invite_token` AS t2_r8, `organization`.`creator_id` AS t2_r9, `organization`.`onboarded_at` AS t2_r10, `organization`.`created_at` AS t2_r11, `organization`.`updated_at` AS t2_r12, `organization`.`plan_name` AS t2_r13, `organization`.`member_count` AS t2_r14, `organization`.`demo` AS t2_r15, `organization`.`creator_role` AS t2_r16, `organization`.`creator_org_size` AS t2_r17, `organization`.`trial_ends_at` AS t2_r18, `organization`.`creator_source` AS t2_r19, `organization`.`creator_why` AS t2_r20, `organization_settings`.`id` AS t3_r0, `organization_settings`.`key` AS t3_r1, `organization_settings`.`value` AS t3_r2, `organization_settings`.`organization_id` AS t3_r3, `organization_settings`.`created_at` AS t3_r4, `organization_settings`.`updated_at` AS t3_r5 FROM `organization_memberships` INNER JOIN `organizations` `organization` ON `organization`.`id` = `organization_memberships`.`organization_id` LEFT OUTER JOIN `organization_settings` ON `organization_settings`.`key` = 'enforce_two_factor_authentication' AND `organization_settings`.`organization_id` = `organization`.`id` LEFT OUTER JOIN `organization_membership_statuses` ON `organization_membership_statuses`.`id` = `organization_memberships`.`latest_status_id` WHERE `organization_memberships`.`user_id` = 15 AND `organization_memberships`.`discarded_at` IS NULL AND `organization`.`slug` IS NULL LIMIT 1[0m
[1;38;5;2mapi-web           [0m | Started GET "/v1/organizations/cosyland/threads/dms/faiz" for 87.75.141.139 at 2025-01-24 00:34:15 +0100
[1;38;5;2mapi-web           [0m |   [1m[35mSQL (6.7ms)[0m  [1m[34mSELECT `organization_memberships`.`id` AS t0_r0, `organization_memberships`.`public_id` AS t0_r1, `organization_memberships`.`organization_id` AS t0_r2, `organization_memberships`.`user_id` AS t0_r3, `organization_memberships`.`created_at` AS t0_r4, `organization_memberships`.`updated_at` AS t0_r5, `organization_memberships`.`discarded_at` AS t0_r6, `organization_memberships`.`last_seen_at` AS t0_r7, `organization_memberships`.`role_name` AS t0_r8, `organization_memberships`.`latest_status_id` AS t0_r9, `organization_memberships`.`position` AS t0_r10, `organization_memberships`.`last_viewed_posts_at` AS t0_r11, `organization_memberships`.`home_last_seen_at` AS t0_r12, `organization_memberships`.`activity_last_seen_at` AS t0_r13, `organization_membership_statuses`.`id` AS t1_r0, `organization_membership_statuses`.`message` AS t1_r1, `organization_membership_statuses`.`emoji` AS t1_r2, `organization_membership_statuses`.`expires_at` AS t1_r3, `organization_membership_statuses`.`organization_membership_id` AS t1_r4, `organization_membership_statuses`.`created_at` AS t1_r5, `organization_membership_statuses`.`updated_at` AS t1_r6, `organization_membership_statuses`.`expiration_setting` AS t1_r7, `organization_membership_statuses`.`pause_notifications` AS t1_r8, `organization`.`id` AS t2_r0, `organization`.`public_id` AS t2_r1, `organization`.`name` AS t2_r2, `organization`.`slug` AS t2_r3, `organization`.`email_domain` AS t2_r4, `organization`.`billing_email` AS t2_r5, `organization`.`avatar_path` AS t2_r6, `organization`.`slack_channel_id` AS t2_r7, `organization`.`invite_token` AS t2_r8, `organization`.`creator_id` AS t2_r9, `organization`.`onboarded_at` AS t2_r10, `organization`.`created_at` AS t2_r11, `organization`.`updated_at` AS t2_r12, `organization`.`plan_name` AS t2_r13, `organization`.`member_count` AS t2_r14, `organization`.`demo` AS t2_r15, `organization`.`creator_role` AS t2_r16, `organization`.`creator_org_size` AS t2_r17, `organization`.`trial_ends_at` AS t2_r18, `organization`.`creator_source` AS t2_r19, `organization`.`creator_why` AS t2_r20, `organization_settings`.`id` AS t3_r0, `organization_settings`.`key` AS t3_r1, `organization_settings`.`value` AS t3_r2, `organization_settings`.`organization_id` AS t3_r3, `organization_settings`.`created_at` AS t3_r4, `organization_settings`.`updated_at` AS t3_r5 FROM `organization_memberships` INNER JOIN `organizations` `organization` ON `organization`.`id` = `organization_memberships`.`organization_id` LEFT OUTER JOIN `organization_settings` ON `organization_settings`.`key` = 'enforce_two_factor_authentication' AND `organization_settings`.`organization_id` = `organization`.`id` LEFT OUTER JOIN `organization_membership_statuses` ON `organization_membership_statuses`.`id` = `organization_memberships`.`latest_status_id` WHERE `organization_memberships`.`user_id` = 15 AND `organization_memberships`.`discarded_at` IS NULL AND `organization`.`slug` IS NULL LIMIT 1 /*action='create',application='CampsiteApi',controller='auths'*/[0m
[1;38;5;2mapi-web           [0m |   ↳ app/controllers/api/v1/base_controller.rb:110:in `current_organization_membership'
[1;38;5;2mapi-web           [0m | Cannot render console from 172.68.205.201! Allowed networks: 127.0.0.0/127.255.255.255, ::1
[1;38;5;2mapi-web           [0m |   ↳ app/controllers/api/v1/base_controller.rb:110:in `current_organization_membership'
[1;38;5;2mapi-web           [0m | Started GET "/v1/organizations/cosyland/threads/dms/haider" for 87.75.141.139 at 2025-01-24 00:34:15 +0100
[1;38;5;2mapi-web           [0m |   [1m[35mCACHE SQL (0.4ms)[0m  [1m[34mSELECT `organization_memberships`.`id` AS t0_r0, `organization_memberships`.`public_id` AS t0_r1, `organization_memberships`.`organization_id` AS t0_r2, `organization_memberships`.`user_id` AS t0_r3, `organization_memberships`.`created_at` AS t0_r4, `organization_memberships`.`updated_at` AS t0_r5, `organization_memberships`.`discarded_at` AS t0_r6, `organization_memberships`.`last_seen_at` AS t0_r7, `organization_memberships`.`role_name` AS t0_r8, `organization_memberships`.`latest_status_id` AS t0_r9, `organization_memberships`.`position` AS t0_r10, `organization_memberships`.`last_viewed_posts_at` AS t0_r11, `organization_memberships`.`home_last_seen_at` AS t0_r12, `organization_memberships`.`activity_last_seen_at` AS t0_r13, `organization_membership_statuses`.`id` AS t1_r0, `organization_membership_statuses`.`message` AS t1_r1, `organization_membership_statuses`.`emoji` AS t1_r2, `organization_membership_statuses`.`expires_at` AS t1_r3, `organization_membership_statuses`.`organization_membership_id` AS t1_r4, `organization_membership_statuses`.`created_at` AS t1_r5, `organization_membership_statuses`.`updated_at` AS t1_r6, `organization_membership_statuses`.`expiration_setting` AS t1_r7, `organization_membership_statuses`.`pause_notifications` AS t1_r8, `organization`.`id` AS t2_r0, `organization`.`public_id` AS t2_r1, `organization`.`name` AS t2_r2, `organization`.`slug` AS t2_r3, `organization`.`email_domain` AS t2_r4, `organization`.`billing_email` AS t2_r5, `organization`.`avatar_path` AS t2_r6, `organization`.`slack_channel_id` AS t2_r7, `organization`.`invite_token` AS t2_r8, `organization`.`creator_id` AS t2_r9, `organization`.`onboarded_at` AS t2_r10, `organization`.`created_at` AS t2_r11, `organization`.`updated_at` AS t2_r12, `organization`.`plan_name` AS t2_r13, `organization`.`member_count` AS t2_r14, `organization`.`demo` AS t2_r15, `organization`.`creator_role` AS t2_r16, `organization`.`creator_org_size` AS t2_r17, `organization`.`trial_ends_at` AS t2_r18, `organization`.`creator_source` AS t2_r19, `organization`.`creator_why` AS t2_r20, `organization_settings`.`id` AS t3_r0, `organization_settings`.`key` AS t3_r1, `organization_settings`.`value` AS t3_r2, `organization_settings`.`organization_id` AS t3_r3, `organization_settings`.`created_at` AS t3_r4, `organization_settings`.`updated_at` AS t3_r5 FROM `organization_memberships` INNER JOIN `organizations` `organization` ON `organization`.`id` = `organization_memberships`.`organization_id` LEFT OUTER JOIN `organization_settings` ON `organization_settings`.`key` = 'enforce_two_factor_authentication' AND `organization_settings`.`organization_id` = `organization`.`id` LEFT OUTER JOIN `organization_membership_statuses` ON `organization_membership_statuses`.`id` = `organization_memberships`.`latest_status_id` WHERE `organization_memberships`.`user_id` = 15 AND `organization_memberships`.`discarded_at` IS NULL AND `organization`.`slug` IS NULL LIMIT 1[0m
[1;38;5;2mapi-web           [0m |   [1m[36mOrganization Load (4.4ms)[0m  [1m[34mSELECT `organizations`.* FROM `organizations` WHERE `organizations`.`slug` = 'cosyland' LIMIT 1 /*action='create',application='CampsiteApi',controller='auths'*/[0m
[1;38;5;2mapi-web           [0m | Started GET "/v1/organizations/cosyland/members/martyna" for 87.75.141.139 at 2025-01-24 00:34:15 +0100
[1;38;5;2mapi-web           [0m | Cannot render console from 172.68.205.201! Allowed networks: 127.0.0.0/127.255.255.255, ::1
[1;38;5;2mapi-web           [0m |   ↳ app/controllers/api/v1/base_controller.rb:110:in `current_organization_membership'
[1;38;5;2mapi-web           [0m |   ↳ app/controllers/api/v1/pusher/auths_controller.rb:41:in `authorize'
[1;38;5;2mapi-web           [0m | Completed 200 OK in 34ms (Views: 0.1ms | ActiveRecord: 16.2ms (3 queries, 1 cached) | GC: 0.9ms)
[1;38;5;2mapi-web           [0m | 
[1;38;5;2mapi-web           [0m | 
[1;38;5;2mapi-web           [0m | Cannot render console from 172.68.205.200! Allowed networks: 127.0.0.0/127.255.255.255, ::1
[1;38;5;42mweb               [0m |  [31m[1m⨯[22m[39m Error: [@octokit/auth-app] appId option is required
[1;38;5;42mweb               [0m |     at createAppAuth (file:///home/faiz/campsite/campsite/node_modules/[4m.pnpm[24m/@octokit+auth-app@7.1.0/node_modules/[4m@octokit[24m/auth-app/dist-node/index.js:393:11)
[1;38;5;42mweb               [0m |     at new Octokit (file:///home/faiz/campsite/campsite/node_modules/[4m.pnpm[24m/@octokit+core@6.1.2/node_modules/[4m@octokit[24m/core/dist-src/index.js:100:20)
[1;38;5;42mweb               [0m |     at [90m/home/faiz/campsite/campsite/apps/web/[39m.next/server/pages/api/latest-release.js:1:1052
[1;38;5;2mapi-web           [0m |   [1m[36mUser Exists? (5.0ms)[0m  [1m[34mSELECT 1 AS one FROM `users` INNER JOIN `organization_memberships` ON `users`.`id` = `organization_memberships`.`user_id` WHERE `organization_memberships`.`organization_id` = 3 AND `organization_memberships`.`discarded_at` IS NULL AND `users`.`id` = 15 LIMIT 1 /*action='create',application='CampsiteApi',controller='auths'*/[0m
[1;38;5;2mapi-web           [0m |   ↳ app/models/organization.rb:165:in `member?'
[1;38;5;2mapi-web           [0m | Completed 200 OK in 50ms (Views: 0.2ms | ActiveRecord: 20.0ms (5 queries, 1 cached) | GC: 1.1ms)
[1;38;5;2mapi-web           [0m | 
[1;38;5;2mapi-web           [0m | 
[1;38;5;2mapi-web           [0m | Started GET "/v1/organizations/cosyland/threads/dms/martyna" for 87.75.141.139 at 2025-01-24 00:34:15 +0100
[1;38;5;2mapi-web           [0m | Cannot render console from 172.68.205.201! Allowed networks: 127.0.0.0/127.255.255.255, ::1
[1;38;5;2mapi-web           [0m | Started GET "/v1/organizations/cosyland/threads/dms/samuel" for 87.75.141.139 at 2025-01-24 00:34:15 +0100
[1;38;5;2mapi-web           [0m | Cannot render console from 172.68.205.200! Allowed networks: 127.0.0.0/127.255.255.255, ::1
[1;38;5;2mapi-web           [0m | Processing by Api::V1::MessageThreadsController#index as JSON
[1;38;5;2mapi-web           [0m |   Parameters: {"org_slug"=>"cosyland", "message_thread"=>{}}
[1;38;5;2mapi-web           [0m |   [1m[36mUser Load (3.2ms)[0m  [1m[34mSELECT `users`.* FROM `users` WHERE `users`.`id` = 15 ORDER BY `users`.`id` ASC LIMIT 1 /*action='index',application='CampsiteApi',controller='message_threads'*/[0m
[1;38;5;2mapi-web           [0m |   ↳ app/controllers/concerns/current_attributable.rb:17:in `set_current_user'
[1;38;5;2mapi-web           [0m |   [1m[35mSQL (2.0ms)[0m  [1m[34mSELECT `organization_memberships`.`id` AS t0_r0, `organization_memberships`.`public_id` AS t0_r1, `organization_memberships`.`organization_id` AS t0_r2, `organization_memberships`.`user_id` AS t0_r3, `organization_memberships`.`created_at` AS t0_r4, `organization_memberships`.`updated_at` AS t0_r5, `organization_memberships`.`discarded_at` AS t0_r6, `organization_memberships`.`last_seen_at` AS t0_r7, `organization_memberships`.`role_name` AS t0_r8, `organization_memberships`.`latest_status_id` AS t0_r9, `organization_memberships`.`position` AS t0_r10, `organization_memberships`.`last_viewed_posts_at` AS t0_r11, `organization_memberships`.`home_last_seen_at` AS t0_r12, `organization_memberships`.`activity_last_seen_at` AS t0_r13, `organization_membership_statuses`.`id` AS t1_r0, `organization_membership_statuses`.`message` AS t1_r1, `organization_membership_statuses`.`emoji` AS t1_r2, `organization_membership_statuses`.`expires_at` AS t1_r3, `organization_membership_statuses`.`organization_membership_id` AS t1_r4, `organization_membership_statuses`.`created_at` AS t1_r5, `organization_membership_statuses`.`updated_at` AS t1_r6, `organization_membership_statuses`.`expiration_setting` AS t1_r7, `organization_membership_statuses`.`pause_notifications` AS t1_r8, `organization`.`id` AS t2_r0, `organization`.`public_id` AS t2_r1, `organization`.`name` AS t2_r2, `organization`.`slug` AS t2_r3, `organization`.`email_domain` AS t2_r4, `organization`.`billing_email` AS t2_r5, `organization`.`avatar_path` AS t2_r6, `organization`.`slack_channel_id` AS t2_r7, `organization`.`invite_token` AS t2_r8, `organization`.`creator_id` AS t2_r9, `organization`.`onboarded_at` AS t2_r10, `organization`.`created_at` AS t2_r11, `organization`.`updated_at` AS t2_r12, `organization`.`plan_name` AS t2_r13, `organization`.`member_count` AS t2_r14, `organization`.`demo` AS t2_r15, `organization`.`creator_role` AS t2_r16, `organization`.`creator_org_size` AS t2_r17, `organization`.`trial_ends_at` AS t2_r18, `organization`.`creator_source` AS t2_r19, `organization`.`creator_why` AS t2_r20, `organization_settings`.`id` AS t3_r0, `organization_settings`.`key` AS t3_r1, `organization_settings`.`value` AS t3_r2, `organization_settings`.`organization_id` AS t3_r3, `organization_settings`.`created_at` AS t3_r4, `organization_settings`.`updated_at` AS t3_r5 FROM `organization_memberships` INNER JOIN `organizations` `organization` ON `organization`.`id` = `organization_memberships`.`organization_id` LEFT OUTER JOIN `organization_settings` ON `organization_settings`.`key` = 'enforce_two_factor_authentication' AND `organization_settings`.`organization_id` = `organization`.`id` LEFT OUTER JOIN `organization_membership_statuses` ON `organization_membership_statuses`.`id` = `organization_memberships`.`latest_status_id` WHERE `organization_memberships`.`user_id` = 15 AND `organization_memberships`.`discarded_at` IS NULL AND `organization`.`slug` = 'cosyland' LIMIT 1 /*action='index',application='CampsiteApi',controller='message_threads'*/[0m
[1;38;5;2mapi-web           [0m |   ↳ app/controllers/api/v1/base_controller.rb:110:in `current_organization_membership'
[1;38;5;2mapi-web           [0m |   [1m[36mUser Exists? (5.0ms)[0m  [1m[34mSELECT 1 AS one FROM `users` INNER JOIN `organization_memberships` ON `users`.`id` = `organization_memberships`.`user_id` WHERE `organization_memberships`.`organization_id` = 3 AND `organization_memberships`.`discarded_at` IS NULL AND `users`.`id` = 15 LIMIT 1 /*action='index',application='CampsiteApi',controller='message_threads'*/[0m
[1;38;5;2mapi-web           [0m |   ↳ app/policies/organization_policy.rb:200:in `org_member?'
[1;38;5;2mapi-web           [0m | Processing by Api::V1::MessageThreads::DmsController#show as JSON
[1;38;5;2mapi-web           [0m |   Parameters: {"org_slug"=>"cosyland", "username"=>"faiz", "dm"=>{}}
[1;38;5;2mapi-web           [0m |   [1m[35mSQL (25.8ms)[0m  [1m[34mSELECT `message_threads`.`id` AS t0_r0, `message_threads`.`owner_id` AS t0_r1, `message_threads`.`public_id` AS t0_r2, `message_threads`.`title` AS t0_r3, `message_threads`.`last_message_at` AS t0_r4, `message_threads`.`latest_message_id` AS t0_r5, `message_threads`.`created_at` AS t0_r6, `message_threads`.`updated_at` AS t0_r7, `message_threads`.`members_count` AS t0_r8, `message_threads`.`image_path` AS t0_r9, `message_threads`.`group` AS t0_r10, `message_threads`.`discarded_at` AS t0_r11, `message_threads`.`notification_forced_at` AS t0_r12, `message_threads`.`owner_type` AS t0_r13, `call_rooms`.`id` AS t1_r0, `call_rooms`.`subject_type` AS t1_r1, `call_rooms`.`subject_id` AS t1_r2, `call_rooms`.`remote_room_id` AS t1_r3, `call_rooms`.`created_at` AS t1_r4, `call_rooms`.`updated_at` AS t1_r5, `call_rooms`.`organization_id` AS t1_r6, `call_rooms`.`public_id` AS t1_r7, `call_rooms`.`source` AS t1_r8, `call_rooms`.`creator_id` AS t1_r9, `projects`.`id` AS t2_r0, `projects`.`public_id` AS t2_r1, `projects`.`name` AS t2_r2, `projects`.`description` AS t2_r3, `projects`.`slack_channel_id` AS t2_r4, `projects`.`creator_id` AS t2_r5, `projects`.`organization_id` AS t2_r6, `projects`.`archived_at` AS t2_r7, `projects`.`archived_by_id` AS t2_r8, `projects`.`created_at` AS t2_r9, `projects`.`updated_at` AS t2_r10, `projects`.`posts_count` AS t2_r11, `projects`.`cover_photo_path` AS t2_r12, `projects`.`accessory` AS t2_r13, `projects`.`private` AS t2_r14, `projects`.`is_default` AS t2_r15, `projects`.`is_general` AS t2_r16, `projects`.`contributors_count` AS t2_r17, `projects`.`members_count` AS t2_r18, `projects`.`last_activity_at` AS t2_r19, `projects`.`personal` AS t2_r20, `projects`.`invite_token` AS t2_r21, `projects`.`guests_count` AS t2_r22, `projects`.`message_thread_id` AS t2_r23, `projects`.`display_reactions` AS t2_r24, `projects`.`display_attachments` AS t2_r25, `projects`.`display_comments` AS t2_r26, `projects`.`display_resolved` AS t2_r27, `oauth_applications`.`id` AS t3_r0, `oauth_applications`.`public_id` AS t3_r1, `oauth_applications`.`name` AS t3_r2, `oauth_applications`.`uid` AS t3_r3, `oauth_applications`.`secret` AS t3_r4, `oauth_applications`.`redirect_uri` AS t3_r5, `oauth_applications`.`scopes` AS t3_r6, `oauth_applications`.`confidential` AS t3_r7, `oauth_applications`.`owner_type` AS t3_r8, `oauth_applications`.`owner_id` AS t3_r9, `oauth_applications`.`created_at` AS t3_r10, `oauth_applications`.`updated_at` AS t3_r11, `oauth_applications`.`avatar_path` AS t3_r12, `oauth_applications`.`discarded_at` AS t3_r13, `oauth_applications`.`provider` AS t3_r14, `oauth_applications`.`creator_id` AS t3_r15, `oauth_applications`.`last_copied_secret_at` AS t3_r16, `calls`.`id` AS t4_r0, `calls`.`started_at` AS t4_r1, `calls`.`stopped_at` AS t4_r2, `calls`.`remote_session_id` AS t4_r3, `calls`.`call_room_id` AS t4_r4, `calls`.`created_at` AS t4_r5, `calls`.`updated_at` AS t4_r6, `calls`.`public_id` AS t4_r7, `calls`.`title` AS t4_r8, `calls`.`summary` AS t4_r9, `calls`.`generated_title` AS t4_r10, `calls`.`generated_title_status` AS t4_r11, `calls`.`recordings_duration` AS t4_r12, `calls`.`project_id` AS t4_r13, `calls`.`project_permission` AS t4_r14, `calls`.`generated_summary_status` AS t4_r15, `rooms_calls`.`id` AS t5_r0, `rooms_calls`.`subject_type` AS t5_r1, `rooms_calls`.`subject_id` AS t5_r2, `rooms_calls`.`remote_room_id` AS t5_r3, `rooms_calls`.`created_at` AS t5_r4, `rooms_calls`.`updated_at` AS t5_r5, `rooms_calls`.`organization_id` AS t5_r6, `rooms_calls`.`public_id` AS t5_r7, `rooms_calls`.`source` AS t5_r8, `rooms_calls`.`creator_id` AS t5_r9, `projects_calls`.`id` AS t6_r0, `projects_calls`.`public_id` AS t6_r1, `projects_calls`.`name` AS t6_r2, `projects_calls`.`description` AS t6_r3, `projects_calls`.`slack_channel_id` AS t6_r4, `projects_calls`.`creator_id` AS t6_r5, `projects_calls`.`organization_id` AS t6_r6, `projects_calls`.`archived_at` AS t6_r7, `projects_calls`.`archived_by_id` AS t6_r8, `projects_calls`.`created_at` AS t6_r9, `projects_calls`.`updated_at` AS t6_r10, `projects_calls`.`posts_count` AS t6_r11, `projects_calls`.`cover_photo_path` AS t6_r12, `projects_calls`.`accessory` AS t6_r13, `projects_calls`.`private` AS t6_r14, `projects_calls`.`is_default` AS t6_r15, `projects_calls`.`is_general` AS t6_r16, `projects_calls`.`contributors_count` AS t6_r17, `projects_calls`.`members_count` AS t6_r18, `projects_calls`.`last_activity_at` AS t6_r19, `projects_calls`.`personal` AS t6_r20, `projects_calls`.`invite_token` AS t6_r21, `projects_calls`.`guests_count` AS t6_r22, `projects_calls`.`message_thread_id` AS t6_r23, `projects_calls`.`display_reactions` AS t6_r24, `projects_calls`.`display_attachments` AS t6_r25, `projects_calls`.`display_comments` AS t6_r26, `projects_calls`.`display_resolved` AS t6_r27, `follow_ups`.`id` AS t7_r0, `follow_ups`.`public_id` AS t7_r1, `follow_ups`.`organization_membership_id` AS t7_r2, `follow_ups`.`subject_type` AS t7_r3, `follow_ups`.`subject_id` AS t7_r4, `follow_ups`.`show_at` AS t7_r5, `follow_ups`.`created_at` AS t7_r6, `follow_ups`.`updated_at` AS t7_r7, `follow_ups`.`shown_at` AS t7_r8, `call_peers`.`id` AS t8_r0, `call_peers`.`call_id` AS t8_r1, `call_peers`.`organization_membership_id` AS t8_r2, `call_peers`.`joined_at` AS t8_r3, `call_peers`.`left_at` AS t8_r4, `call_peers`.`remote_peer_id` AS t8_r5, `call_peers`.`created_at` AS t8_r6, `call_peers`.`updated_at` AS t8_r7, `call_peers`.`name` AS t8_r8, `call_peers`.`user_id` AS t8_r9, `users`.`id` AS t9_r0, `users`.`username` AS t9_r1, `users`.`name` AS t9_r2, `users`.`public_id` AS t9_r3, `users`.`avatar_path` AS t9_r4, `users`.`email` AS t9_r5, `users`.`encrypted_password` AS t9_r6, `users`.`reset_password_token` AS t9_r7, `users`.`reset_password_sent_at` AS t9_r8, `users`.`remember_created_at` AS t9_r9, `users`.`confirmation_token` AS t9_r10, `users`.`confirmed_at` AS t9_r11, `users`.`confirmation_sent_at` AS t9_r12, `users`.`unconfirmed_email` AS t9_r13, `users`.`omniauth_provider` AS t9_r14, `users`.`omniauth_uid` AS t9_r15, `users`.`onboarded_at` AS t9_r16, `users`.`created_at` AS t9_r17, `users`.`updated_at` AS t9_r18, `users`.`cover_photo_path` AS t9_r19, `users`.`login_token` AS t9_r20, `users`.`login_token_expires_at` AS t9_r21, `users`.`consumed_timestep` AS t9_r22, `users`.`otp_backup_codes` AS t9_r23, `users`.`otp_enabled` AS t9_r24, `users`.`otp_secret` AS t9_r25, `users`.`last_seen_at` AS t9_r26, `users`.`login_token_sso_id` AS t9_r27, `users`.`scheduled_email_notifications_from` AS t9_r28, `users`.`demo` AS t9_r29, `users`.`staff` AS t9_r30, `users`.`referrer` AS t9_r31, `users`.`landing_url` AS t9_r32, `users`.`notification_pause_expires_at` AS t9_r33, `users`.`preferred_timezone` AS t9_r34, `users`.`notifications_paused_at` AS t9_r35, `organization_memberships`.`id` AS t10_r0, `organization_memberships`.`public_id` AS t10_r1, `organization_memberships`.`organization_id` AS t10_r2, `organization_memberships`.`user_id` AS t10_r3, `organization_memberships`.`created_at` AS t10_r4, `organization_memberships`.`updated_at` AS t10_r5, `organization_memberships`.`discarded_at` AS t10_r6, `organization_memberships`.`last_seen_at` AS t10_r7, `organization_memberships`.`role_name` AS t10_r8, `organization_memberships`.`latest_status_id` AS t10_r9, `organization_memberships`.`position` AS t10_r10, `organization_memberships`.`last_viewed_posts_at` AS t10_r11, `organization_memberships`.`home_last_seen_at` AS t10_r12, `organization_memberships`.`activity_last_seen_at` AS t10_r13, `users_organization_memberships`.`id` AS t11_r0, `users_organization_memberships`.`username` AS t11_r1, `users_organization_memberships`.`name` AS t11_r2, `users_organization_memberships`.`public_id` AS t11_r3, `users_organization_memberships`.`avatar_path` AS t11_r4, `users_organization_memberships`.`email` AS t11_r5, `users_organization_memberships`.`encrypted_password` AS t11_r6, `users_organization_memberships`.`reset_password_token` AS t11_r7, `users_organization_memberships`.`reset_password_sent_at` AS t11_r8, `users_organization_memberships`.`remember_created_at` AS t11_r9, `users_organization_memberships`.`confirmation_token` AS t11_r10, `users_organization_memberships`.`confirmed_at` AS t11_r11, `users_organization_memberships`.`confirmation_sent_at` AS t11_r12, `users_organization_memberships`.`unconfirmed_email` AS t11_r13, `users_organization_memberships`.`omniauth_provider` AS t11_r14, `users_organization_memberships`.`omniauth_uid` AS t11_r15, `users_organization_memberships`.`onboarded_at` AS t11_r16, `users_organization_memberships`.`created_at` AS t11_r17, `users_organization_memberships`.`updated_at` AS t11_r18, `users_organization_memberships`.`cover_photo_path` AS t11_r19, `users_organization_memberships`.`login_token` AS t11_r20, `users_organization_memberships`.`login_token_expires_at` AS t11_r21, `users_organization_memberships`.`consumed_timestep` AS t11_r22, `users_organization_memberships`.`otp_backup_codes` AS t11_r23, `users_organization_memberships`.`otp_enabled` AS t11_r24, `users_organization_memberships`.`otp_secret` AS t11_r25, `users_organization_memberships`.`last_seen_at` AS t11_r26, `users_organization_memberships`.`login_token_sso_id` AS t11_r27, `users_organization_memberships`.`scheduled_email_notifications_from` AS t11_r28, `users_organization_memberships`.`demo` AS t11_r29, `users_organization_memberships`.`staff` AS t11_r30, `users_organization_memberships`.`referrer` AS t11_r31, `users_organization_memberships`.`landing_url` AS t11_r32, `users_organization_memberships`.`notification_pause_expires_at` AS t11_r33, `users_organization_memberships`.`preferred_timezone` AS t11_r34, `users_organization_memberships`.`notifications_paused_at` AS t11_r35, `organization_membership_statuses`.`id` AS t12_r0, `organization_membership_statuses`.`message` AS t12_r1, `organization_membership_statuses`.`emoji` AS t12_r2, `organization_membership_statuses`.`expires_at` AS t12_r3, `organization_membership_statuses`.`organization_membership_id` AS t12_r4, `organization_membership_statuses`.`created_at` AS t12_r5, `organization_membership_statuses`.`updated_at` AS t12_r6, `organization_membership_statuses`.`expiration_setting` AS t12_r7, `organization_membership_statuses`.`pause_notifications` AS t12_r8, `messages`.`id` AS t13_r0, `messages`.`message_thread_id` AS t13_r1, `messages`.`sender_id` AS t13_r2, `messages`.`content` AS t13_r3, `messages`.`public_id` AS t13_r4, `messages`.`created_at` AS t13_r5, `messages`.`updated_at` AS t13_r6, `messages`.`reply_to_id` AS t13_r7, `messages`.`unfurled_link` AS t13_r8, `messages`.`discarded_at` AS t13_r9, `messages`.`call_id` AS t13_r10, `messages`.`integration_id` AS t13_r11, `messages`.`oauth_application_id` AS t13_r12, `messages`.`system_shared_post_id` AS t13_r13, `senders_messages`.`id` AS t14_r0, `senders_messages`.`public_id` AS t14_r1, `senders_messages`.`organization_id` AS t14_r2, `senders_messages`.`user_id` AS t14_r3, `senders_messages`.`created_at` AS t14_r4, `senders_messages`.`updated_at` AS t14_r5, `senders_messages`.`discarded_at` AS t14_r6, `senders_messages`.`last_seen_at` AS t14_r7, `senders_messages`.`role_name` AS t14_r8, `senders_messages`.`latest_status_id` AS t14_r9, `senders_messages`.`position` AS t14_r10, `senders_messages`.`last_viewed_posts_at` AS t14_r11, `senders_messages`.`home_last_seen_at` AS t14_r12, `senders_messages`.`activity_last_seen_at` AS t14_r13, `users_organization_memberships_2`.`id` AS t15_r0, `users_organization_memberships_2`.`username` AS t15_r1, `users_organization_memberships_2`.`name` AS t15_r2, `users_organization_memberships_2`.`public_id` AS t15_r3, `users_organization_memberships_2`.`avatar_path` AS t15_r4, `users_organization_memberships_2`.`email` AS t15_r5, `users_organization_memberships_2`.`encrypted_password` AS t15_r6, `users_organization_memberships_2`.`reset_password_token` AS t15_r7, `users_organization_memberships_2`.`reset_password_sent_at` AS t15_r8, `users_organization_memberships_2`.`remember_created_at` AS t15_r9, `users_organization_memberships_2`.`confirmation_token` AS t15_r10, `users_organization_memberships_2`.`confirmed_at` AS t15_r11, `users_organization_memberships_2`.`confirmation_sent_at` AS t15_r12, `users_organization_memberships_2`.`unconfirmed_email` AS t15_r13, `users_organization_memberships_2`.`omniauth_provider` AS t15_r14, `users_organization_memberships_2`.`omniauth_uid` AS t15_r15, `users_organization_memberships_2`.`onboarded_at` AS t15_r16, `users_organization_memberships_2`.`created_at` AS t15_r17, `users_organization_memberships_2`.`updated_at` AS t15_r18, `users_organization_memberships_2`.`cover_photo_path` AS t15_r19, `users_organization_memberships_2`.`login_token` AS t15_r20, `users_organization_memberships_2`.`login_token_expires_at` AS t15_r21, `users_organization_memberships_2`.`consumed_timestep` AS t15_r22, `users_organization_memberships_2`.`otp_backup_codes` AS t15_r23, `users_organization_memberships_2`.`otp_enabled` AS t15_r24, `users_organization_memberships_2`.`otp_secret` AS t15_r25, `users_organization_memberships_2`.`last_seen_at` AS t15_r26, `users_organization_memberships_2`.`login_token_sso_id` AS t15_r27, `users_organization_memberships_2`.`scheduled_email_notifications_from` AS t15_r28, `users_organization_memberships_2`.`demo` AS t15_r29, `users_organization_memberships_2`.`staff` AS t15_r30, `users_organization_memberships_2`.`referrer` AS t15_r31, `users_organization_memberships_2`.`landing_url` AS t15_r32, `users_organization_memberships_2`.`notification_pause_expires_at` AS t15_r33, `users_organization_memberships_2`.`preferred_timezone` AS t15_r34, `users_organization_memberships_2`.`notifications_paused_at` AS t15_r35, `latest_statuses_organization_memberships`.`id` AS t16_r0, `latest_statuses_organization_memberships`.`message` AS t16_r1, `latest_statuses_organization_memberships`.`emoji` AS t16_r2, `latest_statuses_organization_memberships`.`expires_at` AS t16_r3, `latest_statuses_organization_memberships`.`organization_membership_id` AS t16_r4, `latest_statuses_organization_memberships`.`created_at` AS t16_r5, `latest_statuses_organization_memberships`.`updated_at` AS t16_r6, `latest_statuses_organization_memberships`.`expiration_setting` AS t16_r7, `latest_statuses_organization_memberships`.`pause_notifications` AS t16_r8, `organization_memberships_message_threads`.`id` AS t17_r0, `organization_memberships_message_threads`.`public_id` AS t17_r1, `organization_memberships_message_threads`.`organization_id` AS t17_r2, `organization_memberships_message_threads`.`user_id` AS t17_r3, `organization_memberships_message_threads`.`created_at` AS t17_r4, `organization_memberships_message_threads`.`updated_at` AS t17_r5, `organization_memberships_message_threads`.`discarded_at` AS t17_r6, `organization_memberships_message_threads`.`last_seen_at` AS t17_r7, `organization_memberships_message_threads`.`role_name` AS t17_r8, `organization_memberships_message_threads`.`latest_status_id` AS t17_r9, `organization_memberships_message_threads`.`position` AS t17_r10, `organization_memberships_message_threads`.`last_viewed_posts_at` AS t17_r11, `organization_memberships_message_threads`.`home_last_seen_at` AS t17_r12, `organization_memberships_message_threads`.`activity_last_seen_at` AS t17_r13, `users_organization_memberships_3`.`id` AS t18_r0, `users_organization_memberships_3`.`username` AS t18_r1, `users_organization_memberships_3`.`name` AS t18_r2, `users_organization_memberships_3`.`public_id` AS t18_r3, `users_organization_memberships_3`.`avatar_path` AS t18_r4, `users_organization_memberships_3`.`email` AS t18_r5, `users_organization_memberships_3`.`encrypted_password` AS t18_r6, `users_organization_memberships_3`.`reset_password_token` AS t18_r7, `users_organization_memberships_3`.`reset_password_sent_at` AS t18_r8, `users_organization_memberships_3`.`remember_created_at` AS t18_r9, `users_organization_memberships_3`.`confirmation_token` AS t18_r10, `users_organization_memberships_3`.`confirmed_at` AS t18_r11, `users_organization_memberships_3`.`confirmation_sent_at` AS t18_r12, `users_organization_memberships_3`.`unconfirmed_email` AS t18_r13, `users_organization_memberships_3`.`omniauth_provider` AS t18_r14, `users_organization_memberships_3`.`omniauth_uid` AS t18_r15, `users_organization_memberships_3`.`onboarded_at` AS t18_r16, `users_organization_memberships_3`.`created_at` AS t18_r17, `users_organization_memberships_3`.`updated_at` AS t18_r18, `users_organization_memberships_3`.`cover_photo_path` AS t18_r19, `users_organization_memberships_3`.`login_token` AS t18_r20, `users_organization_memberships_3`.`login_token_expires_at` AS t18_r21, `users_organization_memberships_3`.`consumed_timestep` AS t18_r22, `users_organization_memberships_3`.`otp_backup_codes` AS t18_r23, `users_organization_memberships_3`.`otp_enabled` AS t18_r24, `users_organization_memberships_3`.`otp_secret` AS t18_r25, `users_organization_memberships_3`.`last_seen_at` AS t18_r26, `users_organization_memberships_3`.`login_token_sso_id` AS t18_r27, `users_organization_memberships_3`.`scheduled_email_notifications_from` AS t18_r28, `users_organization_memberships_3`.`demo` AS t18_r29, `users_organization_memberships_3`.`staff` AS t18_r30, `users_organization_memberships_3`.`referrer` AS t18_r31, `users_organization_memberships_3`.`landing_url` AS t18_r32, `users_organization_memberships_3`.`notification_pause_expires_at` AS t18_r33, `users_organization_memberships_3`.`preferred_timezone` AS t18_r34, `users_organization_memberships_3`.`notifications_paused_at` AS t18_r35, `latest_statuses_organization_memberships_2`.`id` AS t19_r0, `latest_statuses_organization_memberships_2`.`message` AS t19_r1, `latest_statuses_organization_memberships_2`.`emoji` AS t19_r2, `latest_statuses_organization_memberships_2`.`expires_at` AS t19_r3, `latest_statuses_organization_memberships_2`.`organization_membership_id` AS t19_r4, `latest_statuses_organization_memberships_2`.`created_at` AS t19_r5, `latest_statuses_organization_memberships_2`.`updated_at` AS t19_r6, `latest_statuses_organization_memberships_2`.`expiration_setting` AS t19_r7, `latest_statuses_organization_memberships_2`.`pause_notifications` AS t19_r8 FROM `message_threads` INNER JOIN `message_thread_memberships` ON `message_threads`.`id` = `message_thread_memberships`.`message_thread_id` LEFT OUTER JOIN `call_rooms` ON `call_rooms`.`subject_type` = 'MessageThread' AND `call_rooms`.`subject_id` = `message_threads`.`id` LEFT OUTER JOIN `projects` ON `projects`.`message_thread_id` = `message_threads`.`id` LEFT OUTER JOIN `message_thread_memberships` `memberships_message_threads_join` ON `memberships_message_threads_join`.`message_thread_id` = `message_threads`.`id` LEFT OUTER JOIN `oauth_applications` ON `oauth_applications`.`id` = `memberships_message_threads_join`.`oauth_application_id` LEFT OUTER JOIN `calls` ON `calls`.`stopped_at` IS NULL AND `calls`.`call_room_id` = `call_rooms`.`id` LEFT OUTER JOIN `call_rooms` `rooms_calls` ON `rooms_calls`.`id` = `calls`.`call_room_id` LEFT OUTER JOIN `projects` `projects_calls` ON `projects_calls`.`id` = `calls`.`project_id` LEFT OUTER JOIN `follow_ups` ON `follow_ups`.`subject_type` = 'Call' AND `follow_ups`.`shown_at` IS NULL AND `follow_ups`.`subject_id` = `calls`.`id` LEFT OUTER JOIN `call_peers` ON `call_peers`.`call_id` = `calls`.`id` LEFT OUTER JOIN `users` ON `users`.`id` = `call_peers`.`user_id` LEFT OUTER JOIN `organization_memberships` ON `organization_memberships`.`id` = `call_peers`.`organization_membership_id` LEFT OUTER JOIN `users` `users_organization_memberships` ON `users_organization_memberships`.`id` = `organization_memberships`.`user_id` LEFT OUTER JOIN `organization_membership_statuses` ON `organization_membership_statuses`.`id` = `organization_memberships`.`latest_status_id` LEFT OUTER JOIN `messages` ON `messages`.`id` = `message_threads`.`latest_message_id` LEFT OUTER JOIN `organization_memberships` `senders_messages` ON `senders_messages`.`id` = `messages`.`sender_id` LEFT OUTER JOIN `users` `users_organization_memberships_2` ON `users_organization_memberships_2`.`id` = `senders_messages`.`user_id` LEFT OUTER JOIN `organization_membership_statuses` `latest_statuses_organization_memberships` ON `latest_statuses_organization_memberships`.`id` = `senders_messages`.`latest_status_id` LEFT OUTER JOIN `organization_memberships` `organization_memberships_message_threads` ON `organization_memberships_message_threads`.`id` = `memberships_message_threads_join`.`organization_membership_id` LEFT OUTER JOIN `users` `users_organization_memberships_3` ON `users_organization_memberships_3`.`id` = `organization_memberships_message_threads`.`user_id` LEFT OUTER JOIN `organization_membership_statuses` `latest_statuses_organization_memberships_2` ON `latest_statuses_organization_memberships_2`.`id` = `organization_memberships_message_threads`.`latest_status_id` WHERE `message_thread_memberships`.`organization_membership_id` = 15 AND (NOT EXISTS ( SELECT 1 FROM projects WHERE projects.message_thread_id = message_threads.id LIMIT 1 )) ORDER BY `message_threads`.`last_message_at` DESC, `message_threads`.`id` DESC /*action='index',application='CampsiteApi',controller='message_threads'*/[0m
[1;38;5;2mapi-web           [0m |   [1m[36mUser Load (1.1ms)[0m  [1m[34mSELECT `users`.* FROM `users` WHERE `users`.`id` = 15 ORDER BY `users`.`id` ASC LIMIT 1 /*action='show',application='CampsiteApi',controller='dms'*/[0m
[1;38;5;2mapi-web           [0m |   [1m[35mSQL (6.6ms)[0m  [1m[34mSELECT DISTINCT posts.last_activity_at AS alias_0, posts.id AS alias_1, `posts`.`id` FROM `posts` LEFT OUTER JOIN `projects` `project` ON `project`.`id` = `posts`.`project_id` LEFT OUTER JOIN `organization_memberships` `member` ON `member`.`id` = `posts`.`organization_membership_id` LEFT OUTER JOIN `post_links` ON `post_links`.`post_id` = `posts`.`id` LEFT OUTER JOIN `projects` `projects_posts` ON `projects_posts`.`id` = `posts`.`project_id` LEFT OUTER JOIN `post_taggings` ON `post_taggings`.`post_id` = `posts`.`id` LEFT OUTER JOIN `tags` ON `tags`.`id` = `post_taggings`.`tag_id` LEFT OUTER JOIN `integrations` ON `integrations`.`id` = `posts`.`integration_id` LEFT OUTER JOIN `oauth_applications` ON `oauth_applications`.`id` = `posts`.`oauth_application_id` LEFT OUTER JOIN `organizations` ON `organizations`.`id` = `posts`.`organization_id` LEFT OUTER JOIN `organization_memberships` ON `organization_memberships`.`role_name` = 'admin' AND `organization_memberships`.`discarded_at` IS NULL AND `organization_memberships`.`organization_id` = `organizations`.`id` LEFT OUTER JOIN `users` ON `users`.`id` = `organization_memberships`.`user_id` LEFT OUTER JOIN `polls` ON `polls`.`post_id` = `posts`.`id` LEFT OUTER JOIN `poll_options` ON `poll_options`.`poll_id` = `polls`.`id` LEFT OUTER JOIN `attachments` ON `attachments`.`subject_type` = 'Post' AND `attachments`.`subject_id` = `posts`.`id` LEFT OUTER JOIN `figma_files` ON `figma_files`.`id` = `attachments`.`figma_file_id` LEFT OUTER JOIN `organization_memberships` `members_posts` ON `members_posts`.`id` = `posts`.`organization_membership_id` LEFT OUTER JOIN `users` `users_organization_memberships` ON `users_organization_memberships`.`id` = `members_posts`.`user_id` LEFT OUTER JOIN `organization_membership_statuses` ON `organization_membership_statuses`.`id` = `members_posts`.`latest_status_id` LEFT OUTER JOIN `post_feedback_requests` ON `post_feedback_requests`.`discarded_at` IS NULL AND `post_feedback_requests`.`dismissed_at` IS NULL AND `post_feedback_requests`.`post_id` = `posts`.`id` LEFT OUTER JOIN `organization_memberships` `members_post_feedback_requests` ON `members_post_feedback_requests`.`id` = `post_feedback_requests`.`organization_membership_id` LEFT OUTER JOIN `users` `users_organization_memberships_2` ON `users_organization_memberships_2`.`id` = `members_post_feedback_requests`.`user_id` LEFT OUTER JOIN `organization_membership_statuses` `latest_statuses_organization_memberships` ON `latest_statuses_organization_memberships`.`id` = `members_post_feedback_requests`.`latest_status_id` LEFT OUTER JOIN `follow_ups` ON `follow_ups`.`subject_type` = 'Post' AND `follow_ups`.`shown_at` IS NULL AND `follow_ups`.`subject_id` = `posts`.`id` LEFT OUTER JOIN `organization_memberships` `organization_memberships_follow_ups` ON `organization_memberships_follow_ups`.`id` = `follow_ups`.`organization_membership_id` LEFT OUTER JOIN `users` `users_organization_memberships_3` ON `users_organization_memberships_3`.`id` = `organization_memberships_follow_ups`.`user_id` LEFT OUTER JOIN `organization_membership_statuses` `latest_statuses_organization_memberships_2` ON `latest_statuses_organization_memberships_2`.`id` = `organization_memberships_follow_ups`.`latest_status_id` LEFT OUTER JOIN `comments` ON `comments`.`id` = `posts`.`resolved_comment_id` LEFT OUTER JOIN `integrations` `integrations_comments` ON `integrations_comments`.`id` = `comments`.`integration_id` LEFT OUTER JOIN `oauth_applications` `oauth_applications_comments` ON `oauth_applications_comments`.`id` = `comments`.`oauth_application_id` LEFT OUTER JOIN `organization_memberships` `members_comments` ON `members_comments`.`id` = `comments`.`organization_membership_id` LEFT OUTER JOIN `users` `users_organization_memberships_4` ON `users_organization_memberships_4`.`id` = `members_comments`.`user_id` LEFT OUTER JOIN `organization_membership_statuses` `latest_statuses_organization_memberships_3` ON `latest_statuses_organization_memberships_3`.`id` = `members_comments`.`latest_status_id` WHERE (posts.workflow_state = 'published') AND ((EXISTS ( SELECT 1 FROM project_memberships JOIN organization_memberships ON organization_memberships.id = project_memberships.organization_membership_id WHERE project_memberships.project_id = posts.project_id AND project_memberships.discarded_at IS NULL AND organization_memberships.user_id = '15' AND organization_memberships.discarded_at IS NULL )) OR (EXISTS ( SELECT 1 FROM user_subscriptions WHERE user_subscriptions.subscribable_type = 'Post' AND user_subscriptions.subscribable_id = posts.id AND user_subscriptions.user_id = '15' ))) AND ((`posts`.`project_id` IS NULL OR `project`.`private` = FALSE) AND (EXISTS( SELECT 1 FROM organization_memberships WHERE organization_memberships.user_id = '15' AND organization_memberships.organization_id = project.organization_id AND organization_memberships.discarded_at IS NULL AND organization_memberships.role_name in ('admin', 'member', 'viewer') LIMIT 1 )) OR (EXISTS ( SELECT 1 FROM project_memberships JOIN organization_memberships ON organization_memberships.id = project_memberships.organization_membership_id WHERE project_memberships.project_id = posts.project_id AND project_memberships.discarded_at IS NULL AND organization_memberships.user_id = '15' AND organization_memberships.discarded_at IS NULL ))) AND `posts`.`organization_id` = 3 AND `posts`.`discarded_at` IS NULL AND `project`.`archived_at` IS NULL AND `posts`.`stale` = FALSE ORDER BY posts.last_activity_at desc, posts.id desc LIMIT 21 /*action='index',application='CampsiteApi',controller='for_me_posts'*/[0m
[1;38;5;2mapi-web           [0m |   ↳ app/serializers/api_serializer.rb:111:in `flatten'
[1;38;5;2mapi-web           [0m |   ↳ lib/cursor_pagination.rb:67:in `run'
[1;38;5;2mapi-web           [0m | Completed 200 OK in 217ms (Views: 0.1ms | ActiveRecord: 53.3ms (4 queries, 0 cached) | GC: 1.4ms)
[1;38;5;2mapi-web           [0m | 
[1;38;5;2mapi-web           [0m | 
[1;38;5;2mapi-web           [0m | Processing by Api::V1::MessageThreads::DmsController#show as JSON
[1;38;5;2mapi-web           [0m |   ↳ app/controllers/concerns/current_attributable.rb:17:in `set_current_user'
[1;38;5;2mapi-web           [0m |   Parameters: {"org_slug"=>"cosyland", "username"=>"haider", "dm"=>{}}
[1;38;5;2mapi-web           [0m |   [1m[35mSQL (2.0ms)[0m  [1m[34mSELECT `organization_memberships`.`id` AS t0_r0, `organization_memberships`.`public_id` AS t0_r1, `organization_memberships`.`organization_id` AS t0_r2, `organization_memberships`.`user_id` AS t0_r3, `organization_memberships`.`created_at` AS t0_r4, `organization_memberships`.`updated_at` AS t0_r5, `organization_memberships`.`discarded_at` AS t0_r6, `organization_memberships`.`last_seen_at` AS t0_r7, `organization_memberships`.`role_name` AS t0_r8, `organization_memberships`.`latest_status_id` AS t0_r9, `organization_memberships`.`position` AS t0_r10, `organization_memberships`.`last_viewed_posts_at` AS t0_r11, `organization_memberships`.`home_last_seen_at` AS t0_r12, `organization_memberships`.`activity_last_seen_at` AS t0_r13, `organization_membership_statuses`.`id` AS t1_r0, `organization_membership_statuses`.`message` AS t1_r1, `organization_membership_statuses`.`emoji` AS t1_r2, `organization_membership_statuses`.`expires_at` AS t1_r3, `organization_membership_statuses`.`organization_membership_id` AS t1_r4, `organization_membership_statuses`.`created_at` AS t1_r5, `organization_membership_statuses`.`updated_at` AS t1_r6, `organization_membership_statuses`.`expiration_setting` AS t1_r7, `organization_membership_statuses`.`pause_notifications` AS t1_r8, `organization`.`id` AS t2_r0, `organization`.`public_id` AS t2_r1, `organization`.`name` AS t2_r2, `organization`.`slug` AS t2_r3, `organization`.`email_domain` AS t2_r4, `organization`.`billing_email` AS t2_r5, `organization`.`avatar_path` AS t2_r6, `organization`.`slack_channel_id` AS t2_r7, `organization`.`invite_token` AS t2_r8, `organization`.`creator_id` AS t2_r9, `organization`.`onboarded_at` AS t2_r10, `organization`.`created_at` AS t2_r11, `organization`.`updated_at` AS t2_r12, `organization`.`plan_name` AS t2_r13, `organization`.`member_count` AS t2_r14, `organization`.`demo` AS t2_r15, `organization`.`creator_role` AS t2_r16, `organization`.`creator_org_size` AS t2_r17, `organization`.`trial_ends_at` AS t2_r18, `organization`.`creator_source` AS t2_r19, `organization`.`creator_why` AS t2_r20, `organization_settings`.`id` AS t3_r0, `organization_settings`.`key` AS t3_r1, `organization_settings`.`value` AS t3_r2, `organization_settings`.`organization_id` AS t3_r3, `organization_settings`.`created_at` AS t3_r4, `organization_settings`.`updated_at` AS t3_r5 FROM `organization_memberships` INNER JOIN `organizations` `organization` ON `organization`.`id` = `organization_memberships`.`organization_id` LEFT OUTER JOIN `organization_settings` ON `organization_settings`.`key` = 'enforce_two_factor_authentication' AND `organization_settings`.`organization_id` = `organization`.`id` LEFT OUTER JOIN `organization_membership_statuses` ON `organization_membership_statuses`.`id` = `organization_memberships`.`latest_status_id` WHERE `organization_memberships`.`user_id` = 15 AND `organization_memberships`.`discarded_at` IS NULL AND `organization`.`slug` = 'cosyland' LIMIT 1 /*action='show',application='CampsiteApi',controller='dms'*/[0m
[1;38;5;2mapi-web           [0m |   ↳ app/controllers/api/v1/base_controller.rb:110:in `current_organization_membership'
[1;38;5;2mapi-web           [0m |   [1m[36mUser Load (2.8ms)[0m  [1m[34mSELECT `users`.* FROM `users` WHERE `users`.`id` = 15 ORDER BY `users`.`id` ASC LIMIT 1 /*action='show',application='CampsiteApi',controller='dms'*/[0m
[1;38;5;2mapi-web           [0m |   ↳ app/controllers/concerns/current_attributable.rb:17:in `set_current_user'
[1;38;5;2mapi-web           [0m |   [1m[36mUser Exists? (4.3ms)[0m  [1m[34mSELECT 1 AS one FROM `users` INNER JOIN `organization_memberships` ON `users`.`id` = `organization_memberships`.`user_id` WHERE `organization_memberships`.`organization_id` = 3 AND `organization_memberships`.`discarded_at` IS NULL AND `users`.`id` = 15 LIMIT 1 /*action='show',application='CampsiteApi',controller='dms'*/[0m
[1;38;5;2mapi-web           [0m |   [1m[35mSQL (2.1ms)[0m  [1m[34mSELECT `organization_memberships`.`id` AS t0_r0, `organization_memberships`.`public_id` AS t0_r1, `organization_memberships`.`organization_id` AS t0_r2, `organization_memberships`.`user_id` AS t0_r3, `organization_memberships`.`created_at` AS t0_r4, `organization_memberships`.`updated_at` AS t0_r5, `organization_memberships`.`discarded_at` AS t0_r6, `organization_memberships`.`last_seen_at` AS t0_r7, `organization_memberships`.`role_name` AS t0_r8, `organization_memberships`.`latest_status_id` AS t0_r9, `organization_memberships`.`position` AS t0_r10, `organization_memberships`.`last_viewed_posts_at` AS t0_r11, `organization_memberships`.`home_last_seen_at` AS t0_r12, `organization_memberships`.`activity_last_seen_at` AS t0_r13, `organization_membership_statuses`.`id` AS t1_r0, `organization_membership_statuses`.`message` AS t1_r1, `organization_membership_statuses`.`emoji` AS t1_r2, `organization_membership_statuses`.`expires_at` AS t1_r3, `organization_membership_statuses`.`organization_membership_id` AS t1_r4, `organization_membership_statuses`.`created_at` AS t1_r5, `organization_membership_statuses`.`updated_at` AS t1_r6, `organization_membership_statuses`.`expiration_setting` AS t1_r7, `organization_membership_statuses`.`pause_notifications` AS t1_r8, `organization`.`id` AS t2_r0, `organization`.`public_id` AS t2_r1, `organization`.`name` AS t2_r2, `organization`.`slug` AS t2_r3, `organization`.`email_domain` AS t2_r4, `organization`.`billing_email` AS t2_r5, `organization`.`avatar_path` AS t2_r6, `organization`.`slack_channel_id` AS t2_r7, `organization`.`invite_token` AS t2_r8, `organization`.`creator_id` AS t2_r9, `organization`.`onboarded_at` AS t2_r10, `organization`.`created_at` AS t2_r11, `organization`.`updated_at` AS t2_r12, `organization`.`plan_name` AS t2_r13, `organization`.`member_count` AS t2_r14, `organization`.`demo` AS t2_r15, `organization`.`creator_role` AS t2_r16, `organization`.`creator_org_size` AS t2_r17, `organization`.`trial_ends_at` AS t2_r18, `organization`.`creator_source` AS t2_r19, `organization`.`creator_why` AS t2_r20, `organization_settings`.`id` AS t3_r0, `organization_settings`.`key` AS t3_r1, `organization_settings`.`value` AS t3_r2, `organization_settings`.`organization_id` AS t3_r3, `organization_settings`.`created_at` AS t3_r4, `organization_settings`.`updated_at` AS t3_r5 FROM `organization_memberships` INNER JOIN `organizations` `organization` ON `organization`.`id` = `organization_memberships`.`organization_id` LEFT OUTER JOIN `organization_settings` ON `organization_settings`.`key` = 'enforce_two_factor_authentication' AND `organization_settings`.`organization_id` = `organization`.`id` LEFT OUTER JOIN `organization_membership_statuses` ON `organization_membership_statuses`.`id` = `organization_memberships`.`latest_status_id` WHERE `organization_memberships`.`user_id` = 15 AND `organization_memberships`.`discarded_at` IS NULL AND `organization`.`slug` = 'cosyland' LIMIT 1 /*action='show',application='CampsiteApi',controller='dms'*/[0m
[1;38;5;2mapi-web           [0m |   ↳ app/policies/organization_policy.rb:200:in `org_member?'
[1;38;5;2mapi-web           [0m |   ↳ app/controllers/api/v1/base_controller.rb:110:in `current_organization_membership'
[1;38;5;2mapi-web           [0m |   [1m[36mUser Exists? (5.7ms)[0m  [1m[34mSELECT 1 AS one FROM `users` INNER JOIN `organization_memberships` ON `users`.`id` = `organization_memberships`.`user_id` WHERE `organization_memberships`.`organization_id` = 3 AND `organization_memberships`.`discarded_at` IS NULL AND `users`.`id` = 15 LIMIT 1 /*action='show',application='CampsiteApi',controller='dms'*/[0m
[1;38;5;2mapi-web           [0m |   ↳ app/policies/organization_policy.rb:200:in `org_member?'
[1;38;5;2mapi-web           [0m | Started GET "/v1/organizations/cosyland/members/samuel" for 87.75.141.139 at 2025-01-24 00:34:15 +0100
[1;38;5;2mapi-web           [0m | Cannot render console from 172.68.205.201! Allowed networks: 127.0.0.0/127.255.255.255, ::1
[1;38;5;2mapi-web           [0m | Processing by Api::V1::OrganizationMembersController#show as JSON
[1;38;5;2mapi-web           [0m |   Parameters: {"org_slug"=>"cosyland", "username"=>"martyna", "organization_member"=>{}}
[1;38;5;2mapi-web           [0m |   [1m[36mUser Load (3.3ms)[0m  [1m[34mSELECT `users`.* FROM `users` WHERE `users`.`id` = 15 ORDER BY `users`.`id` ASC LIMIT 1 /*action='show',application='CampsiteApi',controller='organization_members'*/[0m
[1;38;5;2mapi-web           [0m |   ↳ app/controllers/concerns/current_attributable.rb:17:in `set_current_user'
[1;38;5;2mapi-web           [0m |   [1m[35mSQL (1.5ms)[0m  [1m[34mSELECT `organization_memberships`.`id` AS t0_r0, `organization_memberships`.`public_id` AS t0_r1, `organization_memberships`.`organization_id` AS t0_r2, `organization_memberships`.`user_id` AS t0_r3, `organization_memberships`.`created_at` AS t0_r4, `organization_memberships`.`updated_at` AS t0_r5, `organization_memberships`.`discarded_at` AS t0_r6, `organization_memberships`.`last_seen_at` AS t0_r7, `organization_memberships`.`role_name` AS t0_r8, `organization_memberships`.`latest_status_id` AS t0_r9, `organization_memberships`.`position` AS t0_r10, `organization_memberships`.`last_viewed_posts_at` AS t0_r11, `organization_memberships`.`home_last_seen_at` AS t0_r12, `organization_memberships`.`activity_last_seen_at` AS t0_r13, `organization_membership_statuses`.`id` AS t1_r0, `organization_membership_statuses`.`message` AS t1_r1, `organization_membership_statuses`.`emoji` AS t1_r2, `organization_membership_statuses`.`expires_at` AS t1_r3, `organization_membership_statuses`.`organization_membership_id` AS t1_r4, `organization_membership_statuses`.`created_at` AS t1_r5, `organization_membership_statuses`.`updated_at` AS t1_r6, `organization_membership_statuses`.`expiration_setting` AS t1_r7, `organization_membership_statuses`.`pause_notifications` AS t1_r8, `organization`.`id` AS t2_r0, `organization`.`public_id` AS t2_r1, `organization`.`name` AS t2_r2, `organization`.`slug` AS t2_r3, `organization`.`email_domain` AS t2_r4, `organization`.`billing_email` AS t2_r5, `organization`.`avatar_path` AS t2_r6, `organization`.`slack_channel_id` AS t2_r7, `organization`.`invite_token` AS t2_r8, `organization`.`creator_id` AS t2_r9, `organization`.`onboarded_at` AS t2_r10, `organization`.`created_at` AS t2_r11, `organization`.`updated_at` AS t2_r12, `organization`.`plan_name` AS t2_r13, `organization`.`member_count` AS t2_r14, `organization`.`demo` AS t2_r15, `organization`.`creator_role` AS t2_r16, `organization`.`creator_org_size` AS t2_r17, `organization`.`trial_ends_at` AS t2_r18, `organization`.`creator_source` AS t2_r19, `organization`.`creator_why` AS t2_r20, `organization_settings`.`id` AS t3_r0, `organization_settings`.`key` AS t3_r1, `organization_settings`.`value` AS t3_r2, `organization_settings`.`organization_id` AS t3_r3, `organization_settings`.`created_at` AS t3_r4, `organization_settings`.`updated_at` AS t3_r5 FROM `organization_memberships` INNER JOIN `organizations` `organization` ON `organization`.`id` = `organization_memberships`.`organization_id` LEFT OUTER JOIN `organization_settings` ON `organization_settings`.`key` = 'enforce_two_factor_authentication' AND `organization_settings`.`organization_id` = `organization`.`id` LEFT OUTER JOIN `organization_membership_statuses` ON `organization_membership_statuses`.`id` = `organization_memberships`.`latest_status_id` WHERE `organization_memberships`.`user_id` = 15 AND `organization_memberships`.`discarded_at` IS NULL AND `organization`.`slug` = 'cosyland' LIMIT 1 /*action='show',application='CampsiteApi',controller='organization_members'*/[0m
[1;38;5;2mapi-web           [0m |   ↳ app/controllers/api/v1/base_controller.rb:110:in `current_organization_membership'
[1;38;5;2mapi-web           [0m |   [1m[35mSQL (4.9ms)[0m  [1m[34mSELECT `posts`.`id` AS t0_r0, `posts`.`public_id` AS t0_r1, `posts`.`slack_message_ts` AS t0_r2, `posts`.`organization_id` AS t0_r3, `posts`.`created_at` AS t0_r4, `posts`.`updated_at` AS t0_r5, `posts`.`project_id` AS t0_r6, `posts`.`comments_count` AS t0_r7, `posts`.`parent_id` AS t0_r8, `posts`.`version` AS t0_r9, `posts`.`discarded_at` AS t0_r10, `posts`.`organization_membership_id` AS t0_r11, `posts`.`title` AS t0_r12, `posts`.`previous_parent_id` AS t0_r13, `posts`.`views_count` AS t0_r14, `posts`.`stale` AS t0_r15, `posts`.`child_id` AS t0_r16, `posts`.`root_id` AS t0_r17, `posts`.`post_parent_id` AS t0_r18, `posts`.`status` AS t0_r19, `posts`.`visibility` AS t0_r20, `posts`.`non_member_views_count` AS t0_r21, `posts`.`bias_reduced_at` AS t0_r22, `posts`.`description_html` AS t0_r23, `posts`.`published_at` AS t0_r24, `posts`.`unfurled_link` AS t0_r25, `posts`.`resolved_comments_count` AS t0_r26, `posts`.`integration_id` AS t0_r27, `posts`.`oauth_application_id` AS t0_r28, `posts`.`from_message_id` AS t0_r29, `posts`.`last_activity_at` AS t0_r30, `posts`.`resolved_at` AS t0_r31, `posts`.`resolved_by_id` AS t0_r32, `posts`.`resolved_html` AS t0_r33, `posts`.`resolved_comment_id` AS t0_r34, `posts`.`workflow_state` AS t0_r35, `posts`.`resolved_by_type` AS t0_r36, `post_links`.`id` AS t1_r0, `post_links`.`public_id` AS t1_r1, `post_links`.`url` AS t1_r2, `post_links`.`name` AS t1_r3, `post_links`.`post_id` AS t1_r4, `post_links`.`created_at` AS t1_r5, `post_links`.`updated_at` AS t1_r6, `projects_posts`.`id` AS t2_r0, `projects_posts`.`public_id` AS t2_r1, `projects_posts`.`name` AS t2_r2, `projects_posts`.`description` AS t2_r3, `projects_posts`.`slack_channel_id` AS t2_r4, `projects_posts`.`creator_id` AS t2_r5, `projects_posts`.`organization_id` AS t2_r6, `projects_posts`.`archived_at` AS t2_r7, `projects_posts`.`archived_by_id` AS t2_r8, `projects_posts`.`created_at` AS t2_r9, `projects_posts`.`updated_at` AS t2_r10, `projects_posts`.`posts_count` AS t2_r11, `projects_posts`.`cover_photo_path` AS t2_r12, `projects_posts`.`accessory` AS t2_r13, `projects_posts`.`private` AS t2_r14, `projects_posts`.`is_default` AS t2_r15, `projects_posts`.`is_general` AS t2_r16, `projects_posts`.`contributors_count` AS t2_r17, `projects_posts`.`members_count` AS t2_r18, `projects_posts`.`last_activity_at` AS t2_r19, `projects_posts`.`personal` AS t2_r20, `projects_posts`.`invite_token` AS t2_r21, `projects_posts`.`guests_count` AS t2_r22, `projects_posts`.`message_thread_id` AS t2_r23, `projects_posts`.`display_reactions` AS t2_r24, `projects_posts`.`display_attachments` AS t2_r25, `projects_posts`.`display_comments` AS t2_r26, `projects_posts`.`display_resolved` AS t2_r27, `tags`.`id` AS t3_r0, `tags`.`public_id` AS t3_r1, `tags`.`name` AS t3_r2, `tags`.`organization_id` AS t3_r3, `tags`.`created_at` AS t3_r4, `tags`.`updated_at` AS t3_r5, `tags`.`posts_count` AS t3_r6, `integrations`.`id` AS t4_r0, `integrations`.`public_id` AS t4_r1, `integrations`.`provider` AS t4_r2, `integrations`.`token` AS t4_r3, `integrations`.`creator_id` AS t4_r4, `integrations`.`created_at` AS t4_r5, `integrations`.`updated_at` AS t4_r6, `integrations`.`owner_id` AS t4_r7, `integrations`.`owner_type` AS t4_r8, `integrations`.`refresh_token` AS t4_r9, `integrations`.`token_expires_at` AS t4_r10, `oauth_applications`.`id` AS t5_r0, `oauth_applications`.`public_id` AS t5_r1, `oauth_applications`.`name` AS t5_r2, `oauth_applications`.`uid` AS t5_r3, `oauth_applications`.`secret` AS t5_r4, `oauth_applications`.`redirect_uri` AS t5_r5, `oauth_applications`.`scopes` AS t5_r6, `oauth_applications`.`confidential` AS t5_r7, `oauth_applications`.`owner_type` AS t5_r8, `oauth_applications`.`owner_id` AS t5_r9, `oauth_applications`.`created_at` AS t5_r10, `oauth_applications`.`updated_at` AS t5_r11, `oauth_applications`.`avatar_path` AS t5_r12, `oauth_applications`.`discarded_at` AS t5_r13, `oauth_applications`.`provider` AS t5_r14, `oauth_applications`.`creator_id` AS t5_r15, `oauth_applications`.`last_copied_secret_at` AS t5_r16, `organizations`.`id` AS t6_r0, `organizations`.`public_id` AS t6_r1, `organizations`.`name` AS t6_r2, `organizations`.`slug` AS t6_r3, `organizations`.`email_domain` AS t6_r4, `organizations`.`billing_email` AS t6_r5, `organizations`.`avatar_path` AS t6_r6, `organizations`.`slack_channel_id` AS t6_r7, `organizations`.`invite_token` AS t6_r8, `organizations`.`creator_id` AS t6_r9, `organizations`.`onboarded_at` AS t6_r10, `organizations`.`created_at` AS t6_r11, `organizations`.`updated_at` AS t6_r12, `organizations`.`plan_name` AS t6_r13, `organizations`.`member_count` AS t6_r14, `organizations`.`demo` AS t6_r15, `organizations`.`creator_role` AS t6_r16, `organizations`.`creator_org_size` AS t6_r17, `organizations`.`trial_ends_at` AS t6_r18, `organizations`.`creator_source` AS t6_r19, `organizations`.`creator_why` AS t6_r20, `users`.`id` AS t7_r0, `users`.`username` AS t7_r1, `users`.`name` AS t7_r2, `users`.`public_id` AS t7_r3, `users`.`avatar_path` AS t7_r4, `users`.`email` AS t7_r5, `users`.`encrypted_password` AS t7_r6, `users`.`reset_password_token` AS t7_r7, `users`.`reset_password_sent_at` AS t7_r8, `users`.`remember_created_at` AS t7_r9, `users`.`confirmation_token` AS t7_r10, `users`.`confirmed_at` AS t7_r11, `users`.`confirmation_sent_at` AS t7_r12, `users`.`unconfirmed_email` AS t7_r13, `users`.`omniauth_provider` AS t7_r14, `users`.`omniauth_uid` AS t7_r15, `users`.`onboarded_at` AS t7_r16, `users`.`created_at` AS t7_r17, `users`.`updated_at` AS t7_r18, `users`.`cover_photo_path` AS t7_r19, `users`.`login_token` AS t7_r20, `users`.`login_token_expires_at` AS t7_r21, `users`.`consumed_timestep` AS t7_r22, `users`.`otp_backup_codes` AS t7_r23, `users`.`otp_enabled` AS t7_r24, `users`.`otp_secret` AS t7_r25, `users`.`last_seen_at` AS t7_r26, `users`.`login_token_sso_id` AS t7_r27, `users`.`scheduled_email_notifications_from` AS t7_r28, `users`.`demo` AS t7_r29, `users`.`staff` AS t7_r30, `users`.`referrer` AS t7_r31, `users`.`landing_url` AS t7_r32, `users`.`notification_pause_expires_at` AS t7_r33, `users`.`preferred_timezone` AS t7_r34, `users`.`notifications_paused_at` AS t7_r35, `polls`.`id` AS t8_r0, `polls`.`public_id` AS t8_r1, `polls`.`description` AS t8_r2, `polls`.`votes_count` AS t8_r3, `polls`.`post_id` AS t8_r4, `polls`.`created_at` AS t8_r5, `polls`.`updated_at` AS t8_r6, `poll_options`.`id` AS t9_r0, `poll_options`.`public_id` AS t9_r1, `poll_options`.`description` AS t9_r2, `poll_options`.`votes_count` AS t9_r3, `poll_options`.`poll_id` AS t9_r4, `attachments`.`id` AS t10_r0, `attachments`.`public_id` AS t10_r1, `attachments`.`file_path` AS t10_r2, `attachments`.`file_type` AS t10_r3, `attachments`.`subject_type` AS t10_r4, `attachments`.`subject_id` AS t10_r5, `attachments`.`preview_file_path` AS t10_r6, `attachments`.`width` AS t10_r7, `attachments`.`height` AS t10_r8, `attachments`.`created_at` AS t10_r9, `attachments`.`updated_at` AS t10_r10, `attachments`.`duration` AS t10_r11, `attachments`.`transcription_job_id` AS t10_r12, `attachments`.`transcription_job_status` AS t10_r13, `attachments`.`transcription_vtt` AS t10_r14, `attachments`.`position` AS t10_r15, `attachments`.`name` AS t10_r16, `attachments`.`size` AS t10_r17, `attachments`.`remote_figma_node_id` AS t10_r18, `attachments`.`remote_figma_node_type` AS t10_r19, `attachments`.`remote_figma_node_name` AS t10_r20, `attachments`.`figma_file_id` AS t10_r21, `attachments`.`comments_count` AS t10_r22, `attachments`.`figma_share_url` AS t10_r23, `attachments`.`imgix_video_file_path` AS t10_r24, `attachments`.`no_video_track` AS t10_r25, `attachments`.`gallery_id` AS t10_r26, `figma_files`.`id` AS t11_r0, `figma_files`.`remote_file_key` AS t11_r1, `figma_files`.`name` AS t11_r2, `figma_files`.`created_at` AS t11_r3, `figma_files`.`updated_at` AS t11_r4, `members_posts`.`id` AS t12_r0, `members_posts`.`public_id` AS t12_r1, `members_posts`.`organization_id` AS t12_r2, `members_posts`.`user_id` AS t12_r3, `members_posts`.`created_at` AS t12_r4, `members_posts`.`updated_at` AS t12_r5, `members_posts`.`discarded_at` AS t12_r6, `members_posts`.`last_seen_at` AS t12_r7, `members_posts`.`role_name` AS t12_r8, `members_posts`.`latest_status_id` AS t12_r9, `members_posts`.`position` AS t12_r10, `members_posts`.`last_viewed_posts_at` AS t12_r11, `members_posts`.`home_last_seen_at` AS t12_r12, `members_posts`.`activity_last_seen_at` AS t12_r13, `users_organization_memberships`.`id` AS t13_r0, `users_organization_memberships`.`username` AS t13_r1, `users_organization_memberships`.`name` AS t13_r2, `users_organization_memberships`.`public_id` AS t13_r3, `users_organization_memberships`.`avatar_path` AS t13_r4, `users_organization_memberships`.`email` AS t13_r5, `users_organization_memberships`.`encrypted_password` AS t13_r6, `users_organization_memberships`.`reset_password_token` AS t13_r7, `users_organization_memberships`.`reset_password_sent_at` AS t13_r8, `users_organization_memberships`.`remember_created_at` AS t13_r9, `users_organization_memberships`.`confirmation_token` AS t13_r10, `users_organization_memberships`.`confirmed_at` AS t13_r11, `users_organization_memberships`.`confirmation_sent_at` AS t13_r12, `users_organization_memberships`.`unconfirmed_email` AS t13_r13, `users_organization_memberships`.`omniauth_provider` AS t13_r14, `users_organization_memberships`.`omniauth_uid` AS t13_r15, `users_organization_memberships`.`onboarded_at` AS t13_r16, `users_organization_memberships`.`created_at` AS t13_r17, `users_organization_memberships`.`updated_at` AS t13_r18, `users_organization_memberships`.`cover_photo_path` AS t13_r19, `users_organization_memberships`.`login_token` AS t13_r20, `users_organization_memberships`.`login_token_expires_at` AS t13_r21, `users_organization_memberships`.`consumed_timestep` AS t13_r22, `users_organization_memberships`.`otp_backup_codes` AS t13_r23, `users_organization_memberships`.`otp_enabled` AS t13_r24, `users_organization_memberships`.`otp_secret` AS t13_r25, `users_organization_memberships`.`last_seen_at` AS t13_r26, `users_organization_memberships`.`login_token_sso_id` AS t13_r27, `users_organization_memberships`.`scheduled_email_notifications_from` AS t13_r28, `users_organization_memberships`.`demo` AS t13_r29, `users_organization_memberships`.`staff` AS t13_r30, `users_organization_memberships`.`referrer` AS t13_r31, `users_organization_memberships`.`landing_url` AS t13_r32, `users_organization_memberships`.`notification_pause_expires_at` AS t13_r33, `users_organization_memberships`.`preferred_timezone` AS t13_r34, `users_organization_memberships`.`notifications_paused_at` AS t13_r35, `organization_membership_statuses`.`id` AS t14_r0, `organization_membership_statuses`.`message` AS t14_r1, `organization_membership_statuses`.`emoji` AS t14_r2, `organization_membership_statuses`.`expires_at` AS t14_r3, `organization_membership_statuses`.`organization_membership_id` AS t14_r4, `organization_membership_statuses`.`created_at` AS t14_r5, `organization_membership_statuses`.`updated_at` AS t14_r6, `organization_membership_statuses`.`expiration_setting` AS t14_r7, `organization_membership_statuses`.`pause_notifications` AS t14_r8, `post_feedback_requests`.`id` AS t15_r0, `post_feedback_requests`.`public_id` AS t15_r1, `post_feedback_requests`.`has_replied` AS t15_r2, `post_feedback_requests`.`created_at` AS t15_r3, `post_feedback_requests`.`updated_at` AS t15_r4, `post_feedback_requests`.`organization_membership_id` AS t15_r5, `post_feedback_requests`.`post_id` AS t15_r6, `post_feedback_requests`.`discarded_at` AS t15_r7, `post_feedback_requests`.`dismissed_at` AS t15_r8, `members_post_feedback_requests`.`id` AS t16_r0, `members_post_feedback_requests`.`public_id` AS t16_r1, `members_post_feedback_requests`.`organization_id` AS t16_r2, `members_post_feedback_requests`.`user_id` AS t16_r3, `members_post_feedback_requests`.`created_at` AS t16_r4, `members_post_feedback_requests`.`updated_at` AS t16_r5, `members_post_feedback_requests`.`discarded_at` AS t16_r6, `members_post_feedback_requests`.`last_seen_at` AS t16_r7, `members_post_feedback_requests`.`role_name` AS t16_r8, `members_post_feedback_requests`.`latest_status_id` AS t16_r9, `members_post_feedback_requests`.`position` AS t16_r10, `members_post_feedback_requests`.`last_viewed_posts_at` AS t16_r11, `members_post_feedback_requests`.`home_last_seen_at` AS t16_r12, `members_post_feedback_requests`.`activity_last_seen_at` AS t16_r13, `users_organization_memberships_2`.`id` AS t17_r0, `users_organization_memberships_2`.`username` AS t17_r1, `users_organization_memberships_2`.`name` AS t17_r2, `users_organization_memberships_2`.`public_id` AS t17_r3, `users_organization_memberships_2`.`avatar_path` AS t17_r4, `users_organization_memberships_2`.`email` AS t17_r5, `users_organization_memberships_2`.`encrypted_password` AS t17_r6, `users_organization_memberships_2`.`reset_password_token` AS t17_r7, `users_organization_memberships_2`.`reset_password_sent_at` AS t17_r8, `users_organization_memberships_2`.`remember_created_at` AS t17_r9, `users_organization_memberships_2`.`confirmation_token` AS t17_r10, `users_organization_memberships_2`.`confirmed_at` AS t17_r11, `users_organization_memberships_2`.`confirmation_sent_at` AS t17_r12, `users_organization_memberships_2`.`unconfirmed_email` AS t17_r13, `users_organization_memberships_2`.`omniauth_provider` AS t17_r14, `users_organization_memberships_2`.`omniauth_uid` AS t17_r15, `users_organization_memberships_2`.`onboarded_at` AS t17_r16, `users_organization_memberships_2`.`created_at` AS t17_r17, `users_organization_memberships_2`.`updated_at` AS t17_r18, `users_organization_memberships_2`.`cover_photo_path` AS t17_r19, `users_organization_memberships_2`.`login_token` AS t17_r20, `users_organization_memberships_2`.`login_token_expires_at` AS t17_r21, `users_organization_memberships_2`.`consumed_timestep` AS t17_r22, `users_organization_memberships_2`.`otp_backup_codes` AS t17_r23, `users_organization_memberships_2`.`otp_enabled` AS t17_r24, `users_organization_memberships_2`.`otp_secret` AS t17_r25, `users_organization_memberships_2`.`last_seen_at` AS t17_r26, `users_organization_memberships_2`.`login_token_sso_id` AS t17_r27, `users_organization_memberships_2`.`scheduled_email_notifications_from` AS t17_r28, `users_organization_memberships_2`.`demo` AS t17_r29, `users_organization_memberships_2`.`staff` AS t17_r30, `users_organization_memberships_2`.`referrer` AS t17_r31, `users_organization_memberships_2`.`landing_url` AS t17_r32, `users_organization_memberships_2`.`notification_pause_expires_at` AS t17_r33, `users_organization_memberships_2`.`preferred_timezone` AS t17_r34, `users_organization_memberships_2`.`notifications_paused_at` AS t17_r35, `latest_statuses_organization_memberships`.`id` AS t18_r0, `latest_statuses_organization_memberships`.`message` AS t18_r1, `latest_statuses_organization_memberships`.`emoji` AS t18_r2, `latest_statuses_organization_memberships`.`expires_at` AS t18_r3, `latest_statuses_organization_memberships`.`organization_membership_id` AS t18_r4, `latest_statuses_organization_memberships`.`created_at` AS t18_r5, `latest_statuses_organization_memberships`.`updated_at` AS t18_r6, `latest_statuses_organization_memberships`.`expiration_setting` AS t18_r7, `latest_statuses_organization_memberships`.`pause_notifications` AS t18_r8, `follow_ups`.`id` AS t19_r0, `follow_ups`.`public_id` AS t19_r1, `follow_ups`.`organization_membership_id` AS t19_r2, `follow_ups`.`subject_type` AS t19_r3, `follow_ups`.`subject_id` AS t19_r4, `follow_ups`.`show_at` AS t19_r5, `follow_ups`.`created_at` AS t19_r6, `follow_ups`.`updated_at` AS t19_r7, `follow_ups`.`shown_at` AS t19_r8, `organization_memberships_follow_ups`.`id` AS t20_r0, `organization_memberships_follow_ups`.`public_id` AS t20_r1, `organization_memberships_follow_ups`.`organization_id` AS t20_r2, `organization_memberships_follow_ups`.`user_id` AS t20_r3, `organization_memberships_follow_ups`.`created_at` AS t20_r4, `organization_memberships_follow_ups`.`updated_at` AS t20_r5, `organization_memberships_follow_ups`.`discarded_at` AS t20_r6, `organization_memberships_follow_ups`.`last_seen_at` AS t20_r7, `organization_memberships_follow_ups`.`role_name` AS t20_r8, `organization_memberships_follow_ups`.`latest_status_id` AS t20_r9, `organization_memberships_follow_ups`.`position` AS t20_r10, `organization_memberships_follow_ups`.`last_viewed_posts_at` AS t20_r11, `organization_memberships_follow_ups`.`home_last_seen_at` AS t20_r12, `organization_memberships_follow_ups`.`activity_last_seen_at` AS t20_r13, `users_organization_memberships_3`.`id` AS t21_r0, `users_organization_memberships_3`.`username` AS t21_r1, `users_organization_memberships_3`.`name` AS t21_r2, `users_organization_memberships_3`.`public_id` AS t21_r3, `users_organization_memberships_3`.`avatar_path` AS t21_r4, `users_organization_memberships_3`.`email` AS t21_r5, `users_organization_memberships_3`.`encrypted_password` AS t21_r6, `users_organization_memberships_3`.`reset_password_token` AS t21_r7, `users_organization_memberships_3`.`reset_password_sent_at` AS t21_r8, `users_organization_memberships_3`.`remember_created_at` AS t21_r9, `users_organization_memberships_3`.`confirmation_token` AS t21_r10, `users_organization_memberships_3`.`confirmed_at` AS t21_r11, `users_organization_memberships_3`.`confirmation_sent_at` AS t21_r12, `users_organization_memberships_3`.`unconfirmed_email` AS t21_r13, `users_organization_memberships_3`.`omniauth_provider` AS t21_r14, `users_organization_memberships_3`.`omniauth_uid` AS t21_r15, `users_organization_memberships_3`.`onboarded_at` AS t21_r16, `users_organization_memberships_3`.`created_at` AS t21_r17, `users_organization_memberships_3`.`updated_at` AS t21_r18, `users_organization_memberships_3`.`cover_photo_path` AS t21_r19, `users_organization_memberships_3`.`login_token` AS t21_r20, `users_organization_memberships_3`.`login_token_expires_at` AS t21_r21, `users_organization_memberships_3`.`consumed_timestep` AS t21_r22, `users_organization_memberships_3`.`otp_backup_codes` AS t21_r23, `users_organization_memberships_3`.`otp_enabled` AS t21_r24, `users_organization_memberships_3`.`otp_secret` AS t21_r25, `users_organization_memberships_3`.`last_seen_at` AS t21_r26, `users_organization_memberships_3`.`login_token_sso_id` AS t21_r27, `users_organization_memberships_3`.`scheduled_email_notifications_from` AS t21_r28, `users_organization_memberships_3`.`demo` AS t21_r29, `users_organization_memberships_3`.`staff` AS t21_r30, `users_organization_memberships_3`.`referrer` AS t21_r31, `users_organization_memberships_3`.`landing_url` AS t21_r32, `users_organization_memberships_3`.`notification_pause_expires_at` AS t21_r33, `users_organization_memberships_3`.`preferred_timezone` AS t21_r34, `users_organization_memberships_3`.`notifications_paused_at` AS t21_r35, `latest_statuses_organization_memberships_2`.`id` AS t22_r0, `latest_statuses_organization_memberships_2`.`message` AS t22_r1, `latest_statuses_organization_memberships_2`.`emoji` AS t22_r2, `latest_statuses_organization_memberships_2`.`expires_at` AS t22_r3, `latest_statuses_organization_memberships_2`.`organization_membership_id` AS t22_r4, `latest_statuses_organization_memberships_2`.`created_at` AS t22_r5, `latest_statuses_organization_memberships_2`.`updated_at` AS t22_r6, `latest_statuses_organization_memberships_2`.`expiration_setting` AS t22_r7, `latest_statuses_organization_memberships_2`.`pause_notifications` AS t22_r8, `comments`.`id` AS t23_r0, `comments`.`public_id` AS t23_r1, `comments`.`organization_membership_id` AS t23_r2, `comments`.`subject_type` AS t23_r3, `comments`.`subject_id` AS t23_r4, `comments`.`parent_id` AS t23_r5, `comments`.`attachment_id` AS t23_r6, `comments`.`resolved_by_id` AS t23_r7, `comments`.`body_html` AS t23_r8, `comments`.`resolved_at` AS t23_r9, `comments`.`timestamp` AS t23_r10, `comments`.`x` AS t23_r11, `comments`.`y` AS t23_r12, `comments`.`note_highlight` AS t23_r13, `comments`.`discarded_at` AS t23_r14, `comments`.`created_at` AS t23_r15, `comments`.`updated_at` AS t23_r16, `comments`.`integration_id` AS t23_r17, `comments`.`oauth_application_id` AS t23_r18, `comments`.`replies_count` AS t23_r19, `integrations_comments`.`id` AS t24_r0, `integrations_comments`.`public_id` AS t24_r1, `integrations_comments`.`provider` AS t24_r2, `integrations_comments`.`token` AS t24_r3, `integrations_comments`.`creator_id` AS t24_r4, `integrations_comments`.`created_at` AS t24_r5, `integrations_comments`.`updated_at` AS t24_r6, `integrations_comments`.`owner_id` AS t24_r7, `integrations_comments`.`owner_type` AS t24_r8, `integrations_comments`.`refresh_token` AS t24_r9, `integrations_comments`.`token_expires_at` AS t24_r10, `oauth_applications_comments`.`id` AS t25_r0, `oauth_applications_comments`.`public_id` AS t25_r1, `oauth_applications_comments`.`name` AS t25_r2, `oauth_applications_comments`.`uid` AS t25_r3, `oauth_applications_comments`.`secret` AS t25_r4, `oauth_applications_comments`.`redirect_uri` AS t25_r5, `oauth_applications_comments`.`scopes` AS t25_r6, `oauth_applications_comments`.`confidential` AS t25_r7, `oauth_applications_comments`.`owner_type` AS t25_r8, `oauth_applications_comments`.`owner_id` AS t25_r9, `oauth_applications_comments`.`created_at` AS t25_r10, `oauth_applications_comments`.`updated_at` AS t25_r11, `oauth_applications_comments`.`avatar_path` AS t25_r12, `oauth_applications_comments`.`discarded_at` AS t25_r13, `oauth_applications_comments`.`provider` AS t25_r14, `oauth_applications_comments`.`creator_id` AS t25_r15, `oauth_applications_comments`.`last_copied_secret_at` AS t25_r16, `members_comments`.`id` AS t26_r0, `members_comments`.`public_id` AS t26_r1, `members_comments`.`organization_id` AS t26_r2, `members_comments`.`user_id` AS t26_r3, `members_comments`.`created_at` AS t26_r4, `members_comments`.`updated_at` AS t26_r5, `members_comments`.`discarded_at` AS t26_r6, `members_comments`.`last_seen_at` AS t26_r7, `members_comments`.`role_name` AS t26_r8, `members_comments`.`latest_status_id` AS t26_r9, `members_comments`.`position` AS t26_r10, `members_comments`.`last_viewed_posts_at` AS t26_r11, `members_comments`.`home_last_seen_at` AS t26_r12, `members_comments`.`activity_last_seen_at` AS t26_r13, `users_organization_memberships_4`.`id` AS t27_r0, `users_organization_memberships_4`.`username` AS t27_r1, `users_organization_memberships_4`.`name` AS t27_r2, `users_organization_memberships_4`.`public_id` AS t27_r3, `users_organization_memberships_4`.`avatar_path` AS t27_r4, `users_organization_memberships_4`.`email` AS t27_r5, `users_organization_memberships_4`.`encrypted_password` AS t27_r6, `users_organization_memberships_4`.`reset_password_token` AS t27_r7, `users_organization_memberships_4`.`reset_password_sent_at` AS t27_r8, `users_organization_memberships_4`.`remember_created_at` AS t27_r9, `users_organization_memberships_4`.`confirmation_token` AS t27_r10, `users_organization_memberships_4`.`confirmed_at` AS t27_r11, `users_organization_memberships_4`.`confirmation_sent_at` AS t27_r12, `users_organization_memberships_4`.`unconfirmed_email` AS t27_r13, `users_organization_memberships_4`.`omniauth_provider` AS t27_r14, `users_organization_memberships_4`.`omniauth_uid` AS t27_r15, `users_organization_memberships_4`.`onboarded_at` AS t27_r16, `users_organization_memberships_4`.`created_at` AS t27_r17, `users_organization_memberships_4`.`updated_at` AS t27_r18, `users_organization_memberships_4`.`cover_photo_path` AS t27_r19, `users_organization_memberships_4`.`login_token` AS t27_r20, `users_organization_memberships_4`.`login_token_expires_at` AS t27_r21, `users_organization_memberships_4`.`consumed_timestep` AS t27_r22, `users_organization_memberships_4`.`otp_backup_codes` AS t27_r23, `users_organization_memberships_4`.`otp_enabled` AS t27_r24, `users_organization_memberships_4`.`otp_secret` AS t27_r25, `users_organization_memberships_4`.`last_seen_at` AS t27_r26, `users_organization_memberships_4`.`login_token_sso_id` AS t27_r27, `users_organization_memberships_4`.`scheduled_email_notifications_from` AS t27_r28, `users_organization_memberships_4`.`demo` AS t27_r29, `users_organization_memberships_4`.`staff` AS t27_r30, `users_organization_memberships_4`.`referrer` AS t27_r31, `users_organization_memberships_4`.`landing_url` AS t27_r32, `users_organization_memberships_4`.`notification_pause_expires_at` AS t27_r33, `users_organization_memberships_4`.`preferred_timezone` AS t27_r34, `users_organization_memberships_4`.`notifications_paused_at` AS t27_r35, `latest_statuses_organization_memberships_3`.`id` AS t28_r0, `latest_statuses_organization_memberships_3`.`message` AS t28_r1, `latest_statuses_organization_memberships_3`.`emoji` AS t28_r2, `latest_statuses_organization_memberships_3`.`expires_at` AS t28_r3, `latest_statuses_organization_memberships_3`.`organization_membership_id` AS t28_r4, `latest_statuses_organization_memberships_3`.`created_at` AS t28_r5, `latest_statuses_organization_memberships_3`.`updated_at` AS t28_r6, `latest_statuses_organization_memberships_3`.`expiration_setting` AS t28_r7, `latest_statuses_organization_memberships_3`.`pause_notifications` AS t28_r8 FROM `posts` LEFT OUTER JOIN `projects` `project` ON `project`.`id` = `posts`.`project_id` LEFT OUTER JOIN `organization_memberships` `member` ON `member`.`id` = `posts`.`organization_membership_id` LEFT OUTER JOIN `post_links` ON `post_links`.`post_id` = `posts`.`id` LEFT OUTER JOIN `projects` `projects_posts` ON `projects_posts`.`id` = `posts`.`project_id` LEFT OUTER JOIN `post_taggings` ON `post_taggings`.`post_id` = `posts`.`id` LEFT OUTER JOIN `tags` ON `tags`.`id` = `post_taggings`.`tag_id` LEFT OUTER JOIN `integrations` ON `integrations`.`id` = `posts`.`integration_id` LEFT OUTER JOIN `oauth_applications` ON `oauth_applications`.`id` = `posts`.`oauth_application_id` LEFT OUTER JOIN `organizations` ON `organizations`.`id` = `posts`.`organization_id` LEFT OUTER JOIN `organization_memberships` ON `organization_memberships`.`role_name` = 'admin' AND `organization_memberships`.`discarded_at` IS NULL AND `organization_memberships`.`organization_id` = `organizations`.`id` LEFT OUTER JOIN `users` ON `users`.`id` = `organization_memberships`.`user_id` LEFT OUTER JOIN `polls` ON `polls`.`post_id` = `posts`.`id` LEFT OUTER JOIN `poll_options` ON `poll_options`.`poll_id` = `polls`.`id` LEFT OUTER JOIN `attachments` ON `attachments`.`subject_type` = 'Post' AND `attachments`.`subject_id` = `posts`.`id` LEFT OUTER JOIN `figma_files` ON `figma_files`.`id` = `attachments`.`figma_file_id` LEFT OUTER JOIN `organization_memberships` `members_posts` ON `members_posts`.`id` = `posts`.`organization_membership_id` LEFT OUTER JOIN `users` `users_organization_memberships` ON `users_organization_memberships`.`id` = `members_posts`.`user_id` LEFT OUTER JOIN `organization_membership_statuses` ON `organization_membership_statuses`.`id` = `members_posts`.`latest_status_id` LEFT OUTER JOIN `post_feedback_requests` ON `post_feedback_requests`.`discarded_at` IS NULL AND `post_feedback_requests`.`dismissed_at` IS NULL AND `post_feedback_requests`.`post_id` = `posts`.`id` LEFT OUTER JOIN `organization_memberships` `members_post_feedback_requests` ON `members_post_feedback_requests`.`id` = `post_feedback_requests`.`organization_membership_id` LEFT OUTER JOIN `users` `users_organization_memberships_2` ON `users_organization_memberships_2`.`id` = `members_post_feedback_requests`.`user_id` LEFT OUTER JOIN `organization_membership_statuses` `latest_statuses_organization_memberships` ON `latest_statuses_organization_memberships`.`id` = `members_post_feedback_requests`.`latest_status_id` LEFT OUTER JOIN `follow_ups` ON `follow_ups`.`subject_type` = 'Post' AND `follow_ups`.`shown_at` IS NULL AND `follow_ups`.`subject_id` = `posts`.`id` LEFT OUTER JOIN `organization_memberships` `organization_memberships_follow_ups` ON `organization_memberships_follow_ups`.`id` = `follow_ups`.`organization_membership_id` LEFT OUTER JOIN `users` `users_organization_memberships_3` ON `users_organization_memberships_3`.`id` = `organization_memberships_follow_ups`.`user_id` LEFT OUTER JOIN `organization_membership_statuses` `latest_statuses_organization_memberships_2` ON `latest_statuses_organization_memberships_2`.`id` = `organization_memberships_follow_ups`.`latest_status_id` LEFT OUTER JOIN `comments` ON `comments`.`id` = `posts`.`resolved_comment_id` LEFT OUTER JOIN `integrations` `integrations_comments` ON `integrations_comments`.`id` = `comments`.`integration_id` LEFT OUTER JOIN `oauth_applications` `oauth_applications_comments` ON `oauth_applications_comments`.`id` = `comments`.`oauth_application_id` LEFT OUTER JOIN `organization_memberships` `members_comments` ON `members_comments`.`id` = `comments`.`organization_membership_id` LEFT OUTER JOIN `users` `users_organization_memberships_4` ON `users_organization_memberships_4`.`id` = `members_comments`.`user_id` LEFT OUTER JOIN `organization_membership_statuses` `latest_statuses_organization_memberships_3` ON `latest_statuses_organization_memberships_3`.`id` = `members_comments`.`latest_status_id` WHERE (posts.workflow_state = 'published') AND ((EXISTS ( SELECT 1 FROM project_memberships JOIN organization_memberships ON organization_memberships.id = project_memberships.organization_membership_id WHERE project_memberships.project_id = posts.project_id AND project_memberships.discarded_at IS NULL AND organization_memberships.user_id = '15' AND organization_memberships.discarded_at IS NULL )) OR (EXISTS ( SELECT 1 FROM user_subscriptions WHERE user_subscriptions.subscribable_type = 'Post' AND user_subscriptions.subscribable_id = posts.id AND user_subscriptions.user_id = '15' ))) AND ((`posts`.`project_id` IS NULL OR `project`.`private` = FALSE) AND (EXISTS( SELECT 1 FROM organization_memberships WHERE organization_memberships.user_id = '15' AND organization_memberships.organization_id = project.organization_id AND organization_memberships.discarded_at IS NULL AND organization_memberships.role_name in ('admin', 'member', 'viewer') LIMIT 1 )) OR (EXISTS ( SELECT 1 FROM project_memberships JOIN organization_memberships ON organization_memberships.id = project_memberships.organization_membership_id WHERE project_memberships.project_id = posts.project_id AND project_memberships.discarded_at IS NULL AND organization_memberships.user_id = '15' AND organization_memberships.discarded_at IS NULL ))) AND `posts`.`organization_id` = 3 AND `posts`.`discarded_at` IS NULL AND `project`.`archived_at` IS NULL AND `posts`.`stale` = FALSE AND `posts`.`id` IN (36, 34, 35, 33, 32, 31, 30) ORDER BY posts.last_activity_at desc, posts.id desc /*action='index',application='CampsiteApi',controller='for_me_posts'*/[0m
[1;38;5;2mapi-web           [0m |   ↳ lib/cursor_pagination.rb:67:in `run'
[1;38;5;2mapi-web           [0m |   [1m[35mSQL (2.5ms)[0m  [1m[34mSELECT `organization_memberships`.`id` AS t0_r0, `organization_memberships`.`public_id` AS t0_r1, `organization_memberships`.`organization_id` AS t0_r2, `organization_memberships`.`user_id` AS t0_r3, `organization_memberships`.`created_at` AS t0_r4, `organization_memberships`.`updated_at` AS t0_r5, `organization_memberships`.`discarded_at` AS t0_r6, `organization_memberships`.`last_seen_at` AS t0_r7, `organization_memberships`.`role_name` AS t0_r8, `organization_memberships`.`latest_status_id` AS t0_r9, `organization_memberships`.`position` AS t0_r10, `organization_memberships`.`last_viewed_posts_at` AS t0_r11, `organization_memberships`.`home_last_seen_at` AS t0_r12, `organization_memberships`.`activity_last_seen_at` AS t0_r13, `user`.`id` AS t1_r0, `user`.`username` AS t1_r1, `user`.`name` AS t1_r2, `user`.`public_id` AS t1_r3, `user`.`avatar_path` AS t1_r4, `user`.`email` AS t1_r5, `user`.`encrypted_password` AS t1_r6, `user`.`reset_password_token` AS t1_r7, `user`.`reset_password_sent_at` AS t1_r8, `user`.`remember_created_at` AS t1_r9, `user`.`confirmation_token` AS t1_r10, `user`.`confirmed_at` AS t1_r11, `user`.`confirmation_sent_at` AS t1_r12, `user`.`unconfirmed_email` AS t1_r13, `user`.`omniauth_provider` AS t1_r14, `user`.`omniauth_uid` AS t1_r15, `user`.`onboarded_at` AS t1_r16, `user`.`created_at` AS t1_r17, `user`.`updated_at` AS t1_r18, `user`.`cover_photo_path` AS t1_r19, `user`.`login_token` AS t1_r20, `user`.`login_token_expires_at` AS t1_r21, `user`.`consumed_timestep` AS t1_r22, `user`.`otp_backup_codes` AS t1_r23, `user`.`otp_enabled` AS t1_r24, `user`.`otp_secret` AS t1_r25, `user`.`last_seen_at` AS t1_r26, `user`.`login_token_sso_id` AS t1_r27, `user`.`scheduled_email_notifications_from` AS t1_r28, `user`.`demo` AS t1_r29, `user`.`staff` AS t1_r30, `user`.`referrer` AS t1_r31, `user`.`landing_url` AS t1_r32, `user`.`notification_pause_expires_at` AS t1_r33, `user`.`preferred_timezone` AS t1_r34, `user`.`notifications_paused_at` AS t1_r35, `organization_membership_statuses`.`id` AS t2_r0, `organization_membership_statuses`.`message` AS t2_r1, `organization_membership_statuses`.`emoji` AS t2_r2, `organization_membership_statuses`.`expires_at` AS t2_r3, `organization_membership_statuses`.`organization_membership_id` AS t2_r4, `organization_membership_statuses`.`created_at` AS t2_r5, `organization_membership_statuses`.`updated_at` AS t2_r6, `organization_membership_statuses`.`expiration_setting` AS t2_r7, `organization_membership_statuses`.`pause_notifications` AS t2_r8 FROM `organization_memberships` LEFT OUTER JOIN `users` `user` ON `user`.`id` = `organization_memberships`.`user_id` LEFT OUTER JOIN `organization_membership_statuses` ON `organization_membership_statuses`.`id` = `organization_memberships`.`latest_status_id` WHERE `organization_memberships`.`organization_id` = 3 AND `user`.`username` = 'martyna' LIMIT 1 /*action='show',application='CampsiteApi',controller='organization_members'*/[0m
[1;38;5;2mapi-web           [0m |   ↳ app/controllers/api/v1/organization_members_controller.rb:48:in `show'
[1;38;5;2mapi-web           [0m |   [1m[36mOrganizationMembership Load (2.4ms)[0m  [1m[34mSELECT `organization_memberships`.* FROM `organization_memberships` WHERE `organization_memberships`.`organization_id` = 3 AND `organization_memberships`.`discarded_at` IS NULL AND `organization_memberships`.`user_id` = 15 LIMIT 1 /*action='show',application='CampsiteApi',controller='organization_members'*/[0m
[1;38;5;2mapi-web           [0m |   ↳ app/policies/organization_membership_policy.rb:73:in `organization_membership'
[1;38;5;2mapi-web           [0m | Completed 200 OK in 37ms (Views: 0.1ms | ActiveRecord: 5.2ms (4 queries, 0 cached) | GC: 1.1ms)
[1;38;5;2mapi-web           [0m | 
[1;38;5;2mapi-web           [0m | 
[1;38;5;2mapi-web           [0m | Started GET "/v1/organizations/cosyland/threads/dms/mahnaz" for 87.75.141.139 at 2025-01-24 00:34:15 +0100
[1;38;5;2mapi-web           [0m | Cannot render console from 172.68.205.201! Allowed networks: 127.0.0.0/127.255.255.255, ::1
[1;38;5;2mapi-web           [0m | Processing by Api::V1::OrganizationMembersController#show as JSON
[1;38;5;2mapi-web           [0m |   Parameters: {"org_slug"=>"cosyland", "username"=>"faiz", "organization_member"=>{}}
[1;38;5;2mapi-web           [0m |   [1m[36mUser Load (5.2ms)[0m  [1m[34mSELECT `users`.* FROM `users` WHERE `users`.`id` = 15 ORDER BY `users`.`id` ASC LIMIT 1 /*action='show',application='CampsiteApi',controller='organization_members'*/[0m
[1;38;5;2mapi-web           [0m |   ↳ app/controllers/concerns/current_attributable.rb:17:in `set_current_user'
[1;38;5;2mapi-web           [0m |   [1m[35mSQL (1.7ms)[0m  [1m[34mSELECT `organization_memberships`.`id` AS t0_r0, `organization_memberships`.`public_id` AS t0_r1, `organization_memberships`.`organization_id` AS t0_r2, `organization_memberships`.`user_id` AS t0_r3, `organization_memberships`.`created_at` AS t0_r4, `organization_memberships`.`updated_at` AS t0_r5, `organization_memberships`.`discarded_at` AS t0_r6, `organization_memberships`.`last_seen_at` AS t0_r7, `organization_memberships`.`role_name` AS t0_r8, `organization_memberships`.`latest_status_id` AS t0_r9, `organization_memberships`.`position` AS t0_r10, `organization_memberships`.`last_viewed_posts_at` AS t0_r11, `organization_memberships`.`home_last_seen_at` AS t0_r12, `organization_memberships`.`activity_last_seen_at` AS t0_r13, `organization_membership_statuses`.`id` AS t1_r0, `organization_membership_statuses`.`message` AS t1_r1, `organization_membership_statuses`.`emoji` AS t1_r2, `organization_membership_statuses`.`expires_at` AS t1_r3, `organization_membership_statuses`.`organization_membership_id` AS t1_r4, `organization_membership_statuses`.`created_at` AS t1_r5, `organization_membership_statuses`.`updated_at` AS t1_r6, `organization_membership_statuses`.`expiration_setting` AS t1_r7, `organization_membership_statuses`.`pause_notifications` AS t1_r8, `organization`.`id` AS t2_r0, `organization`.`public_id` AS t2_r1, `organization`.`name` AS t2_r2, `organization`.`slug` AS t2_r3, `organization`.`email_domain` AS t2_r4, `organization`.`billing_email` AS t2_r5, `organization`.`avatar_path` AS t2_r6, `organization`.`slack_channel_id` AS t2_r7, `organization`.`invite_token` AS t2_r8, `organization`.`creator_id` AS t2_r9, `organization`.`onboarded_at` AS t2_r10, `organization`.`created_at` AS t2_r11, `organization`.`updated_at` AS t2_r12, `organization`.`plan_name` AS t2_r13, `organization`.`member_count` AS t2_r14, `organization`.`demo` AS t2_r15, `organization`.`creator_role` AS t2_r16, `organization`.`creator_org_size` AS t2_r17, `organization`.`trial_ends_at` AS t2_r18, `organization`.`creator_source` AS t2_r19, `organization`.`creator_why` AS t2_r20, `organization_settings`.`id` AS t3_r0, `organization_settings`.`key` AS t3_r1, `organization_settings`.`value` AS t3_r2, `organization_settings`.`organization_id` AS t3_r3, `organization_settings`.`created_at` AS t3_r4, `organization_settings`.`updated_at` AS t3_r5 FROM `organization_memberships` INNER JOIN `organizations` `organization` ON `organization`.`id` = `organization_memberships`.`organization_id` LEFT OUTER JOIN `organization_settings` ON `organization_settings`.`key` = 'enforce_two_factor_authentication' AND `organization_settings`.`organization_id` = `organization`.`id` LEFT OUTER JOIN `organization_membership_statuses` ON `organization_membership_statuses`.`id` = `organization_memberships`.`latest_status_id` WHERE `organization_memberships`.`user_id` = 15 AND `organization_memberships`.`discarded_at` IS NULL AND `organization`.`slug` = 'cosyland' LIMIT 1 /*action='show',application='CampsiteApi',controller='organization_members'*/[0m
[1;38;5;2mapi-web           [0m |   ↳ app/controllers/api/v1/base_controller.rb:110:in `current_organization_membership'
[1;38;5;2mapi-web           [0m |   [1m[35mSQL (6.5ms)[0m  [1m[34mSELECT DISTINCT `message_threads`.`id` FROM `message_threads` INNER JOIN `message_thread_memberships` ON `message_threads`.`id` = `message_thread_memberships`.`message_thread_id` INNER JOIN `message_thread_memberships` `memberships_message_threads_join` ON `memberships_message_threads_join`.`message_thread_id` = `message_threads`.`id` INNER JOIN `organization_memberships` ON `organization_memberships`.`id` = `memberships_message_threads_join`.`organization_membership_id` INNER JOIN `users` ON `users`.`id` = `organization_memberships`.`user_id` LEFT OUTER JOIN `call_rooms` ON `call_rooms`.`subject_type` = 'MessageThread' AND `call_rooms`.`subject_id` = `message_threads`.`id` LEFT OUTER JOIN `projects` ON `projects`.`message_thread_id` = `message_threads`.`id` LEFT OUTER JOIN `message_thread_memberships` `memberships_message_threads_join_2` ON `memberships_message_threads_join_2`.`message_thread_id` = `message_threads`.`id` LEFT OUTER JOIN `oauth_applications` ON `oauth_applications`.`id` = `memberships_message_threads_join_2`.`oauth_application_id` LEFT OUTER JOIN `calls` ON `calls`.`stopped_at` IS NULL AND `calls`.`call_room_id` = `call_rooms`.`id` LEFT OUTER JOIN `call_rooms` `rooms_calls` ON `rooms_calls`.`id` = `calls`.`call_room_id` LEFT OUTER JOIN `projects` `projects_calls` ON `projects_calls`.`id` = `calls`.`project_id` LEFT OUTER JOIN `follow_ups` ON `follow_ups`.`subject_type` = 'Call' AND `follow_ups`.`shown_at` IS NULL AND `follow_ups`.`subject_id` = `calls`.`id` LEFT OUTER JOIN `call_peers` ON `call_peers`.`call_id` = `calls`.`id` LEFT OUTER JOIN `users` `users_call_peers` ON `users_call_peers`.`id` = `call_peers`.`user_id` LEFT OUTER JOIN `organization_memberships` `organization_memberships_call_peers` ON `organization_memberships_call_peers`.`id` = `call_peers`.`organization_membership_id` LEFT OUTER JOIN `users` `users_organization_memberships` ON `users_organization_memberships`.`id` = `organization_memberships_call_peers`.`user_id` LEFT OUTER JOIN `organization_membership_statuses` ON `organization_membership_statuses`.`id` = `organization_memberships_call_peers`.`latest_status_id` LEFT OUTER JOIN `messages` ON `messages`.`id` = `message_threads`.`latest_message_id` LEFT OUTER JOIN `organization_memberships` `senders_messages` ON `senders_messages`.`id` = `messages`.`sender_id` LEFT OUTER JOIN `users` `users_organization_memberships_2` ON `users_organization_memberships_2`.`id` = `senders_messages`.`user_id` LEFT OUTER JOIN `organization_membership_statuses` `latest_statuses_organization_memberships` ON `latest_statuses_organization_memberships`.`id` = `senders_messages`.`latest_status_id` LEFT OUTER JOIN `organization_memberships` `organization_memberships_message_threads` ON `organization_memberships_message_threads`.`id` = `memberships_message_threads_join_2`.`organization_membership_id` LEFT OUTER JOIN `users` `users_organization_memberships_3` ON `users_organization_memberships_3`.`id` = `organization_memberships_message_threads`.`user_id` LEFT OUTER JOIN `organization_membership_statuses` `latest_statuses_organization_memberships_2` ON `latest_statuses_organization_memberships_2`.`id` = `organization_memberships_message_threads`.`latest_status_id` WHERE `message_thread_memberships`.`organization_membership_id` = 15 AND `message_threads`.`group` = FALSE AND `users`.`username` = 'faiz' LIMIT 1 /*action='show',application='CampsiteApi',controller='dms'*/[0m
[1;38;5;2mapi-web           [0m |   ↳ app/controllers/api/v1/message_threads/dms_controller.rb:19:in `show'
[1;38;5;2mapi-web           [0m |   [1m[35mSQL (2.8ms)[0m  [1m[34mSELECT DISTINCT `message_threads`.`id` FROM `message_threads` INNER JOIN `message_thread_memberships` ON `message_threads`.`id` = `message_thread_memberships`.`message_thread_id` INNER JOIN `message_thread_memberships` `memberships_message_threads_join` ON `memberships_message_threads_join`.`message_thread_id` = `message_threads`.`id` INNER JOIN `organization_memberships` ON `organization_memberships`.`id` = `memberships_message_threads_join`.`organization_membership_id` INNER JOIN `users` ON `users`.`id` = `organization_memberships`.`user_id` LEFT OUTER JOIN `call_rooms` ON `call_rooms`.`subject_type` = 'MessageThread' AND `call_rooms`.`subject_id` = `message_threads`.`id` LEFT OUTER JOIN `projects` ON `projects`.`message_thread_id` = `message_threads`.`id` LEFT OUTER JOIN `message_thread_memberships` `memberships_message_threads_join_2` ON `memberships_message_threads_join_2`.`message_thread_id` = `message_threads`.`id` LEFT OUTER JOIN `oauth_applications` ON `oauth_applications`.`id` = `memberships_message_threads_join_2`.`oauth_application_id` LEFT OUTER JOIN `calls` ON `calls`.`stopped_at` IS NULL AND `calls`.`call_room_id` = `call_rooms`.`id` LEFT OUTER JOIN `call_rooms` `rooms_calls` ON `rooms_calls`.`id` = `calls`.`call_room_id` LEFT OUTER JOIN `projects` `projects_calls` ON `projects_calls`.`id` = `calls`.`project_id` LEFT OUTER JOIN `follow_ups` ON `follow_ups`.`subject_type` = 'Call' AND `follow_ups`.`shown_at` IS NULL AND `follow_ups`.`subject_id` = `calls`.`id` LEFT OUTER JOIN `call_peers` ON `call_peers`.`call_id` = `calls`.`id` LEFT OUTER JOIN `users` `users_call_peers` ON `users_call_peers`.`id` = `call_peers`.`user_id` LEFT OUTER JOIN `organization_memberships` `organization_memberships_call_peers` ON `organization_memberships_call_peers`.`id` = `call_peers`.`organization_membership_id` LEFT OUTER JOIN `users` `users_organization_memberships` ON `users_organization_memberships`.`id` = `organization_memberships_call_peers`.`user_id` LEFT OUTER JOIN `organization_membership_statuses` ON `organization_membership_statuses`.`id` = `organization_memberships_call_peers`.`latest_status_id` LEFT OUTER JOIN `messages` ON `messages`.`id` = `message_threads`.`latest_message_id` LEFT OUTER JOIN `organization_memberships` `senders_messages` ON `senders_messages`.`id` = `messages`.`sender_id` LEFT OUTER JOIN `users` `users_organization_memberships_2` ON `users_organization_memberships_2`.`id` = `senders_messages`.`user_id` LEFT OUTER JOIN `organization_membership_statuses` `latest_statuses_organization_memberships` ON `latest_statuses_organization_memberships`.`id` = `senders_messages`.`latest_status_id` LEFT OUTER JOIN `organization_memberships` `organization_memberships_message_threads` ON `organization_memberships_message_threads`.`id` = `memberships_message_threads_join_2`.`organization_membership_id` LEFT OUTER JOIN `users` `users_organization_memberships_3` ON `users_organization_memberships_3`.`id` = `organization_memberships_message_threads`.`user_id` LEFT OUTER JOIN `organization_membership_statuses` `latest_statuses_organization_memberships_2` ON `latest_statuses_organization_memberships_2`.`id` = `organization_memberships_message_threads`.`latest_status_id` WHERE `message_thread_memberships`.`organization_membership_id` = 15 AND `message_threads`.`group` = FALSE AND `users`.`username` = 'haider' LIMIT 1 /*action='show',application='CampsiteApi',controller='dms'*/[0m
[1;38;5;2mapi-web           [0m |   [1m[35mSQL (1.7ms)[0m  [1m[34mSELECT `organization_memberships`.`id` AS t0_r0, `organization_memberships`.`public_id` AS t0_r1, `organization_memberships`.`organization_id` AS t0_r2, `organization_memberships`.`user_id` AS t0_r3, `organization_memberships`.`created_at` AS t0_r4, `organization_memberships`.`updated_at` AS t0_r5, `organization_memberships`.`discarded_at` AS t0_r6, `organization_memberships`.`last_seen_at` AS t0_r7, `organization_memberships`.`role_name` AS t0_r8, `organization_memberships`.`latest_status_id` AS t0_r9, `organization_memberships`.`position` AS t0_r10, `organization_memberships`.`last_viewed_posts_at` AS t0_r11, `organization_memberships`.`home_last_seen_at` AS t0_r12, `organization_memberships`.`activity_last_seen_at` AS t0_r13, `user`.`id` AS t1_r0, `user`.`username` AS t1_r1, `user`.`name` AS t1_r2, `user`.`public_id` AS t1_r3, `user`.`avatar_path` AS t1_r4, `user`.`email` AS t1_r5, `user`.`encrypted_password` AS t1_r6, `user`.`reset_password_token` AS t1_r7, `user`.`reset_password_sent_at` AS t1_r8, `user`.`remember_created_at` AS t1_r9, `user`.`confirmation_token` AS t1_r10, `user`.`confirmed_at` AS t1_r11, `user`.`confirmation_sent_at` AS t1_r12, `user`.`unconfirmed_email` AS t1_r13, `user`.`omniauth_provider` AS t1_r14, `user`.`omniauth_uid` AS t1_r15, `user`.`onboarded_at` AS t1_r16, `user`.`created_at` AS t1_r17, `user`.`updated_at` AS t1_r18, `user`.`cover_photo_path` AS t1_r19, `user`.`login_token` AS t1_r20, `user`.`login_token_expires_at` AS t1_r21, `user`.`consumed_timestep` AS t1_r22, `user`.`otp_backup_codes` AS t1_r23, `user`.`otp_enabled` AS t1_r24, `user`.`otp_secret` AS t1_r25, `user`.`last_seen_at` AS t1_r26, `user`.`login_token_sso_id` AS t1_r27, `user`.`scheduled_email_notifications_from` AS t1_r28, `user`.`demo` AS t1_r29, `user`.`staff` AS t1_r30, `user`.`referrer` AS t1_r31, `user`.`landing_url` AS t1_r32, `user`.`notification_pause_expires_at` AS t1_r33, `user`.`preferred_timezone` AS t1_r34, `user`.`notifications_paused_at` AS t1_r35, `organization_membership_statuses`.`id` AS t2_r0, `organization_membership_statuses`.`message` AS t2_r1, `organization_membership_statuses`.`emoji` AS t2_r2, `organization_membership_statuses`.`expires_at` AS t2_r3, `organization_membership_statuses`.`organization_membership_id` AS t2_r4, `organization_membership_statuses`.`created_at` AS t2_r5, `organization_membership_statuses`.`updated_at` AS t2_r6, `organization_membership_statuses`.`expiration_setting` AS t2_r7, `organization_membership_statuses`.`pause_notifications` AS t2_r8 FROM `organization_memberships` LEFT OUTER JOIN `users` `user` ON `user`.`id` = `organization_memberships`.`user_id` LEFT OUTER JOIN `organization_membership_statuses` ON `organization_membership_statuses`.`id` = `organization_memberships`.`latest_status_id` WHERE `organization_memberships`.`organization_id` = 3 AND `user`.`username` = 'faiz' LIMIT 1 /*action='show',application='CampsiteApi',controller='organization_members'*/[0m
[1;38;5;2mapi-web           [0m |   ↳ app/controllers/api/v1/organization_members_controller.rb:48:in `show'
[1;38;5;2mapi-web           [0m | Completed 200 OK in 193ms (Views: 0.1ms | ActiveRecord: 30.4ms (4 queries, 0 cached) | GC: 43.7ms)
[1;38;5;2mapi-web           [0m | 
[1;38;5;2mapi-web           [0m | 
[1;38;5;2mapi-web           [0m |   ↳ app/controllers/api/v1/message_threads/dms_controller.rb:19:in `show'
[1;38;5;2mapi-web           [0m |   [1m[36mOrganizationMembership Load (2.1ms)[0m  [1m[34mSELECT `organization_memberships`.* FROM `organization_memberships` WHERE `organization_memberships`.`organization_id` = 3 AND `organization_memberships`.`discarded_at` IS NULL AND `organization_memberships`.`user_id` = 15 LIMIT 1 /*action='show',application='CampsiteApi',controller='organization_members'*/[0m
[1;38;5;2mapi-web           [0m | Processing by Api::V1::MessageThreads::DmsController#show as JSON
[1;38;5;2mapi-web           [0m |   ↳ app/policies/organization_membership_policy.rb:73:in `organization_membership'
[1;38;5;2mapi-web           [0m | Completed 200 OK in 150ms (Views: 0.1ms | ActiveRecord: 31.3ms (4 queries, 0 cached) | GC: 4.8ms)
[1;38;5;2mapi-web           [0m | 
[1;38;5;2mapi-web           [0m | 
[1;38;5;2mapi-web           [0m |   Parameters: {"org_slug"=>"cosyland", "username"=>"martyna", "dm"=>{}}
[1;38;5;2mapi-web           [0m |   [1m[36mUser Load (1.2ms)[0m  [1m[34mSELECT `users`.* FROM `users` WHERE `users`.`id` = 15 ORDER BY `users`.`id` ASC LIMIT 1 /*action='show',application='CampsiteApi',controller='dms'*/[0m
[1;38;5;2mapi-web           [0m |   ↳ app/controllers/concerns/current_attributable.rb:17:in `set_current_user'
[1;38;5;2mapi-web           [0m | Completed 200 OK in 35ms (Views: 0.1ms | ActiveRecord: 8.3ms (4 queries, 0 cached) | GC: 0.3ms)
[1;38;5;2mapi-web           [0m | 
[1;38;5;2mapi-web           [0m | 
[1;38;5;2mapi-web           [0m |   [1m[35mSQL (1.3ms)[0m  [1m[34mSELECT `organization_memberships`.`id` AS t0_r0, `organization_memberships`.`public_id` AS t0_r1, `organization_memberships`.`organization_id` AS t0_r2, `organization_memberships`.`user_id` AS t0_r3, `organization_memberships`.`created_at` AS t0_r4, `organization_memberships`.`updated_at` AS t0_r5, `organization_memberships`.`discarded_at` AS t0_r6, `organization_memberships`.`last_seen_at` AS t0_r7, `organization_memberships`.`role_name` AS t0_r8, `organization_memberships`.`latest_status_id` AS t0_r9, `organization_memberships`.`position` AS t0_r10, `organization_memberships`.`last_viewed_posts_at` AS t0_r11, `organization_memberships`.`home_last_seen_at` AS t0_r12, `organization_memberships`.`activity_last_seen_at` AS t0_r13, `organization_membership_statuses`.`id` AS t1_r0, `organization_membership_statuses`.`message` AS t1_r1, `organization_membership_statuses`.`emoji` AS t1_r2, `organization_membership_statuses`.`expires_at` AS t1_r3, `organization_membership_statuses`.`organization_membership_id` AS t1_r4, `organization_membership_statuses`.`created_at` AS t1_r5, `organization_membership_statuses`.`updated_at` AS t1_r6, `organization_membership_statuses`.`expiration_setting` AS t1_r7, `organization_membership_statuses`.`pause_notifications` AS t1_r8, `organization`.`id` AS t2_r0, `organization`.`public_id` AS t2_r1, `organization`.`name` AS t2_r2, `organization`.`slug` AS t2_r3, `organization`.`email_domain` AS t2_r4, `organization`.`billing_email` AS t2_r5, `organization`.`avatar_path` AS t2_r6, `organization`.`slack_channel_id` AS t2_r7, `organization`.`invite_token` AS t2_r8, `organization`.`creator_id` AS t2_r9, `organization`.`onboarded_at` AS t2_r10, `organization`.`created_at` AS t2_r11, `organization`.`updated_at` AS t2_r12, `organization`.`plan_name` AS t2_r13, `organization`.`member_count` AS t2_r14, `organization`.`demo` AS t2_r15, `organization`.`creator_role` AS t2_r16, `organization`.`creator_org_size` AS t2_r17, `organization`.`trial_ends_at` AS t2_r18, `organization`.`creator_source` AS t2_r19, `organization`.`creator_why` AS t2_r20, `organization_settings`.`id` AS t3_r0, `organization_settings`.`key` AS t3_r1, `organization_settings`.`value` AS t3_r2, `organization_settings`.`organization_id` AS t3_r3, `organization_settings`.`created_at` AS t3_r4, `organization_settings`.`updated_at` AS t3_r5 FROM `organization_memberships` INNER JOIN `organizations` `organization` ON `organization`.`id` = `organization_memberships`.`organization_id` LEFT OUTER JOIN `organization_settings` ON `organization_settings`.`key` = 'enforce_two_factor_authentication' AND `organization_settings`.`organization_id` = `organization`.`id` LEFT OUTER JOIN `organization_membership_statuses` ON `organization_membership_statuses`.`id` = `organization_memberships`.`latest_status_id` WHERE `organization_memberships`.`user_id` = 15 AND `organization_memberships`.`discarded_at` IS NULL AND `organization`.`slug` = 'cosyland' LIMIT 1 /*action='show',application='CampsiteApi',controller='dms'*/[0m
[1;38;5;2mapi-web           [0m |   ↳ app/controllers/api/v1/base_controller.rb:110:in `current_organization_membership'
[1;38;5;2mapi-web           [0m |   [1m[36mOrganizationMembership Load (1.3ms)[0m  [1m[34mSELECT `organization_memberships`.* FROM `organization_memberships` WHERE `organization_memberships`.`id` = 16 /*action='index',application='CampsiteApi',controller='for_me_posts'*/[0m
[1;38;5;2mapi-web           [0m |   ↳ lib/cursor_pagination.rb:67:in `run'
[1;38;5;2mapi-web           [0m |   [1m[36mUser Exists? (1.3ms)[0m  [1m[34mSELECT 1 AS one FROM `users` INNER JOIN `organization_memberships` ON `users`.`id` = `organization_memberships`.`user_id` WHERE `organization_memberships`.`organization_id` = 3 AND `organization_memberships`.`discarded_at` IS NULL AND `users`.`id` = 15 LIMIT 1 /*action='show',application='CampsiteApi',controller='dms'*/[0m
[1;38;5;2mapi-web           [0m |   ↳ app/policies/organization_policy.rb:200:in `org_member?'
[1;38;5;2mapi-web           [0m |   [1m[36mUser Load (1.1ms)[0m  [1m[34mSELECT `users`.* FROM `users` WHERE `users`.`id` = 17 /*action='index',application='CampsiteApi',controller='for_me_posts'*/[0m
[1;38;5;2mapi-web           [0m |   ↳ lib/cursor_pagination.rb:67:in `run'
[1;38;5;2mapi-web           [0m |   [1m[36mOrganizationMembershipStatus Load (2.1ms)[0m  [1m[34mSELECT `organization_membership_statuses`.* FROM `organization_membership_statuses` WHERE `organization_membership_statuses`.`id` = 2 /*action='index',application='CampsiteApi',controller='for_me_posts'*/[0m
[1;38;5;2mapi-web           [0m |   [1m[35mSQL (2.1ms)[0m  [1m[34mSELECT DISTINCT `message_threads`.`id` FROM `message_threads` INNER JOIN `message_thread_memberships` ON `message_threads`.`id` = `message_thread_memberships`.`message_thread_id` INNER JOIN `message_thread_memberships` `memberships_message_threads_join` ON `memberships_message_threads_join`.`message_thread_id` = `message_threads`.`id` INNER JOIN `organization_memberships` ON `organization_memberships`.`id` = `memberships_message_threads_join`.`organization_membership_id` INNER JOIN `users` ON `users`.`id` = `organization_memberships`.`user_id` LEFT OUTER JOIN `call_rooms` ON `call_rooms`.`subject_type` = 'MessageThread' AND `call_rooms`.`subject_id` = `message_threads`.`id` LEFT OUTER JOIN `projects` ON `projects`.`message_thread_id` = `message_threads`.`id` LEFT OUTER JOIN `message_thread_memberships` `memberships_message_threads_join_2` ON `memberships_message_threads_join_2`.`message_thread_id` = `message_threads`.`id` LEFT OUTER JOIN `oauth_applications` ON `oauth_applications`.`id` = `memberships_message_threads_join_2`.`oauth_application_id` LEFT OUTER JOIN `calls` ON `calls`.`stopped_at` IS NULL AND `calls`.`call_room_id` = `call_rooms`.`id` LEFT OUTER JOIN `call_rooms` `rooms_calls` ON `rooms_calls`.`id` = `calls`.`call_room_id` LEFT OUTER JOIN `projects` `projects_calls` ON `projects_calls`.`id` = `calls`.`project_id` LEFT OUTER JOIN `follow_ups` ON `follow_ups`.`subject_type` = 'Call' AND `follow_ups`.`shown_at` IS NULL AND `follow_ups`.`subject_id` = `calls`.`id` LEFT OUTER JOIN `call_peers` ON `call_peers`.`call_id` = `calls`.`id` LEFT OUTER JOIN `users` `users_call_peers` ON `users_call_peers`.`id` = `call_peers`.`user_id` LEFT OUTER JOIN `organization_memberships` `organization_memberships_call_peers` ON `organization_memberships_call_peers`.`id` = `call_peers`.`organization_membership_id` LEFT OUTER JOIN `users` `users_organization_memberships` ON `users_organization_memberships`.`id` = `organization_memberships_call_peers`.`user_id` LEFT OUTER JOIN `organization_membership_statuses` ON `organization_membership_statuses`.`id` = `organization_memberships_call_peers`.`latest_status_id` LEFT OUTER JOIN `messages` ON `messages`.`id` = `message_threads`.`latest_message_id` LEFT OUTER JOIN `organization_memberships` `senders_messages` ON `senders_messages`.`id` = `messages`.`sender_id` LEFT OUTER JOIN `users` `users_organization_memberships_2` ON `users_organization_memberships_2`.`id` = `senders_messages`.`user_id` LEFT OUTER JOIN `organization_membership_statuses` `latest_statuses_organization_memberships` ON `latest_statuses_organization_memberships`.`id` = `senders_messages`.`latest_status_id` LEFT OUTER JOIN `organization_memberships` `organization_memberships_message_threads` ON `organization_memberships_message_threads`.`id` = `memberships_message_threads_join_2`.`organization_membership_id` LEFT OUTER JOIN `users` `users_organization_memberships_3` ON `users_organization_memberships_3`.`id` = `organization_memberships_message_threads`.`user_id` LEFT OUTER JOIN `organization_membership_statuses` `latest_statuses_organization_memberships_2` ON `latest_statuses_organization_memberships_2`.`id` = `organization_memberships_message_threads`.`latest_status_id` WHERE `message_thread_memberships`.`organization_membership_id` = 15 AND `message_threads`.`group` = FALSE AND `users`.`username` = 'martyna' LIMIT 1 /*action='show',application='CampsiteApi',controller='dms'*/[0m
[1;38;5;2mapi-web           [0m |   ↳ app/controllers/api/v1/message_threads/dms_controller.rb:19:in `show'
[1;38;5;2mapi-web           [0m |   ↳ lib/cursor_pagination.rb:67:in `run'
[1;38;5;2mapi-web           [0m | Completed 200 OK in 24ms (Views: 0.2ms | ActiveRecord: 3.6ms (4 queries, 0 cached) | GC: 0.1ms)
[1;38;5;2mapi-web           [0m | 
[1;38;5;2mapi-web           [0m | 
[1;38;5;2mapi-web           [0m | Processing by Api::V1::MessageThreads::DmsController#show as JSON
[1;38;5;2mapi-web           [0m |   Parameters: {"org_slug"=>"cosyland", "username"=>"samuel", "dm"=>{}}
[1;38;5;2mapi-web           [0m |   [1m[36mUser Load (0.9ms)[0m  [1m[34mSELECT `users`.* FROM `users` WHERE `users`.`id` = 15 ORDER BY `users`.`id` ASC LIMIT 1 /*action='show',application='CampsiteApi',controller='dms'*/[0m
[1;38;5;2mapi-web           [0m |   ↳ app/controllers/concerns/current_attributable.rb:17:in `set_current_user'
[1;38;5;2mapi-web           [0m |   [1m[35mSQL (1.1ms)[0m  [1m[34mSELECT `organization_memberships`.`id` AS t0_r0, `organization_memberships`.`public_id` AS t0_r1, `organization_memberships`.`organization_id` AS t0_r2, `organization_memberships`.`user_id` AS t0_r3, `organization_memberships`.`created_at` AS t0_r4, `organization_memberships`.`updated_at` AS t0_r5, `organization_memberships`.`discarded_at` AS t0_r6, `organization_memberships`.`last_seen_at` AS t0_r7, `organization_memberships`.`role_name` AS t0_r8, `organization_memberships`.`latest_status_id` AS t0_r9, `organization_memberships`.`position` AS t0_r10, `organization_memberships`.`last_viewed_posts_at` AS t0_r11, `organization_memberships`.`home_last_seen_at` AS t0_r12, `organization_memberships`.`activity_last_seen_at` AS t0_r13, `organization_membership_statuses`.`id` AS t1_r0, `organization_membership_statuses`.`message` AS t1_r1, `organization_membership_statuses`.`emoji` AS t1_r2, `organization_membership_statuses`.`expires_at` AS t1_r3, `organization_membership_statuses`.`organization_membership_id` AS t1_r4, `organization_membership_statuses`.`created_at` AS t1_r5, `organization_membership_statuses`.`updated_at` AS t1_r6, `organization_membership_statuses`.`expiration_setting` AS t1_r7, `organization_membership_statuses`.`pause_notifications` AS t1_r8, `organization`.`id` AS t2_r0, `organization`.`public_id` AS t2_r1, `organization`.`name` AS t2_r2, `organization`.`slug` AS t2_r3, `organization`.`email_domain` AS t2_r4, `organization`.`billing_email` AS t2_r5, `organization`.`avatar_path` AS t2_r6, `organization`.`slack_channel_id` AS t2_r7, `organization`.`invite_token` AS t2_r8, `organization`.`creator_id` AS t2_r9, `organization`.`onboarded_at` AS t2_r10, `organization`.`created_at` AS t2_r11, `organization`.`updated_at` AS t2_r12, `organization`.`plan_name` AS t2_r13, `organization`.`member_count` AS t2_r14, `organization`.`demo` AS t2_r15, `organization`.`creator_role` AS t2_r16, `organization`.`creator_org_size` AS t2_r17, `organization`.`trial_ends_at` AS t2_r18, `organization`.`creator_source` AS t2_r19, `organization`.`creator_why` AS t2_r20, `organization_settings`.`id` AS t3_r0, `organization_settings`.`key` AS t3_r1, `organization_settings`.`value` AS t3_r2, `organization_settings`.`organization_id` AS t3_r3, `organization_settings`.`created_at` AS t3_r4, `organization_settings`.`updated_at` AS t3_r5 FROM `organization_memberships` INNER JOIN `organizations` `organization` ON `organization`.`id` = `organization_memberships`.`organization_id` LEFT OUTER JOIN `organization_settings` ON `organization_settings`.`key` = 'enforce_two_factor_authentication' AND `organization_settings`.`organization_id` = `organization`.`id` LEFT OUTER JOIN `organization_membership_statuses` ON `organization_membership_statuses`.`id` = `organization_memberships`.`latest_status_id` WHERE `organization_memberships`.`user_id` = 15 AND `organization_memberships`.`discarded_at` IS NULL AND `organization`.`slug` = 'cosyland' LIMIT 1 /*action='show',application='CampsiteApi',controller='dms'*/[0m
[1;38;5;2mapi-web           [0m |   ↳ app/controllers/api/v1/base_controller.rb:110:in `current_organization_membership'
[1;38;5;2mapi-web           [0m |   [1m[36mUser Exists? (1.5ms)[0m  [1m[34mSELECT 1 AS one FROM `users` INNER JOIN `organization_memberships` ON `users`.`id` = `organization_memberships`.`user_id` WHERE `organization_memberships`.`organization_id` = 3 AND `organization_memberships`.`discarded_at` IS NULL AND `users`.`id` = 15 LIMIT 1 /*action='show',application='CampsiteApi',controller='dms'*/[0m
[1;38;5;2mapi-web           [0m |   ↳ app/policies/organization_policy.rb:200:in `org_member?'
[1;38;5;2mapi-web           [0m |   [1m[35mSQL (3.1ms)[0m  [1m[34mSELECT DISTINCT `message_threads`.`id` FROM `message_threads` INNER JOIN `message_thread_memberships` ON `message_threads`.`id` = `message_thread_memberships`.`message_thread_id` INNER JOIN `message_thread_memberships` `memberships_message_threads_join` ON `memberships_message_threads_join`.`message_thread_id` = `message_threads`.`id` INNER JOIN `organization_memberships` ON `organization_memberships`.`id` = `memberships_message_threads_join`.`organization_membership_id` INNER JOIN `users` ON `users`.`id` = `organization_memberships`.`user_id` LEFT OUTER JOIN `call_rooms` ON `call_rooms`.`subject_type` = 'MessageThread' AND `call_rooms`.`subject_id` = `message_threads`.`id` LEFT OUTER JOIN `projects` ON `projects`.`message_thread_id` = `message_threads`.`id` LEFT OUTER JOIN `message_thread_memberships` `memberships_message_threads_join_2` ON `memberships_message_threads_join_2`.`message_thread_id` = `message_threads`.`id` LEFT OUTER JOIN `oauth_applications` ON `oauth_applications`.`id` = `memberships_message_threads_join_2`.`oauth_application_id` LEFT OUTER JOIN `calls` ON `calls`.`stopped_at` IS NULL AND `calls`.`call_room_id` = `call_rooms`.`id` LEFT OUTER JOIN `call_rooms` `rooms_calls` ON `rooms_calls`.`id` = `calls`.`call_room_id` LEFT OUTER JOIN `projects` `projects_calls` ON `projects_calls`.`id` = `calls`.`project_id` LEFT OUTER JOIN `follow_ups` ON `follow_ups`.`subject_type` = 'Call' AND `follow_ups`.`shown_at` IS NULL AND `follow_ups`.`subject_id` = `calls`.`id` LEFT OUTER JOIN `call_peers` ON `call_peers`.`call_id` = `calls`.`id` LEFT OUTER JOIN `users` `users_call_peers` ON `users_call_peers`.`id` = `call_peers`.`user_id` LEFT OUTER JOIN `organization_memberships` `organization_memberships_call_peers` ON `organization_memberships_call_peers`.`id` = `call_peers`.`organization_membership_id` LEFT OUTER JOIN `users` `users_organization_memberships` ON `users_organization_memberships`.`id` = `organization_memberships_call_peers`.`user_id` LEFT OUTER JOIN `organization_membership_statuses` ON `organization_membership_statuses`.`id` = `organization_memberships_call_peers`.`latest_status_id` LEFT OUTER JOIN `messages` ON `messages`.`id` = `message_threads`.`latest_message_id` LEFT OUTER JOIN `organization_memberships` `senders_messages` ON `senders_messages`.`id` = `messages`.`sender_id` LEFT OUTER JOIN `users` `users_organization_memberships_2` ON `users_organization_memberships_2`.`id` = `senders_messages`.`user_id` LEFT OUTER JOIN `organization_membership_statuses` `latest_statuses_organization_memberships` ON `latest_statuses_organization_memberships`.`id` = `senders_messages`.`latest_status_id` LEFT OUTER JOIN `organization_memberships` `organization_memberships_message_threads` ON `organization_memberships_message_threads`.`id` = `memberships_message_threads_join_2`.`organization_membership_id` LEFT OUTER JOIN `users` `users_organization_memberships_3` ON `users_organization_memberships_3`.`id` = `organization_memberships_message_threads`.`user_id` LEFT OUTER JOIN `organization_membership_statuses` `latest_statuses_organization_memberships_2` ON `latest_statuses_organization_memberships_2`.`id` = `organization_memberships_message_threads`.`latest_status_id` WHERE `message_thread_memberships`.`organization_membership_id` = 15 AND `message_threads`.`group` = FALSE AND `users`.`username` = 'samuel' LIMIT 1 /*action='show',application='CampsiteApi',controller='dms'*/[0m
[1;38;5;2mapi-web           [0m |   ↳ app/controllers/api/v1/message_threads/dms_controller.rb:19:in `show'
[1;38;5;2mapi-web           [0m | Completed 200 OK in 20ms (Views: 0.1ms | ActiveRecord: 3.5ms (4 queries, 0 cached) | GC: 0.1ms)
[1;38;5;2mapi-web           [0m | 
[1;38;5;2mapi-web           [0m | 
[1;38;5;2mapi-web           [0m | Processing by Api::V1::MessageThreads::DmsController#show as JSON
[1;38;5;2mapi-web           [0m |   Parameters: {"org_slug"=>"cosyland", "username"=>"mahnaz", "dm"=>{}}
[1;38;5;2mapi-web           [0m |   [1m[36mUser Load (0.9ms)[0m  [1m[34mSELECT `users`.* FROM `users` WHERE `users`.`id` = 15 ORDER BY `users`.`id` ASC LIMIT 1 /*action='show',application='CampsiteApi',controller='dms'*/[0m
[1;38;5;2mapi-web           [0m |   ↳ app/controllers/concerns/current_attributable.rb:17:in `set_current_user'
[1;38;5;2mapi-web           [0m |   [1m[35mSQL (1.0ms)[0m  [1m[34mSELECT `organization_memberships`.`id` AS t0_r0, `organization_memberships`.`public_id` AS t0_r1, `organization_memberships`.`organization_id` AS t0_r2, `organization_memberships`.`user_id` AS t0_r3, `organization_memberships`.`created_at` AS t0_r4, `organization_memberships`.`updated_at` AS t0_r5, `organization_memberships`.`discarded_at` AS t0_r6, `organization_memberships`.`last_seen_at` AS t0_r7, `organization_memberships`.`role_name` AS t0_r8, `organization_memberships`.`latest_status_id` AS t0_r9, `organization_memberships`.`position` AS t0_r10, `organization_memberships`.`last_viewed_posts_at` AS t0_r11, `organization_memberships`.`home_last_seen_at` AS t0_r12, `organization_memberships`.`activity_last_seen_at` AS t0_r13, `organization_membership_statuses`.`id` AS t1_r0, `organization_membership_statuses`.`message` AS t1_r1, `organization_membership_statuses`.`emoji` AS t1_r2, `organization_membership_statuses`.`expires_at` AS t1_r3, `organization_membership_statuses`.`organization_membership_id` AS t1_r4, `organization_membership_statuses`.`created_at` AS t1_r5, `organization_membership_statuses`.`updated_at` AS t1_r6, `organization_membership_statuses`.`expiration_setting` AS t1_r7, `organization_membership_statuses`.`pause_notifications` AS t1_r8, `organization`.`id` AS t2_r0, `organization`.`public_id` AS t2_r1, `organization`.`name` AS t2_r2, `organization`.`slug` AS t2_r3, `organization`.`email_domain` AS t2_r4, `organization`.`billing_email` AS t2_r5, `organization`.`avatar_path` AS t2_r6, `organization`.`slack_channel_id` AS t2_r7, `organization`.`invite_token` AS t2_r8, `organization`.`creator_id` AS t2_r9, `organization`.`onboarded_at` AS t2_r10, `organization`.`created_at` AS t2_r11, `organization`.`updated_at` AS t2_r12, `organization`.`plan_name` AS t2_r13, `organization`.`member_count` AS t2_r14, `organization`.`demo` AS t2_r15, `organization`.`creator_role` AS t2_r16, `organization`.`creator_org_size` AS t2_r17, `organization`.`trial_ends_at` AS t2_r18, `organization`.`creator_source` AS t2_r19, `organization`.`creator_why` AS t2_r20, `organization_settings`.`id` AS t3_r0, `organization_settings`.`key` AS t3_r1, `organization_settings`.`value` AS t3_r2, `organization_settings`.`organization_id` AS t3_r3, `organization_settings`.`created_at` AS t3_r4, `organization_settings`.`updated_at` AS t3_r5 FROM `organization_memberships` INNER JOIN `organizations` `organization` ON `organization`.`id` = `organization_memberships`.`organization_id` LEFT OUTER JOIN `organization_settings` ON `organization_settings`.`key` = 'enforce_two_factor_authentication' AND `organization_settings`.`organization_id` = `organization`.`id` LEFT OUTER JOIN `organization_membership_statuses` ON `organization_membership_statuses`.`id` = `organization_memberships`.`latest_status_id` WHERE `organization_memberships`.`user_id` = 15 AND `organization_memberships`.`discarded_at` IS NULL AND `organization`.`slug` = 'cosyland' LIMIT 1 /*action='show',application='CampsiteApi',controller='dms'*/[0m
[1;38;5;2mapi-web           [0m |   ↳ app/controllers/api/v1/base_controller.rb:110:in `current_organization_membership'
[1;38;5;2mapi-web           [0m |   [1m[36mUser Exists? (1.1ms)[0m  [1m[34mSELECT 1 AS one FROM `users` INNER JOIN `organization_memberships` ON `users`.`id` = `organization_memberships`.`user_id` WHERE `organization_memberships`.`organization_id` = 3 AND `organization_memberships`.`discarded_at` IS NULL AND `users`.`id` = 15 LIMIT 1 /*action='show',application='CampsiteApi',controller='dms'*/[0m
[1;38;5;2mapi-web           [0m |   ↳ app/policies/organization_policy.rb:200:in `org_member?'
[1;38;5;2mapi-web           [0m |   [1m[35mSQL (1.9ms)[0m  [1m[34mSELECT DISTINCT `message_threads`.`id` FROM `message_threads` INNER JOIN `message_thread_memberships` ON `message_threads`.`id` = `message_thread_memberships`.`message_thread_id` INNER JOIN `message_thread_memberships` `memberships_message_threads_join` ON `memberships_message_threads_join`.`message_thread_id` = `message_threads`.`id` INNER JOIN `organization_memberships` ON `organization_memberships`.`id` = `memberships_message_threads_join`.`organization_membership_id` INNER JOIN `users` ON `users`.`id` = `organization_memberships`.`user_id` LEFT OUTER JOIN `call_rooms` ON `call_rooms`.`subject_type` = 'MessageThread' AND `call_rooms`.`subject_id` = `message_threads`.`id` LEFT OUTER JOIN `projects` ON `projects`.`message_thread_id` = `message_threads`.`id` LEFT OUTER JOIN `message_thread_memberships` `memberships_message_threads_join_2` ON `memberships_message_threads_join_2`.`message_thread_id` = `message_threads`.`id` LEFT OUTER JOIN `oauth_applications` ON `oauth_applications`.`id` = `memberships_message_threads_join_2`.`oauth_application_id` LEFT OUTER JOIN `calls` ON `calls`.`stopped_at` IS NULL AND `calls`.`call_room_id` = `call_rooms`.`id` LEFT OUTER JOIN `call_rooms` `rooms_calls` ON `rooms_calls`.`id` = `calls`.`call_room_id` LEFT OUTER JOIN `projects` `projects_calls` ON `projects_calls`.`id` = `calls`.`project_id` LEFT OUTER JOIN `follow_ups` ON `follow_ups`.`subject_type` = 'Call' AND `follow_ups`.`shown_at` IS NULL AND `follow_ups`.`subject_id` = `calls`.`id` LEFT OUTER JOIN `call_peers` ON `call_peers`.`call_id` = `calls`.`id` LEFT OUTER JOIN `users` `users_call_peers` ON `users_call_peers`.`id` = `call_peers`.`user_id` LEFT OUTER JOIN `organization_memberships` `organization_memberships_call_peers` ON `organization_memberships_call_peers`.`id` = `call_peers`.`organization_membership_id` LEFT OUTER JOIN `users` `users_organization_memberships` ON `users_organization_memberships`.`id` = `organization_memberships_call_peers`.`user_id` LEFT OUTER JOIN `organization_membership_statuses` ON `organization_membership_statuses`.`id` = `organization_memberships_call_peers`.`latest_status_id` LEFT OUTER JOIN `messages` ON `messages`.`id` = `message_threads`.`latest_message_id` LEFT OUTER JOIN `organization_memberships` `senders_messages` ON `senders_messages`.`id` = `messages`.`sender_id` LEFT OUTER JOIN `users` `users_organization_memberships_2` ON `users_organization_memberships_2`.`id` = `senders_messages`.`user_id` LEFT OUTER JOIN `organization_membership_statuses` `latest_statuses_organization_memberships` ON `latest_statuses_organization_memberships`.`id` = `senders_messages`.`latest_status_id` LEFT OUTER JOIN `organization_memberships` `organization_memberships_message_threads` ON `organization_memberships_message_threads`.`id` = `memberships_message_threads_join_2`.`organization_membership_id` LEFT OUTER JOIN `users` `users_organization_memberships_3` ON `users_organization_memberships_3`.`id` = `organization_memberships_message_threads`.`user_id` LEFT OUTER JOIN `organization_membership_statuses` `latest_statuses_organization_memberships_2` ON `latest_statuses_organization_memberships_2`.`id` = `organization_memberships_message_threads`.`latest_status_id` WHERE `message_thread_memberships`.`organization_membership_id` = 15 AND `message_threads`.`group` = FALSE AND `users`.`username` = 'mahnaz' LIMIT 1 /*action='show',application='CampsiteApi',controller='dms'*/[0m
[1;38;5;2mapi-web           [0m |   ↳ app/controllers/api/v1/message_threads/dms_controller.rb:19:in `show'
[1;38;5;2mapi-web           [0m | Completed 200 OK in 31ms (Views: 0.1ms | ActiveRecord: 13.5ms (4 queries, 0 cached) | GC: 0.0ms)
[1;38;5;2mapi-web           [0m | 
[1;38;5;2mapi-web           [0m | 
[1;38;5;2mapi-web           [0m | Processing by Api::V1::OrganizationMembersController#show as JSON
[1;38;5;2mapi-web           [0m |   Parameters: {"org_slug"=>"cosyland", "username"=>"mahnaz", "organization_member"=>{}}
[1;38;5;2mapi-web           [0m |   [1m[36mUser Load (1.6ms)[0m  [1m[34mSELECT `users`.* FROM `users` WHERE `users`.`id` = 15 ORDER BY `users`.`id` ASC LIMIT 1 /*action='show',application='CampsiteApi',controller='organization_members'*/[0m
[1;38;5;2mapi-web           [0m |   ↳ app/controllers/concerns/current_attributable.rb:17:in `set_current_user'
[1;38;5;2mapi-web           [0m |   [1m[35mSQL (1.4ms)[0m  [1m[34mSELECT `organization_memberships`.`id` AS t0_r0, `organization_memberships`.`public_id` AS t0_r1, `organization_memberships`.`organization_id` AS t0_r2, `organization_memberships`.`user_id` AS t0_r3, `organization_memberships`.`created_at` AS t0_r4, `organization_memberships`.`updated_at` AS t0_r5, `organization_memberships`.`discarded_at` AS t0_r6, `organization_memberships`.`last_seen_at` AS t0_r7, `organization_memberships`.`role_name` AS t0_r8, `organization_memberships`.`latest_status_id` AS t0_r9, `organization_memberships`.`position` AS t0_r10, `organization_memberships`.`last_viewed_posts_at` AS t0_r11, `organization_memberships`.`home_last_seen_at` AS t0_r12, `organization_memberships`.`activity_last_seen_at` AS t0_r13, `organization_membership_statuses`.`id` AS t1_r0, `organization_membership_statuses`.`message` AS t1_r1, `organization_membership_statuses`.`emoji` AS t1_r2, `organization_membership_statuses`.`expires_at` AS t1_r3, `organization_membership_statuses`.`organization_membership_id` AS t1_r4, `organization_membership_statuses`.`created_at` AS t1_r5, `organization_membership_statuses`.`updated_at` AS t1_r6, `organization_membership_statuses`.`expiration_setting` AS t1_r7, `organization_membership_statuses`.`pause_notifications` AS t1_r8, `organization`.`id` AS t2_r0, `organization`.`public_id` AS t2_r1, `organization`.`name` AS t2_r2, `organization`.`slug` AS t2_r3, `organization`.`email_domain` AS t2_r4, `organization`.`billing_email` AS t2_r5, `organization`.`avatar_path` AS t2_r6, `organization`.`slack_channel_id` AS t2_r7, `organization`.`invite_token` AS t2_r8, `organization`.`creator_id` AS t2_r9, `organization`.`onboarded_at` AS t2_r10, `organization`.`created_at` AS t2_r11, `organization`.`updated_at` AS t2_r12, `organization`.`plan_name` AS t2_r13, `organization`.`member_count` AS t2_r14, `organization`.`demo` AS t2_r15, `organization`.`creator_role` AS t2_r16, `organization`.`creator_org_size` AS t2_r17, `organization`.`trial_ends_at` AS t2_r18, `organization`.`creator_source` AS t2_r19, `organization`.`creator_why` AS t2_r20, `organization_settings`.`id` AS t3_r0, `organization_settings`.`key` AS t3_r1, `organization_settings`.`value` AS t3_r2, `organization_settings`.`organization_id` AS t3_r3, `organization_settings`.`created_at` AS t3_r4, `organization_settings`.`updated_at` AS t3_r5 FROM `organization_memberships` INNER JOIN `organizations` `organization` ON `organization`.`id` = `organization_memberships`.`organization_id` LEFT OUTER JOIN `organization_settings` ON `organization_settings`.`key` = 'enforce_two_factor_authentication' AND `organization_settings`.`organization_id` = `organization`.`id` LEFT OUTER JOIN `organization_membership_statuses` ON `organization_membership_statuses`.`id` = `organization_memberships`.`latest_status_id` WHERE `organization_memberships`.`user_id` = 15 AND `organization_memberships`.`discarded_at` IS NULL AND `organization`.`slug` = 'cosyland' LIMIT 1 /*action='show',application='CampsiteApi',controller='organization_members'*/[0m
[1;38;5;2mapi-web           [0m |   ↳ app/controllers/api/v1/base_controller.rb:110:in `current_organization_membership'
[1;38;5;2mapi-web           [0m |   [1m[35mSQL (2.8ms)[0m  [1m[34mSELECT `organization_memberships`.`id` AS t0_r0, `organization_memberships`.`public_id` AS t0_r1, `organization_memberships`.`organization_id` AS t0_r2, `organization_memberships`.`user_id` AS t0_r3, `organization_memberships`.`created_at` AS t0_r4, `organization_memberships`.`updated_at` AS t0_r5, `organization_memberships`.`discarded_at` AS t0_r6, `organization_memberships`.`last_seen_at` AS t0_r7, `organization_memberships`.`role_name` AS t0_r8, `organization_memberships`.`latest_status_id` AS t0_r9, `organization_memberships`.`position` AS t0_r10, `organization_memberships`.`last_viewed_posts_at` AS t0_r11, `organization_memberships`.`home_last_seen_at` AS t0_r12, `organization_memberships`.`activity_last_seen_at` AS t0_r13, `user`.`id` AS t1_r0, `user`.`username` AS t1_r1, `user`.`name` AS t1_r2, `user`.`public_id` AS t1_r3, `user`.`avatar_path` AS t1_r4, `user`.`email` AS t1_r5, `user`.`encrypted_password` AS t1_r6, `user`.`reset_password_token` AS t1_r7, `user`.`reset_password_sent_at` AS t1_r8, `user`.`remember_created_at` AS t1_r9, `user`.`confirmation_token` AS t1_r10, `user`.`confirmed_at` AS t1_r11, `user`.`confirmation_sent_at` AS t1_r12, `user`.`unconfirmed_email` AS t1_r13, `user`.`omniauth_provider` AS t1_r14, `user`.`omniauth_uid` AS t1_r15, `user`.`onboarded_at` AS t1_r16, `user`.`created_at` AS t1_r17, `user`.`updated_at` AS t1_r18, `user`.`cover_photo_path` AS t1_r19, `user`.`login_token` AS t1_r20, `user`.`login_token_expires_at` AS t1_r21, `user`.`consumed_timestep` AS t1_r22, `user`.`otp_backup_codes` AS t1_r23, `user`.`otp_enabled` AS t1_r24, `user`.`otp_secret` AS t1_r25, `user`.`last_seen_at` AS t1_r26, `user`.`login_token_sso_id` AS t1_r27, `user`.`scheduled_email_notifications_from` AS t1_r28, `user`.`demo` AS t1_r29, `user`.`staff` AS t1_r30, `user`.`referrer` AS t1_r31, `user`.`landing_url` AS t1_r32, `user`.`notification_pause_expires_at` AS t1_r33, `user`.`preferred_timezone` AS t1_r34, `user`.`notifications_paused_at` AS t1_r35, `organization_membership_statuses`.`id` AS t2_r0, `organization_membership_statuses`.`message` AS t2_r1, `organization_membership_statuses`.`emoji` AS t2_r2, `organization_membership_statuses`.`expires_at` AS t2_r3, `organization_membership_statuses`.`organization_membership_id` AS t2_r4, `organization_membership_statuses`.`created_at` AS t2_r5, `organization_membership_statuses`.`updated_at` AS t2_r6, `organization_membership_statuses`.`expiration_setting` AS t2_r7, `organization_membership_statuses`.`pause_notifications` AS t2_r8 FROM `organization_memberships` LEFT OUTER JOIN `users` `user` ON `user`.`id` = `organization_memberships`.`user_id` LEFT OUTER JOIN `organization_membership_statuses` ON `organization_membership_statuses`.`id` = `organization_memberships`.`latest_status_id` WHERE `organization_memberships`.`organization_id` = 3 AND `user`.`username` = 'mahnaz' LIMIT 1 /*action='show',application='CampsiteApi',controller='organization_members'*/[0m
[1;38;5;2mapi-web           [0m |   ↳ app/controllers/api/v1/organization_members_controller.rb:48:in `show'
[1;38;5;2mapi-web           [0m |   [1m[36mOrganizationMembership Load (26.2ms)[0m  [1m[34mSELECT `organization_memberships`.* FROM `organization_memberships` WHERE `organization_memberships`.`organization_id` = 3 AND `organization_memberships`.`discarded_at` IS NULL AND `organization_memberships`.`user_id` = 15 LIMIT 1 /*action='show',application='CampsiteApi',controller='organization_members'*/[0m
[1;38;5;2mapi-web           [0m |   ↳ app/policies/organization_membership_policy.rb:73:in `organization_membership'
[1;38;5;2mapi-web           [0m | Completed 200 OK in 44ms (Views: 0.1ms | ActiveRecord: 3.5ms (4 queries, 0 cached) | GC: 24.8ms)
[1;38;5;2mapi-web           [0m | 
[1;38;5;2mapi-web           [0m | 
[1;38;5;2mapi-web           [0m | Processing by Api::V1::OrganizationMembersController#show as JSON
[1;38;5;2mapi-web           [0m |   Parameters: {"org_slug"=>"cosyland", "username"=>"haider", "organization_member"=>{}}
[1;38;5;2mapi-web           [0m |   [1m[36mUser Load (1.9ms)[0m  [1m[34mSELECT `users`.* FROM `users` WHERE `users`.`id` = 15 ORDER BY `users`.`id` ASC LIMIT 1 /*action='show',application='CampsiteApi',controller='organization_members'*/[0m
[1;38;5;2mapi-web           [0m |   ↳ app/controllers/concerns/current_attributable.rb:17:in `set_current_user'
[1;38;5;2mapi-web           [0m |   [1m[35mSQL (2.2ms)[0m  [1m[34mSELECT `organization_memberships`.`id` AS t0_r0, `organization_memberships`.`public_id` AS t0_r1, `organization_memberships`.`organization_id` AS t0_r2, `organization_memberships`.`user_id` AS t0_r3, `organization_memberships`.`created_at` AS t0_r4, `organization_memberships`.`updated_at` AS t0_r5, `organization_memberships`.`discarded_at` AS t0_r6, `organization_memberships`.`last_seen_at` AS t0_r7, `organization_memberships`.`role_name` AS t0_r8, `organization_memberships`.`latest_status_id` AS t0_r9, `organization_memberships`.`position` AS t0_r10, `organization_memberships`.`last_viewed_posts_at` AS t0_r11, `organization_memberships`.`home_last_seen_at` AS t0_r12, `organization_memberships`.`activity_last_seen_at` AS t0_r13, `organization_membership_statuses`.`id` AS t1_r0, `organization_membership_statuses`.`message` AS t1_r1, `organization_membership_statuses`.`emoji` AS t1_r2, `organization_membership_statuses`.`expires_at` AS t1_r3, `organization_membership_statuses`.`organization_membership_id` AS t1_r4, `organization_membership_statuses`.`created_at` AS t1_r5, `organization_membership_statuses`.`updated_at` AS t1_r6, `organization_membership_statuses`.`expiration_setting` AS t1_r7, `organization_membership_statuses`.`pause_notifications` AS t1_r8, `organization`.`id` AS t2_r0, `organization`.`public_id` AS t2_r1, `organization`.`name` AS t2_r2, `organization`.`slug` AS t2_r3, `organization`.`email_domain` AS t2_r4, `organization`.`billing_email` AS t2_r5, `organization`.`avatar_path` AS t2_r6, `organization`.`slack_channel_id` AS t2_r7, `organization`.`invite_token` AS t2_r8, `organization`.`creator_id` AS t2_r9, `organization`.`onboarded_at` AS t2_r10, `organization`.`created_at` AS t2_r11, `organization`.`updated_at` AS t2_r12, `organization`.`plan_name` AS t2_r13, `organization`.`member_count` AS t2_r14, `organization`.`demo` AS t2_r15, `organization`.`creator_role` AS t2_r16, `organization`.`creator_org_size` AS t2_r17, `organization`.`trial_ends_at` AS t2_r18, `organization`.`creator_source` AS t2_r19, `organization`.`creator_why` AS t2_r20, `organization_settings`.`id` AS t3_r0, `organization_settings`.`key` AS t3_r1, `organization_settings`.`value` AS t3_r2, `organization_settings`.`organization_id` AS t3_r3, `organization_settings`.`created_at` AS t3_r4, `organization_settings`.`updated_at` AS t3_r5 FROM `organization_memberships` INNER JOIN `organizations` `organization` ON `organization`.`id` = `organization_memberships`.`organization_id` LEFT OUTER JOIN `organization_settings` ON `organization_settings`.`key` = 'enforce_two_factor_authentication' AND `organization_settings`.`organization_id` = `organization`.`id` LEFT OUTER JOIN `organization_membership_statuses` ON `organization_membership_statuses`.`id` = `organization_memberships`.`latest_status_id` WHERE `organization_memberships`.`user_id` = 15 AND `organization_memberships`.`discarded_at` IS NULL AND `organization`.`slug` = 'cosyland' LIMIT 1 /*action='show',application='CampsiteApi',controller='organization_members'*/[0m
[1;38;5;2mapi-web           [0m |   ↳ app/controllers/api/v1/base_controller.rb:110:in `current_organization_membership'
[1;38;5;2mapi-web           [0m |   [1m[35mSQL (1.8ms)[0m  [1m[34mSELECT `organization_memberships`.`id` AS t0_r0, `organization_memberships`.`public_id` AS t0_r1, `organization_memberships`.`organization_id` AS t0_r2, `organization_memberships`.`user_id` AS t0_r3, `organization_memberships`.`created_at` AS t0_r4, `organization_memberships`.`updated_at` AS t0_r5, `organization_memberships`.`discarded_at` AS t0_r6, `organization_memberships`.`last_seen_at` AS t0_r7, `organization_memberships`.`role_name` AS t0_r8, `organization_memberships`.`latest_status_id` AS t0_r9, `organization_memberships`.`position` AS t0_r10, `organization_memberships`.`last_viewed_posts_at` AS t0_r11, `organization_memberships`.`home_last_seen_at` AS t0_r12, `organization_memberships`.`activity_last_seen_at` AS t0_r13, `user`.`id` AS t1_r0, `user`.`username` AS t1_r1, `user`.`name` AS t1_r2, `user`.`public_id` AS t1_r3, `user`.`avatar_path` AS t1_r4, `user`.`email` AS t1_r5, `user`.`encrypted_password` AS t1_r6, `user`.`reset_password_token` AS t1_r7, `user`.`reset_password_sent_at` AS t1_r8, `user`.`remember_created_at` AS t1_r9, `user`.`confirmation_token` AS t1_r10, `user`.`confirmed_at` AS t1_r11, `user`.`confirmation_sent_at` AS t1_r12, `user`.`unconfirmed_email` AS t1_r13, `user`.`omniauth_provider` AS t1_r14, `user`.`omniauth_uid` AS t1_r15, `user`.`onboarded_at` AS t1_r16, `user`.`created_at` AS t1_r17, `user`.`updated_at` AS t1_r18, `user`.`cover_photo_path` AS t1_r19, `user`.`login_token` AS t1_r20, `user`.`login_token_expires_at` AS t1_r21, `user`.`consumed_timestep` AS t1_r22, `user`.`otp_backup_codes` AS t1_r23, `user`.`otp_enabled` AS t1_r24, `user`.`otp_secret` AS t1_r25, `user`.`last_seen_at` AS t1_r26, `user`.`login_token_sso_id` AS t1_r27, `user`.`scheduled_email_notifications_from` AS t1_r28, `user`.`demo` AS t1_r29, `user`.`staff` AS t1_r30, `user`.`referrer` AS t1_r31, `user`.`landing_url` AS t1_r32, `user`.`notification_pause_expires_at` AS t1_r33, `user`.`preferred_timezone` AS t1_r34, `user`.`notifications_paused_at` AS t1_r35, `organization_membership_statuses`.`id` AS t2_r0, `organization_membership_statuses`.`message` AS t2_r1, `organization_membership_statuses`.`emoji` AS t2_r2, `organization_membership_statuses`.`expires_at` AS t2_r3, `organization_membership_statuses`.`organization_membership_id` AS t2_r4, `organization_membership_statuses`.`created_at` AS t2_r5, `organization_membership_statuses`.`updated_at` AS t2_r6, `organization_membership_statuses`.`expiration_setting` AS t2_r7, `organization_membership_statuses`.`pause_notifications` AS t2_r8 FROM `organization_memberships` LEFT OUTER JOIN `users` `user` ON `user`.`id` = `organization_memberships`.`user_id` LEFT OUTER JOIN `organization_membership_statuses` ON `organization_membership_statuses`.`id` = `organization_memberships`.`latest_status_id` WHERE `organization_memberships`.`organization_id` = 3 AND `user`.`username` = 'haider' LIMIT 1 /*action='show',application='CampsiteApi',controller='organization_members'*/[0m
[1;38;5;2mapi-web           [0m |   ↳ app/controllers/api/v1/organization_members_controller.rb:48:in `show'
[1;38;5;2mapi-web           [0m |   [1m[36mOrganizationMembership Load (5.6ms)[0m  [1m[34mSELECT `organization_memberships`.* FROM `organization_memberships` WHERE `organization_memberships`.`organization_id` = 3 AND `organization_memberships`.`discarded_at` IS NULL AND `organization_memberships`.`user_id` = 15 LIMIT 1 /*action='show',application='CampsiteApi',controller='organization_members'*/[0m
[1;38;5;2mapi-web           [0m |   ↳ app/policies/organization_membership_policy.rb:73:in `organization_membership'
[1;38;5;2mapi-web           [0m | Completed 200 OK in 31ms (Views: 0.1ms | ActiveRecord: 8.9ms (4 queries, 0 cached) | GC: 0.4ms)
[1;38;5;2mapi-web           [0m | 
[1;38;5;2mapi-web           [0m | 
[1;38;5;2mapi-web           [0m |   [1m[36mASYNC Reaction Pluck (0.0ms) (db time 4.8ms)[0m  [1m[34mSELECT `reactions`.`subject_id`, `reactions`.`content`, `reactions`.`custom_reaction_id`, MAX(IF(reactions.organization_membership_id=15, reactions.public_id, NULL)), COUNT(*), JSON_ARRAYAGG(COALESCE(users.name, users.username, users.email)) FROM `reactions` INNER JOIN `organization_memberships` ON `organization_memberships`.`id` = `reactions`.`organization_membership_id` INNER JOIN `users` ON `users`.`id` = `organization_memberships`.`user_id` LEFT OUTER JOIN `custom_reactions` ON `custom_reactions`.`id` = `reactions`.`custom_reaction_id` WHERE `reactions`.`subject_id` IN (36, 34, 35, 33, 32, 31, 30) AND `reactions`.`subject_type` = 'Post' AND `reactions`.`discarded_at` IS NULL GROUP BY `reactions`.`subject_id`, `reactions`.`content`, `reactions`.`custom_reaction_id` ORDER BY MIN(reactions.created_at) /*application='CampsiteApi'*/[0m
[1;38;5;2mapi-web           [0m |   ↳ lib/async_preloader.rb:14:in `value'
[1;38;5;2mapi-web           [0m |   [1m[36mASYNC Comment Count (0.0ms) (db time 2.1ms)[0m  [1m[34mSELECT COUNT(*) AS `count_all`, `comments`.`subject_id` AS `comments_subject_id` FROM `comments` WHERE `comments`.`subject_id` IN (36, 34, 35, 33, 32, 31, 30) AND `comments`.`subject_type` = 'Post' AND `comments`.`discarded_at` IS NULL AND `comments`.`organization_membership_id` = 15 GROUP BY `comments`.`subject_id` /*application='CampsiteApi'*/[0m
[1;38;5;2mapi-web           [0m |   ↳ lib/async_preloader.rb:14:in `value'
[1;38;5;2mapi-web           [0m |   [1m[36mASYNC Comment Load (0.0ms) (db time 1.9ms)[0m  [1m[34mSELECT `comments`.`subject_id`, `comments`.`organization_membership_id`, `comments`.`oauth_application_id`, `comments`.`integration_id`, MAX(comments.id) AS latest_id FROM `comments` LEFT OUTER JOIN `organization_memberships` `member` ON `member`.`id` = `comments`.`organization_membership_id` LEFT OUTER JOIN `oauth_applications` ON `oauth_applications`.`id` = `comments`.`oauth_application_id` LEFT OUTER JOIN `integrations` ON `integrations`.`id` = `comments`.`integration_id` WHERE `comments`.`subject_id` IN (36, 34, 35, 33, 32, 31, 30) AND `comments`.`subject_type` = 'Post' AND `comments`.`discarded_at` IS NULL AND `comments`.`resolved_at` IS NULL AND `member`.`discarded_at` IS NULL GROUP BY `comments`.`subject_id`, `comments`.`organization_membership_id`, `comments`.`oauth_application_id`, `comments`.`integration_id` /*application='CampsiteApi'*/[0m
[1;38;5;2mapi-web           [0m |   ↳ app/models/concerns/commentable.rb:33:in `each_with_object'
[1;38;5;2mapi-web           [0m | Processing by Api::V1::OrganizationMembersController#show as JSON
[1;38;5;2mapi-web           [0m |   [1m[36mOrganizationMembership Load (3.7ms)[0m  [1m[34mSELECT `organization_memberships`.* FROM `organization_memberships` WHERE `organization_memberships`.`id` IN (15, 16, 17) /*action='index',application='CampsiteApi',controller='for_me_posts'*/[0m
[1;38;5;2mapi-web           [0m |   Parameters: {"org_slug"=>"cosyland", "username"=>"samuel", "organization_member"=>{}}
[1;38;5;2mapi-web           [0m |   ↳ app/models/concerns/commentable.rb:33:in `each_with_object'
[1;38;5;2mapi-web           [0m |   [1m[36mUser Load (2.5ms)[0m  [1m[34mSELECT `users`.* FROM `users` WHERE `users`.`id` = 15 ORDER BY `users`.`id` ASC LIMIT 1 /*action='show',application='CampsiteApi',controller='organization_members'*/[0m
[1;38;5;2mapi-web           [0m |   [1m[36mUser Load (1.8ms)[0m  [1m[34mSELECT `users`.* FROM `users` WHERE `users`.`id` IN (15, 17, 18) /*action='index',application='CampsiteApi',controller='for_me_posts'*/[0m
[1;38;5;2mapi-web           [0m |   ↳ app/controllers/concerns/current_attributable.rb:17:in `set_current_user'
[1;38;5;2mapi-web           [0m |   ↳ app/models/concerns/commentable.rb:33:in `each_with_object'
[1;38;5;2mapi-web           [0m |   [1m[35mSQL (1.5ms)[0m  [1m[34mSELECT `organization_memberships`.`id` AS t0_r0, `organization_memberships`.`public_id` AS t0_r1, `organization_memberships`.`organization_id` AS t0_r2, `organization_memberships`.`user_id` AS t0_r3, `organization_memberships`.`created_at` AS t0_r4, `organization_memberships`.`updated_at` AS t0_r5, `organization_memberships`.`discarded_at` AS t0_r6, `organization_memberships`.`last_seen_at` AS t0_r7, `organization_memberships`.`role_name` AS t0_r8, `organization_memberships`.`latest_status_id` AS t0_r9, `organization_memberships`.`position` AS t0_r10, `organization_memberships`.`last_viewed_posts_at` AS t0_r11, `organization_memberships`.`home_last_seen_at` AS t0_r12, `organization_memberships`.`activity_last_seen_at` AS t0_r13, `organization_membership_statuses`.`id` AS t1_r0, `organization_membership_statuses`.`message` AS t1_r1, `organization_membership_statuses`.`emoji` AS t1_r2, `organization_membership_statuses`.`expires_at` AS t1_r3, `organization_membership_statuses`.`organization_membership_id` AS t1_r4, `organization_membership_statuses`.`created_at` AS t1_r5, `organization_membership_statuses`.`updated_at` AS t1_r6, `organization_membership_statuses`.`expiration_setting` AS t1_r7, `organization_membership_statuses`.`pause_notifications` AS t1_r8, `organization`.`id` AS t2_r0, `organization`.`public_id` AS t2_r1, `organization`.`name` AS t2_r2, `organization`.`slug` AS t2_r3, `organization`.`email_domain` AS t2_r4, `organization`.`billing_email` AS t2_r5, `organization`.`avatar_path` AS t2_r6, `organization`.`slack_channel_id` AS t2_r7, `organization`.`invite_token` AS t2_r8, `organization`.`creator_id` AS t2_r9, `organization`.`onboarded_at` AS t2_r10, `organization`.`created_at` AS t2_r11, `organization`.`updated_at` AS t2_r12, `organization`.`plan_name` AS t2_r13, `organization`.`member_count` AS t2_r14, `organization`.`demo` AS t2_r15, `organization`.`creator_role` AS t2_r16, `organization`.`creator_org_size` AS t2_r17, `organization`.`trial_ends_at` AS t2_r18, `organization`.`creator_source` AS t2_r19, `organization`.`creator_why` AS t2_r20, `organization_settings`.`id` AS t3_r0, `organization_settings`.`key` AS t3_r1, `organization_settings`.`value` AS t3_r2, `organization_settings`.`organization_id` AS t3_r3, `organization_settings`.`created_at` AS t3_r4, `organization_settings`.`updated_at` AS t3_r5 FROM `organization_memberships` INNER JOIN `organizations` `organization` ON `organization`.`id` = `organization_memberships`.`organization_id` LEFT OUTER JOIN `organization_settings` ON `organization_settings`.`key` = 'enforce_two_factor_authentication' AND `organization_settings`.`organization_id` = `organization`.`id` LEFT OUTER JOIN `organization_membership_statuses` ON `organization_membership_statuses`.`id` = `organization_memberships`.`latest_status_id` WHERE `organization_memberships`.`user_id` = 15 AND `organization_memberships`.`discarded_at` IS NULL AND `organization`.`slug` = 'cosyland' LIMIT 1 /*action='show',application='CampsiteApi',controller='organization_members'*/[0m
[1;38;5;2mapi-web           [0m |   [1m[36mOrganizationMembershipStatus Load (1.5ms)[0m  [1m[34mSELECT `organization_membership_statuses`.* FROM `organization_membership_statuses` WHERE `organization_membership_statuses`.`id` IN (1, 2) /*action='index',application='CampsiteApi',controller='for_me_posts'*/[0m
[1;38;5;2mapi-web           [0m |   ↳ app/controllers/api/v1/base_controller.rb:110:in `current_organization_membership'
[1;38;5;2mapi-web           [0m |   ↳ app/models/concerns/commentable.rb:33:in `each_with_object'
[1;38;5;2mapi-web           [0m |   [1m[36mASYNC UserSubscription Count (0.0ms) (db time 2.5ms)[0m  [1m[34mSELECT COUNT(*) AS `count_all`, `user_subscriptions`.`subscribable_id` AS `user_subscriptions_subscribable_id` FROM `user_subscriptions` WHERE `user_subscriptions`.`subscribable_type` = 'Post' AND `user_subscriptions`.`subscribable_id` IN (36, 34, 35, 33, 32, 31, 30) AND `user_subscriptions`.`user_id` = 15 GROUP BY `user_subscriptions`.`subscribable_id` /*application='CampsiteApi'*/[0m
[1;38;5;2mapi-web           [0m |   ↳ lib/async_preloader.rb:14:in `value'
[1;38;5;2mapi-web           [0m |   [1m[35mSQL (13.2ms)[0m  [1m[34mSELECT `organization_memberships`.`id` AS t0_r0, `organization_memberships`.`public_id` AS t0_r1, `organization_memberships`.`organization_id` AS t0_r2, `organization_memberships`.`user_id` AS t0_r3, `organization_memberships`.`created_at` AS t0_r4, `organization_memberships`.`updated_at` AS t0_r5, `organization_memberships`.`discarded_at` AS t0_r6, `organization_memberships`.`last_seen_at` AS t0_r7, `organization_memberships`.`role_name` AS t0_r8, `organization_memberships`.`latest_status_id` AS t0_r9, `organization_memberships`.`position` AS t0_r10, `organization_memberships`.`last_viewed_posts_at` AS t0_r11, `organization_memberships`.`home_last_seen_at` AS t0_r12, `organization_memberships`.`activity_last_seen_at` AS t0_r13, `user`.`id` AS t1_r0, `user`.`username` AS t1_r1, `user`.`name` AS t1_r2, `user`.`public_id` AS t1_r3, `user`.`avatar_path` AS t1_r4, `user`.`email` AS t1_r5, `user`.`encrypted_password` AS t1_r6, `user`.`reset_password_token` AS t1_r7, `user`.`reset_password_sent_at` AS t1_r8, `user`.`remember_created_at` AS t1_r9, `user`.`confirmation_token` AS t1_r10, `user`.`confirmed_at` AS t1_r11, `user`.`confirmation_sent_at` AS t1_r12, `user`.`unconfirmed_email` AS t1_r13, `user`.`omniauth_provider` AS t1_r14, `user`.`omniauth_uid` AS t1_r15, `user`.`onboarded_at` AS t1_r16, `user`.`created_at` AS t1_r17, `user`.`updated_at` AS t1_r18, `user`.`cover_photo_path` AS t1_r19, `user`.`login_token` AS t1_r20, `user`.`login_token_expires_at` AS t1_r21, `user`.`consumed_timestep` AS t1_r22, `user`.`otp_backup_codes` AS t1_r23, `user`.`otp_enabled` AS t1_r24, `user`.`otp_secret` AS t1_r25, `user`.`last_seen_at` AS t1_r26, `user`.`login_token_sso_id` AS t1_r27, `user`.`scheduled_email_notifications_from` AS t1_r28, `user`.`demo` AS t1_r29, `user`.`staff` AS t1_r30, `user`.`referrer` AS t1_r31, `user`.`landing_url` AS t1_r32, `user`.`notification_pause_expires_at` AS t1_r33, `user`.`preferred_timezone` AS t1_r34, `user`.`notifications_paused_at` AS t1_r35, `organization_membership_statuses`.`id` AS t2_r0, `organization_membership_statuses`.`message` AS t2_r1, `organization_membership_statuses`.`emoji` AS t2_r2, `organization_membership_statuses`.`expires_at` AS t2_r3, `organization_membership_statuses`.`organization_membership_id` AS t2_r4, `organization_membership_statuses`.`created_at` AS t2_r5, `organization_membership_statuses`.`updated_at` AS t2_r6, `organization_membership_statuses`.`expiration_setting` AS t2_r7, `organization_membership_statuses`.`pause_notifications` AS t2_r8 FROM `organization_memberships` LEFT OUTER JOIN `users` `user` ON `user`.`id` = `organization_memberships`.`user_id` LEFT OUTER JOIN `organization_membership_statuses` ON `organization_membership_statuses`.`id` = `organization_memberships`.`latest_status_id` WHERE `organization_memberships`.`organization_id` = 3 AND `user`.`username` = 'samuel' LIMIT 1 /*action='show',application='CampsiteApi',controller='organization_members'*/[0m
[1;38;5;2mapi-web           [0m |   [1m[36mASYNC PostView Count (0.0ms) (db time 3.2ms)[0m  [1m[34mSELECT COUNT(*) AS `count_all`, `post_views`.`post_id` AS `post_views_post_id` FROM `post_views` WHERE `post_views`.`post_id` IN (36, 34, 35, 33, 32, 31, 30) AND `post_views`.`organization_membership_id` = 15 GROUP BY `post_views`.`post_id` /*application='CampsiteApi'*/[0m
[1;38;5;2mapi-web           [0m |   ↳ app/controllers/api/v1/organization_members_controller.rb:48:in `show'
[1;38;5;2mapi-web           [0m |   ↳ lib/async_preloader.rb:14:in `value'
[1;38;5;2mapi-web           [0m |   [1m[36mASYNC Favorite Count (0.0ms) (db time 2.2ms)[0m  [1m[34mSELECT COUNT(*) AS `count_all`, `favorites`.`favoritable_id` AS `favorites_favoritable_id` FROM `favorites` WHERE `favorites`.`favoritable_type` = 'Post' AND `favorites`.`favoritable_id` IN (36, 34, 35, 33, 32, 31, 30) AND `favorites`.`organization_membership_id` = 15 GROUP BY `favorites`.`favoritable_id` /*application='CampsiteApi'*/[0m
[1;38;5;2mapi-web           [0m |   ↳ lib/async_preloader.rb:14:in `value'
[1;38;5;2mapi-web           [0m |   [1m[36mOrganizationMembership Load (7.9ms)[0m  [1m[34mSELECT `organization_memberships`.* FROM `organization_memberships` WHERE `organization_memberships`.`organization_id` = 3 AND `organization_memberships`.`discarded_at` IS NULL AND `organization_memberships`.`user_id` = 15 LIMIT 1 /*action='show',application='CampsiteApi',controller='organization_members'*/[0m
[1;38;5;2mapi-web           [0m |   [1m[36mASYNC Comment Load (0.0ms) (db time 3.5ms)[0m  [1m[34mSELECT `comments`.`subject_id`, COUNT(DISTINCT CASE WHEN comments.created_at > post_views.updated_at THEN comments.id END) AS unseen_count, MAX(DISTINCT CASE WHEN comments.created_at > post_views.updated_at THEN comments.created_at END) AS latest_at FROM `comments` LEFT JOIN post_views ON post_views.post_id = comments.subject_id AND post_views.organization_membership_id = 15 WHERE `comments`.`discarded_at` IS NULL AND `comments`.`subject_id` IN (36, 34, 35, 33, 32, 31, 30) AND `comments`.`subject_type` = 'Post' AND `comments`.`organization_membership_id` != 15 GROUP BY `comments`.`subject_id` /*application='CampsiteApi'*/[0m
[1;38;5;2mapi-web           [0m |   ↳ app/policies/organization_membership_policy.rb:73:in `organization_membership'
[1;38;5;2mapi-web           [0m |   ↳ app/models/post.rb:940:in `map'
[1;38;5;2mapi-web           [0m | Completed 200 OK in 82ms (Views: 0.1ms | ActiveRecord: 18.1ms (4 queries, 0 cached) | GC: 55.6ms)
[1;38;5;2mapi-web           [0m | 
[1;38;5;2mapi-web           [0m | 
[1;38;5;2mapi-web           [0m |   [1m[35mASYNC SQL (0.0ms) (db time 4.9ms)[0m  [1m[34mSELECT `comments`.`id` AS t0_r0, `comments`.`public_id` AS t0_r1, `comments`.`organization_membership_id` AS t0_r2, `comments`.`subject_type` AS t0_r3, `comments`.`subject_id` AS t0_r4, `comments`.`parent_id` AS t0_r5, `comments`.`attachment_id` AS t0_r6, `comments`.`resolved_by_id` AS t0_r7, `comments`.`body_html` AS t0_r8, `comments`.`resolved_at` AS t0_r9, `comments`.`timestamp` AS t0_r10, `comments`.`x` AS t0_r11, `comments`.`y` AS t0_r12, `comments`.`note_highlight` AS t0_r13, `comments`.`discarded_at` AS t0_r14, `comments`.`created_at` AS t0_r15, `comments`.`updated_at` AS t0_r16, `comments`.`integration_id` AS t0_r17, `comments`.`oauth_application_id` AS t0_r18, `comments`.`replies_count` AS t0_r19, `attachments`.`id` AS t1_r0, `attachments`.`public_id` AS t1_r1, `attachments`.`file_path` AS t1_r2, `attachments`.`file_type` AS t1_r3, `attachments`.`subject_type` AS t1_r4, `attachments`.`subject_id` AS t1_r5, `attachments`.`preview_file_path` AS t1_r6, `attachments`.`width` AS t1_r7, `attachments`.`height` AS t1_r8, `attachments`.`created_at` AS t1_r9, `attachments`.`updated_at` AS t1_r10, `attachments`.`duration` AS t1_r11, `attachments`.`transcription_job_id` AS t1_r12, `attachments`.`transcription_job_status` AS t1_r13, `attachments`.`transcription_vtt` AS t1_r14, `attachments`.`position` AS t1_r15, `attachments`.`name` AS t1_r16, `attachments`.`size` AS t1_r17, `attachments`.`remote_figma_node_id` AS t1_r18, `attachments`.`remote_figma_node_type` AS t1_r19, `attachments`.`remote_figma_node_name` AS t1_r20, `attachments`.`figma_file_id` AS t1_r21, `attachments`.`comments_count` AS t1_r22, `attachments`.`figma_share_url` AS t1_r23, `attachments`.`imgix_video_file_path` AS t1_r24, `attachments`.`no_video_track` AS t1_r25, `attachments`.`gallery_id` AS t1_r26, `attachments_comments`.`id` AS t2_r0, `attachments_comments`.`public_id` AS t2_r1, `attachments_comments`.`file_path` AS t2_r2, `attachments_comments`.`file_type` AS t2_r3, `attachments_comments`.`subject_type` AS t2_r4, `attachments_comments`.`subject_id` AS t2_r5, `attachments_comments`.`preview_file_path` AS t2_r6, `attachments_comments`.`width` AS t2_r7, `attachments_comments`.`height` AS t2_r8, `attachments_comments`.`created_at` AS t2_r9, `attachments_comments`.`updated_at` AS t2_r10, `attachments_comments`.`duration` AS t2_r11, `attachments_comments`.`transcription_job_id` AS t2_r12, `attachments_comments`.`transcription_job_status` AS t2_r13, `attachments_comments`.`transcription_vtt` AS t2_r14, `attachments_comments`.`position` AS t2_r15, `attachments_comments`.`name` AS t2_r16, `attachments_comments`.`size` AS t2_r17, `attachments_comments`.`remote_figma_node_id` AS t2_r18, `attachments_comments`.`remote_figma_node_type` AS t2_r19, `attachments_comments`.`remote_figma_node_name` AS t2_r20, `attachments_comments`.`figma_file_id` AS t2_r21, `attachments_comments`.`comments_count` AS t2_r22, `attachments_comments`.`figma_share_url` AS t2_r23, `attachments_comments`.`imgix_video_file_path` AS t2_r24, `attachments_comments`.`no_video_track` AS t2_r25, `attachments_comments`.`gallery_id` AS t2_r26, `parents_comments`.`id` AS t3_r0, `parents_comments`.`public_id` AS t3_r1, `parents_comments`.`organization_membership_id` AS t3_r2, `parents_comments`.`subject_type` AS t3_r3, `parents_comments`.`subject_id` AS t3_r4, `parents_comments`.`parent_id` AS t3_r5, `parents_comments`.`attachment_id` AS t3_r6, `parents_comments`.`resolved_by_id` AS t3_r7, `parents_comments`.`body_html` AS t3_r8, `parents_comments`.`resolved_at` AS t3_r9, `parents_comments`.`timestamp` AS t3_r10, `parents_comments`.`x` AS t3_r11, `parents_comments`.`y` AS t3_r12, `parents_comments`.`note_highlight` AS t3_r13, `parents_comments`.`discarded_at` AS t3_r14, `parents_comments`.`created_at` AS t3_r15, `parents_comments`.`updated_at` AS t3_r16, `parents_comments`.`integration_id` AS t3_r17, `parents_comments`.`oauth_application_id` AS t3_r18, `parents_comments`.`replies_count` AS t3_r19, `integrations`.`id` AS t4_r0, `integrations`.`public_id` AS t4_r1, `integrations`.`provider` AS t4_r2, `integrations`.`token` AS t4_r3, `integrations`.`creator_id` AS t4_r4, `integrations`.`created_at` AS t4_r5, `integrations`.`updated_at` AS t4_r6, `integrations`.`owner_id` AS t4_r7, `integrations`.`owner_type` AS t4_r8, `integrations`.`refresh_token` AS t4_r9, `integrations`.`token_expires_at` AS t4_r10, `oauth_applications`.`id` AS t5_r0, `oauth_applications`.`public_id` AS t5_r1, `oauth_applications`.`name` AS t5_r2, `oauth_applications`.`uid` AS t5_r3, `oauth_applications`.`secret` AS t5_r4, `oauth_applications`.`redirect_uri` AS t5_r5, `oauth_applications`.`scopes` AS t5_r6, `oauth_applications`.`confidential` AS t5_r7, `oauth_applications`.`owner_type` AS t5_r8, `oauth_applications`.`owner_id` AS t5_r9, `oauth_applications`.`created_at` AS t5_r10, `oauth_applications`.`updated_at` AS t5_r11, `oauth_applications`.`avatar_path` AS t5_r12, `oauth_applications`.`discarded_at` AS t5_r13, `oauth_applications`.`provider` AS t5_r14, `oauth_applications`.`creator_id` AS t5_r15, `oauth_applications`.`last_copied_secret_at` AS t5_r16, `timeline_events`.`id` AS t6_r0, `timeline_events`.`actor_type` AS t6_r1, `timeline_events`.`actor_id` AS t6_r2, `timeline_events`.`subject_type` AS t6_r3, `timeline_events`.`subject_id` AS t6_r4, `timeline_events`.`reference_type` AS t6_r5, `timeline_events`.`reference_id` AS t6_r6, `timeline_events`.`action` AS t6_r7, `timeline_events`.`metadata` AS t6_r8, `timeline_events`.`created_at` AS t6_r9, `timeline_events`.`updated_at` AS t6_r10, `timeline_events`.`public_id` AS t6_r11, `organization_memberships`.`id` AS t7_r0, `organization_memberships`.`public_id` AS t7_r1, `organization_memberships`.`organization_id` AS t7_r2, `organization_memberships`.`user_id` AS t7_r3, `organization_memberships`.`created_at` AS t7_r4, `organization_memberships`.`updated_at` AS t7_r5, `organization_memberships`.`discarded_at` AS t7_r6, `organization_memberships`.`last_seen_at` AS t7_r7, `organization_memberships`.`role_name` AS t7_r8, `organization_memberships`.`latest_status_id` AS t7_r9, `organization_memberships`.`position` AS t7_r10, `organization_memberships`.`last_viewed_posts_at` AS t7_r11, `organization_memberships`.`home_last_seen_at` AS t7_r12, `organization_memberships`.`activity_last_seen_at` AS t7_r13, `users`.`id` AS t8_r0, `users`.`username` AS t8_r1, `users`.`name` AS t8_r2, `users`.`public_id` AS t8_r3, `users`.`avatar_path` AS t8_r4, `users`.`email` AS t8_r5, `users`.`encrypted_password` AS t8_r6, `users`.`reset_password_token` AS t8_r7, `users`.`reset_password_sent_at` AS t8_r8, `users`.`remember_created_at` AS t8_r9, `users`.`confirmation_token` AS t8_r10, `users`.`confirmed_at` AS t8_r11, `users`.`confirmation_sent_at` AS t8_r12, `users`.`unconfirmed_email` AS t8_r13, `users`.`omniauth_provider` AS t8_r14, `users`.`omniauth_uid` AS t8_r15, `users`.`onboarded_at` AS t8_r16, `users`.`created_at` AS t8_r17, `users`.`updated_at` AS t8_r18, `users`.`cover_photo_path` AS t8_r19, `users`.`login_token` AS t8_r20, `users`.`login_token_expires_at` AS t8_r21, `users`.`consumed_timestep` AS t8_r22, `users`.`otp_backup_codes` AS t8_r23, `users`.`otp_enabled` AS t8_r24, `users`.`otp_secret` AS t8_r25, `users`.`last_seen_at` AS t8_r26, `users`.`login_token_sso_id` AS t8_r27, `users`.`scheduled_email_notifications_from` AS t8_r28, `users`.`demo` AS t8_r29, `users`.`staff` AS t8_r30, `users`.`referrer` AS t8_r31, `users`.`landing_url` AS t8_r32, `users`.`notification_pause_expires_at` AS t8_r33, `users`.`preferred_timezone` AS t8_r34, `users`.`notifications_paused_at` AS t8_r35, `organization_membership_statuses`.`id` AS t9_r0, `organization_membership_statuses`.`message` AS t9_r1, `organization_membership_statuses`.`emoji` AS t9_r2, `organization_membership_statuses`.`expires_at` AS t9_r3, `organization_membership_statuses`.`organization_membership_id` AS t9_r4, `organization_membership_statuses`.`created_at` AS t9_r5, `organization_membership_statuses`.`updated_at` AS t9_r6, `organization_membership_statuses`.`expiration_setting` AS t9_r7, `organization_membership_statuses`.`pause_notifications` AS t9_r8, `resolved_bies_comments`.`id` AS t10_r0, `resolved_bies_comments`.`public_id` AS t10_r1, `resolved_bies_comments`.`organization_id` AS t10_r2, `resolved_bies_comments`.`user_id` AS t10_r3, `resolved_bies_comments`.`created_at` AS t10_r4, `resolved_bies_comments`.`updated_at` AS t10_r5, `resolved_bies_comments`.`discarded_at` AS t10_r6, `resolved_bies_comments`.`last_seen_at` AS t10_r7, `resolved_bies_comments`.`role_name` AS t10_r8, `resolved_bies_comments`.`latest_status_id` AS t10_r9, `resolved_bies_comments`.`position` AS t10_r10, `resolved_bies_comments`.`last_viewed_posts_at` AS t10_r11, `resolved_bies_comments`.`home_last_seen_at` AS t10_r12, `resolved_bies_comments`.`activity_last_seen_at` AS t10_r13, `users_organization_memberships`.`id` AS t11_r0, `users_organization_memberships`.`username` AS t11_r1, `users_organization_memberships`.`name` AS t11_r2, `users_organization_memberships`.`public_id` AS t11_r3, `users_organization_memberships`.`avatar_path` AS t11_r4, `users_organization_memberships`.`email` AS t11_r5, `users_organization_memberships`.`encrypted_password` AS t11_r6, `users_organization_memberships`.`reset_password_token` AS t11_r7, `users_organization_memberships`.`reset_password_sent_at` AS t11_r8, `users_organization_memberships`.`remember_created_at` AS t11_r9, `users_organization_memberships`.`confirmation_token` AS t11_r10, `users_organization_memberships`.`confirmed_at` AS t11_r11, `users_organization_memberships`.`confirmation_sent_at` AS t11_r12, `users_organization_memberships`.`unconfirmed_email` AS t11_r13, `users_organization_memberships`.`omniauth_provider` AS t11_r14, `users_organization_memberships`.`omniauth_uid` AS t11_r15, `users_organization_memberships`.`onboarded_at` AS t11_r16, `users_organization_memberships`.`created_at` AS t11_r17, `users_organization_memberships`.`updated_at` AS t11_r18, `users_organization_memberships`.`cover_photo_path` AS t11_r19, `users_organization_memberships`.`login_token` AS t11_r20, `users_organization_memberships`.`login_token_expires_at` AS t11_r21, `users_organization_memberships`.`consumed_timestep` AS t11_r22, `users_organization_memberships`.`otp_backup_codes` AS t11_r23, `users_organization_memberships`.`otp_enabled` AS t11_r24, `users_organization_memberships`.`otp_secret` AS t11_r25, `users_organization_memberships`.`last_seen_at` AS t11_r26, `users_organization_memberships`.`login_token_sso_id` AS t11_r27, `users_organization_memberships`.`scheduled_email_notifications_from` AS t11_r28, `users_organization_memberships`.`demo` AS t11_r29, `users_organization_memberships`.`staff` AS t11_r30, `users_organization_memberships`.`referrer` AS t11_r31, `users_organization_memberships`.`landing_url` AS t11_r32, `users_organization_memberships`.`notification_pause_expires_at` AS t11_r33, `users_organization_memberships`.`preferred_timezone` AS t11_r34, `users_organization_memberships`.`notifications_paused_at` AS t11_r35, `latest_statuses_organization_memberships`.`id` AS t12_r0, `latest_statuses_organization_memberships`.`message` AS t12_r1, `latest_statuses_organization_memberships`.`emoji` AS t12_r2, `latest_statuses_organization_memberships`.`expires_at` AS t12_r3, `latest_statuses_organization_memberships`.`organization_membership_id` AS t12_r4, `latest_statuses_organization_memberships`.`created_at` AS t12_r5, `latest_statuses_organization_memberships`.`updated_at` AS t12_r6, `latest_statuses_organization_memberships`.`expiration_setting` AS t12_r7, `latest_statuses_organization_memberships`.`pause_notifications` AS t12_r8, `follow_ups`.`id` AS t13_r0, `follow_ups`.`public_id` AS t13_r1, `follow_ups`.`organization_membership_id` AS t13_r2, `follow_ups`.`subject_type` AS t13_r3, `follow_ups`.`subject_id` AS t13_r4, `follow_ups`.`show_at` AS t13_r5, `follow_ups`.`created_at` AS t13_r6, `follow_ups`.`updated_at` AS t13_r7, `follow_ups`.`shown_at` AS t13_r8, `organization_memberships_follow_ups`.`id` AS t14_r0, `organization_memberships_follow_ups`.`public_id` AS t14_r1, `organization_memberships_follow_ups`.`organization_id` AS t14_r2, `organization_memberships_follow_ups`.`user_id` AS t14_r3, `organization_memberships_follow_ups`.`created_at` AS t14_r4, `organization_memberships_follow_ups`.`updated_at` AS t14_r5, `organization_memberships_follow_ups`.`discarded_at` AS t14_r6, `organization_memberships_follow_ups`.`last_seen_at` AS t14_r7, `organization_memberships_follow_ups`.`role_name` AS t14_r8, `organization_memberships_follow_ups`.`latest_status_id` AS t14_r9, `organization_memberships_follow_ups`.`position` AS t14_r10, `organization_memberships_follow_ups`.`last_viewed_posts_at` AS t14_r11, `organization_memberships_follow_ups`.`home_last_seen_at` AS t14_r12, `organization_memberships_follow_ups`.`activity_last_seen_at` AS t14_r13, `users_organization_memberships_2`.`id` AS t15_r0, `users_organization_memberships_2`.`username` AS t15_r1, `users_organization_memberships_2`.`name` AS t15_r2, `users_organization_memberships_2`.`public_id` AS t15_r3, `users_organization_memberships_2`.`avatar_path` AS t15_r4, `users_organization_memberships_2`.`email` AS t15_r5, `users_organization_memberships_2`.`encrypted_password` AS t15_r6, `users_organization_memberships_2`.`reset_password_token` AS t15_r7, `users_organization_memberships_2`.`reset_password_sent_at` AS t15_r8, `users_organization_memberships_2`.`remember_created_at` AS t15_r9, `users_organization_memberships_2`.`confirmation_token` AS t15_r10, `users_organization_memberships_2`.`confirmed_at` AS t15_r11, `users_organization_memberships_2`.`confirmation_sent_at` AS t15_r12, `users_organization_memberships_2`.`unconfirmed_email` AS t15_r13, `users_organization_memberships_2`.`omniauth_provider` AS t15_r14, `users_organization_memberships_2`.`omniauth_uid` AS t15_r15, `users_organization_memberships_2`.`onboarded_at` AS t15_r16, `users_organization_memberships_2`.`created_at` AS t15_r17, `users_organization_memberships_2`.`updated_at` AS t15_r18, `users_organization_memberships_2`.`cover_photo_path` AS t15_r19, `users_organization_memberships_2`.`login_token` AS t15_r20, `users_organization_memberships_2`.`login_token_expires_at` AS t15_r21, `users_organization_memberships_2`.`consumed_timestep` AS t15_r22, `users_organization_memberships_2`.`otp_backup_codes` AS t15_r23, `users_organization_memberships_2`.`otp_enabled` AS t15_r24, `users_organization_memberships_2`.`otp_secret` AS t15_r25, `users_organization_memberships_2`.`last_seen_at` AS t15_r26, `users_organization_memberships_2`.`login_token_sso_id` AS t15_r27, `users_organization_memberships_2`.`scheduled_email_notifications_from` AS t15_r28, `users_organization_memberships_2`.`demo` AS t15_r29, `users_organization_memberships_2`.`staff` AS t15_r30, `users_organization_memberships_2`.`referrer` AS t15_r31, `users_organization_memberships_2`.`landing_url` AS t15_r32, `users_organization_memberships_2`.`notification_pause_expires_at` AS t15_r33, `users_organization_memberships_2`.`preferred_timezone` AS t15_r34, `users_organization_memberships_2`.`notifications_paused_at` AS t15_r35, `latest_statuses_organization_memberships_2`.`id` AS t16_r0, `latest_statuses_organization_memberships_2`.`message` AS t16_r1, `latest_statuses_organization_memberships_2`.`emoji` AS t16_r2, `latest_statuses_organization_memberships_2`.`expires_at` AS t16_r3, `latest_statuses_organization_memberships_2`.`organization_membership_id` AS t16_r4, `latest_statuses_organization_memberships_2`.`created_at` AS t16_r5, `latest_statuses_organization_memberships_2`.`updated_at` AS t16_r6, `latest_statuses_organization_memberships_2`.`expiration_setting` AS t16_r7, `latest_statuses_organization_memberships_2`.`pause_notifications` AS t16_r8, `kept_replies_comments`.`id` AS t17_r0, `kept_replies_comments`.`public_id` AS t17_r1, `kept_replies_comments`.`organization_membership_id` AS t17_r2, `kept_replies_comments`.`subject_type` AS t17_r3, `kept_replies_comments`.`subject_id` AS t17_r4, `kept_replies_comments`.`parent_id` AS t17_r5, `kept_replies_comments`.`attachment_id` AS t17_r6, `kept_replies_comments`.`resolved_by_id` AS t17_r7, `kept_replies_comments`.`body_html` AS t17_r8, `kept_replies_comments`.`resolved_at` AS t17_r9, `kept_replies_comments`.`timestamp` AS t17_r10, `kept_replies_comments`.`x` AS t17_r11, `kept_replies_comments`.`y` AS t17_r12, `kept_replies_comments`.`note_highlight` AS t17_r13, `kept_replies_comments`.`discarded_at` AS t17_r14, `kept_replies_comments`.`created_at` AS t17_r15, `kept_replies_comments`.`updated_at` AS t17_r16, `kept_replies_comments`.`integration_id` AS t17_r17, `kept_replies_comments`.`oauth_application_id` AS t17_r18, `kept_replies_comments`.`replies_count` AS t17_r19, `attachments_comments_2`.`id` AS t18_r0, `attachments_comments_2`.`public_id` AS t18_r1, `attachments_comments_2`.`file_path` AS t18_r2, `attachments_comments_2`.`file_type` AS t18_r3, `attachments_comments_2`.`subject_type` AS t18_r4, `attachments_comments_2`.`subject_id` AS t18_r5, `attachments_comments_2`.`preview_file_path` AS t18_r6, `attachments_comments_2`.`width` AS t18_r7, `attachments_comments_2`.`height` AS t18_r8, `attachments_comments_2`.`created_at` AS t18_r9, `attachments_comments_2`.`updated_at` AS t18_r10, `attachments_comments_2`.`duration` AS t18_r11, `attachments_comments_2`.`transcription_job_id` AS t18_r12, `attachments_comments_2`.`transcription_job_status` AS t18_r13, `attachments_comments_2`.`transcription_vtt` AS t18_r14, `attachments_comments_2`.`position` AS t18_r15, `attachments_comments_2`.`name` AS t18_r16, `attachments_comments_2`.`size` AS t18_r17, `attachments_comments_2`.`remote_figma_node_id` AS t18_r18, `attachments_comments_2`.`remote_figma_node_type` AS t18_r19, `attachments_comments_2`.`remote_figma_node_name` AS t18_r20, `attachments_comments_2`.`figma_file_id` AS t18_r21, `attachments_comments_2`.`comments_count` AS t18_r22, `attachments_comments_2`.`figma_share_url` AS t18_r23, `attachments_comments_2`.`imgix_video_file_path` AS t18_r24, `attachments_comments_2`.`no_video_track` AS t18_r25, `attachments_comments_2`.`gallery_id` AS t18_r26, `attachments_comments_3`.`id` AS t19_r0, `attachments_comments_3`.`public_id` AS t19_r1, `attachments_comments_3`.`file_path` AS t19_r2, `attachments_comments_3`.`file_type` AS t19_r3, `attachments_comments_3`.`subject_type` AS t19_r4, `attachments_comments_3`.`subject_id` AS t19_r5, `attachments_comments_3`.`preview_file_path` AS t19_r6, `attachments_comments_3`.`width` AS t19_r7, `attachments_comments_3`.`height` AS t19_r8, `attachments_comments_3`.`created_at` AS t19_r9, `attachments_comments_3`.`updated_at` AS t19_r10, `attachments_comments_3`.`duration` AS t19_r11, `attachments_comments_3`.`transcription_job_id` AS t19_r12, `attachments_comments_3`.`transcription_job_status` AS t19_r13, `attachments_comments_3`.`transcription_vtt` AS t19_r14, `attachments_comments_3`.`position` AS t19_r15, `attachments_comments_3`.`name` AS t19_r16, `attachments_comments_3`.`size` AS t19_r17, `attachments_comments_3`.`remote_figma_node_id` AS t19_r18, `attachments_comments_3`.`remote_figma_node_type` AS t19_r19, `attachments_comments_3`.`remote_figma_node_name` AS t19_r20, `attachments_comments_3`.`figma_file_id` AS t19_r21, `attachments_comments_3`.`comments_count` AS t19_r22, `attachments_comments_3`.`figma_share_url` AS t19_r23, `attachments_comments_3`.`imgix_video_file_path` AS t19_r24, `attachments_comments_3`.`no_video_track` AS t19_r25, `attachments_comments_3`.`gallery_id` AS t19_r26, `parents_comments_2`.`id` AS t20_r0, `parents_comments_2`.`public_id` AS t20_r1, `parents_comments_2`.`organization_membership_id` AS t20_r2, `parents_comments_2`.`subject_type` AS t20_r3, `parents_comments_2`.`subject_id` AS t20_r4, `parents_comments_2`.`parent_id` AS t20_r5, `parents_comments_2`.`attachment_id` AS t20_r6, `parents_comments_2`.`resolved_by_id` AS t20_r7, `parents_comments_2`.`body_html` AS t20_r8, `parents_comments_2`.`resolved_at` AS t20_r9, `parents_comments_2`.`timestamp` AS t20_r10, `parents_comments_2`.`x` AS t20_r11, `parents_comments_2`.`y` AS t20_r12, `parents_comments_2`.`note_highlight` AS t20_r13, `parents_comments_2`.`discarded_at` AS t20_r14, `parents_comments_2`.`created_at` AS t20_r15, `parents_comments_2`.`updated_at` AS t20_r16, `parents_comments_2`.`integration_id` AS t20_r17, `parents_comments_2`.`oauth_application_id` AS t20_r18, `parents_comments_2`.`replies_count` AS t20_r19, `integrations_comments`.`id` AS t21_r0, `integrations_comments`.`public_id` AS t21_r1, `integrations_comments`.`provider` AS t21_r2, `integrations_comments`.`token` AS t21_r3, `integrations_comments`.`creator_id` AS t21_r4, `integrations_comments`.`created_at` AS t21_r5, `integrations_comments`.`updated_at` AS t21_r6, `integrations_comments`.`owner_id` AS t21_r7, `integrations_comments`.`owner_type` AS t21_r8, `integrations_comments`.`refresh_token` AS t21_r9, `integrations_comments`.`token_expires_at` AS t21_r10, `oauth_applications_comments`.`id` AS t22_r0, `oauth_applications_comments`.`public_id` AS t22_r1, `oauth_applications_comments`.`name` AS t22_r2, `oauth_applications_comments`.`uid` AS t22_r3, `oauth_applications_comments`.`secret` AS t22_r4, `oauth_applications_comments`.`redirect_uri` AS t22_r5, `oauth_applications_comments`.`scopes` AS t22_r6, `oauth_applications_comments`.`confidential` AS t22_r7, `oauth_applications_comments`.`owner_type` AS t22_r8, `oauth_applications_comments`.`owner_id` AS t22_r9, `oauth_applications_comments`.`created_at` AS t22_r10, `oauth_applications_comments`.`updated_at` AS t22_r11, `oauth_applications_comments`.`avatar_path` AS t22_r12, `oauth_applications_comments`.`discarded_at` AS t22_r13, `oauth_applications_comments`.`provider` AS t22_r14, `oauth_applications_comments`.`creator_id` AS t22_r15, `oauth_applications_comments`.`last_copied_secret_at` AS t22_r16, `timeline_events_comments`.`id` AS t23_r0, `timeline_events_comments`.`actor_type` AS t23_r1, `timeline_events_comments`.`actor_id` AS t23_r2, `timeline_events_comments`.`subject_type` AS t23_r3, `timeline_events_comments`.`subject_id` AS t23_r4, `timeline_events_comments`.`reference_type` AS t23_r5, `timeline_events_comments`.`reference_id` AS t23_r6, `timeline_events_comments`.`action` AS t23_r7, `timeline_events_comments`.`metadata` AS t23_r8, `timeline_events_comments`.`created_at` AS t23_r9, `timeline_events_comments`.`updated_at` AS t23_r10, `timeline_events_comments`.`public_id` AS t23_r11, `members_comments`.`id` AS t24_r0, `members_comments`.`public_id` AS t24_r1, `members_comments`.`organization_id` AS t24_r2, `members_comments`.`user_id` AS t24_r3, `members_comments`.`created_at` AS t24_r4, `members_comments`.`updated_at` AS t24_r5, `members_comments`.`discarded_at` AS t24_r6, `members_comments`.`last_seen_at` AS t24_r7, `members_comments`.`role_name` AS t24_r8, `members_comments`.`latest_status_id` AS t24_r9, `members_comments`.`position` AS t24_r10, `members_comments`.`last_viewed_posts_at` AS t24_r11, `members_comments`.`home_last_seen_at` AS t24_r12, `members_comments`.`activity_last_seen_at` AS t24_r13, `users_organization_memberships_3`.`id` AS t25_r0, `users_organization_memberships_3`.`username` AS t25_r1, `users_organization_memberships_3`.`name` AS t25_r2, `users_organization_memberships_3`.`public_id` AS t25_r3, `users_organization_memberships_3`.`avatar_path` AS t25_r4, `users_organization_memberships_3`.`email` AS t25_r5, `users_organization_memberships_3`.`encrypted_password` AS t25_r6, `users_organization_memberships_3`.`reset_password_token` AS t25_r7, `users_organization_memberships_3`.`reset_password_sent_at` AS t25_r8, `users_organization_memberships_3`.`remember_created_at` AS t25_r9, `users_organization_memberships_3`.`confirmation_token` AS t25_r10, `users_organization_memberships_3`.`confirmed_at` AS t25_r11, `users_organization_memberships_3`.`confirmation_sent_at` AS t25_r12, `users_organization_memberships_3`.`unconfirmed_email` AS t25_r13, `users_organization_memberships_3`.`omniauth_provider` AS t25_r14, `users_organization_memberships_3`.`omniauth_uid` AS t25_r15, `users_organization_memberships_3`.`onboarded_at` AS t25_r16, `users_organization_memberships_3`.`created_at` AS t25_r17, `users_organization_memberships_3`.`updated_at` AS t25_r18, `users_organization_memberships_3`.`cover_photo_path` AS t25_r19, `users_organization_memberships_3`.`login_token` AS t25_r20, `users_organization_memberships_3`.`login_token_expires_at` AS t25_r21, `users_organization_memberships_3`.`consumed_timestep` AS t25_r22, `users_organization_memberships_3`.`otp_backup_codes` AS t25_r23, `users_organization_memberships_3`.`otp_enabled` AS t25_r24, `users_organization_memberships_3`.`otp_secret` AS t25_r25, `users_organization_memberships_3`.`last_seen_at` AS t25_r26, `users_organization_memberships_3`.`login_token_sso_id` AS t25_r27, `users_organization_memberships_3`.`scheduled_email_notifications_from` AS t25_r28, `users_organization_memberships_3`.`demo` AS t25_r29, `users_organization_memberships_3`.`staff` AS t25_r30, `users_organization_memberships_3`.`referrer` AS t25_r31, `users_organization_memberships_3`.`landing_url` AS t25_r32, `users_organization_memberships_3`.`notification_pause_expires_at` AS t25_r33, `users_organization_memberships_3`.`preferred_timezone` AS t25_r34, `users_organization_memberships_3`.`notifications_paused_at` AS t25_r35, `latest_statuses_organization_memberships_3`.`id` AS t26_r0, `latest_statuses_organization_memberships_3`.`message` AS t26_r1, `latest_statuses_organization_memberships_3`.`emoji` AS t26_r2, `latest_statuses_organization_memberships_3`.`expires_at` AS t26_r3, `latest_statuses_organization_memberships_3`.`organization_membership_id` AS t26_r4, `latest_statuses_organization_memberships_3`.`created_at` AS t26_r5, `latest_statuses_organization_memberships_3`.`updated_at` AS t26_r6, `latest_statuses_organization_memberships_3`.`expiration_setting` AS t26_r7, `latest_statuses_organization_memberships_3`.`pause_notifications` AS t26_r8, `resolved_bies_comments_2`.`id` AS t27_r0, `resolved_bies_comments_2`.`public_id` AS t27_r1, `resolved_bies_comments_2`.`organization_id` AS t27_r2, `resolved_bies_comments_2`.`user_id` AS t27_r3, `resolved_bies_comments_2`.`created_at` AS t27_r4, `resolved_bies_comments_2`.`updated_at` AS t27_r5, `resolved_bies_comments_2`.`discarded_at` AS t27_r6, `resolved_bies_comments_2`.`last_seen_at` AS t27_r7, `resolved_bies_comments_2`.`role_name` AS t27_r8, `resolved_bies_comments_2`.`latest_status_id` AS t27_r9, `resolved_bies_comments_2`.`position` AS t27_r10, `resolved_bies_comments_2`.`last_viewed_posts_at` AS t27_r11, `resolved_bies_comments_2`.`home_last_seen_at` AS t27_r12, `resolved_bies_comments_2`.`activity_last_seen_at` AS t27_r13, `users_organization_memberships_4`.`id` AS t28_r0, `users_organization_memberships_4`.`username` AS t28_r1, `users_organization_memberships_4`.`name` AS t28_r2, `users_organization_memberships_4`.`public_id` AS t28_r3, `users_organization_memberships_4`.`avatar_path` AS t28_r4, `users_organization_memberships_4`.`email` AS t28_r5, `users_organization_memberships_4`.`encrypted_password` AS t28_r6, `users_organization_memberships_4`.`reset_password_token` AS t28_r7, `users_organization_memberships_4`.`reset_password_sent_at` AS t28_r8, `users_organization_memberships_4`.`remember_created_at` AS t28_r9, `users_organization_memberships_4`.`confirmation_token` AS t28_r10, `users_organization_memberships_4`.`confirmed_at` AS t28_r11, `users_organization_memberships_4`.`confirmation_sent_at` AS t28_r12, `users_organization_memberships_4`.`unconfirmed_email` AS t28_r13, `users_organization_memberships_4`.`omniauth_provider` AS t28_r14, `users_organization_memberships_4`.`omniauth_uid` AS t28_r15, `users_organization_memberships_4`.`onboarded_at` AS t28_r16, `users_organization_memberships_4`.`created_at` AS t28_r17, `users_organization_memberships_4`.`updated_at` AS t28_r18, `users_organization_memberships_4`.`cover_photo_path` AS t28_r19, `users_organization_memberships_4`.`login_token` AS t28_r20, `users_organization_memberships_4`.`login_token_expires_at` AS t28_r21, `users_organization_memberships_4`.`consumed_timestep` AS t28_r22, `users_organization_memberships_4`.`otp_backup_codes` AS t28_r23, `users_organization_memberships_4`.`otp_enabled` AS t28_r24, `users_organization_memberships_4`.`otp_secret` AS t28_r25, `users_organization_memberships_4`.`last_seen_at` AS t28_r26, `users_organization_memberships_4`.`login_token_sso_id` AS t28_r27, `users_organization_memberships_4`.`scheduled_email_notifications_from` AS t28_r28, `users_organization_memberships_4`.`demo` AS t28_r29, `users_organization_memberships_4`.`staff` AS t28_r30, `users_organization_memberships_4`.`referrer` AS t28_r31, `users_organization_memberships_4`.`landing_url` AS t28_r32, `users_organization_memberships_4`.`notification_pause_expires_at` AS t28_r33, `users_organization_memberships_4`.`preferred_timezone` AS t28_r34, `users_organization_memberships_4`.`notifications_paused_at` AS t28_r35, `latest_statuses_organization_memberships_4`.`id` AS t29_r0, `latest_statuses_organization_memberships_4`.`message` AS t29_r1, `latest_statuses_organization_memberships_4`.`emoji` AS t29_r2, `latest_statuses_organization_memberships_4`.`expires_at` AS t29_r3, `latest_statuses_organization_memberships_4`.`organization_membership_id` AS t29_r4, `latest_statuses_organization_memberships_4`.`created_at` AS t29_r5, `latest_statuses_organization_memberships_4`.`updated_at` AS t29_r6, `latest_statuses_organization_memberships_4`.`expiration_setting` AS t29_r7, `latest_statuses_organization_memberships_4`.`pause_notifications` AS t29_r8, `unshown_follow_ups_comments`.`id` AS t30_r0, `unshown_follow_ups_comments`.`public_id` AS t30_r1, `unshown_follow_ups_comments`.`organization_membership_id` AS t30_r2, `unshown_follow_ups_comments`.`subject_type` AS t30_r3, `unshown_follow_ups_comments`.`subject_id` AS t30_r4, `unshown_follow_ups_comments`.`show_at` AS t30_r5, `unshown_follow_ups_comments`.`created_at` AS t30_r6, `unshown_follow_ups_comments`.`updated_at` AS t30_r7, `unshown_follow_ups_comments`.`shown_at` AS t30_r8, `organization_memberships_follow_ups_2`.`id` AS t31_r0, `organization_memberships_follow_ups_2`.`public_id` AS t31_r1, `organization_memberships_follow_ups_2`.`organization_id` AS t31_r2, `organization_memberships_follow_ups_2`.`user_id` AS t31_r3, `organization_memberships_follow_ups_2`.`created_at` AS t31_r4, `organization_memberships_follow_ups_2`.`updated_at` AS t31_r5, `organization_memberships_follow_ups_2`.`discarded_at` AS t31_r6, `organization_memberships_follow_ups_2`.`last_seen_at` AS t31_r7, `organization_memberships_follow_ups_2`.`role_name` AS t31_r8, `organization_memberships_follow_ups_2`.`latest_status_id` AS t31_r9, `organization_memberships_follow_ups_2`.`position` AS t31_r10, `organization_memberships_follow_ups_2`.`last_viewed_posts_at` AS t31_r11, `organization_memberships_follow_ups_2`.`home_last_seen_at` AS t31_r12, `organization_memberships_follow_ups_2`.`activity_last_seen_at` AS t31_r13, `users_organization_memberships_5`.`id` AS t32_r0, `users_organization_memberships_5`.`username` AS t32_r1, `users_organization_memberships_5`.`name` AS t32_r2, `users_organization_memberships_5`.`public_id` AS t32_r3, `users_organization_memberships_5`.`avatar_path` AS t32_r4, `users_organization_memberships_5`.`email` AS t32_r5, `users_organization_memberships_5`.`encrypted_password` AS t32_r6, `users_organization_memberships_5`.`reset_password_token` AS t32_r7, `users_organization_memberships_5`.`reset_password_sent_at` AS t32_r8, `users_organization_memberships_5`.`remember_created_at` AS t32_r9, `users_organization_memberships_5`.`confirmation_token` AS t32_r10, `users_organization_memberships_5`.`confirmed_at` AS t32_r11, `users_organization_memberships_5`.`confirmation_sent_at` AS t32_r12, `users_organization_memberships_5`.`unconfirmed_email` AS t32_r13, `users_organization_memberships_5`.`omniauth_provider` AS t32_r14, `users_organization_memberships_5`.`omniauth_uid` AS t32_r15, `users_organization_memberships_5`.`onboarded_at` AS t32_r16, `users_organization_memberships_5`.`created_at` AS t32_r17, `users_organization_memberships_5`.`updated_at` AS t32_r18, `users_organization_memberships_5`.`cover_photo_path` AS t32_r19, `users_organization_memberships_5`.`login_token` AS t32_r20, `users_organization_memberships_5`.`login_token_expires_at` AS t32_r21, `users_organization_memberships_5`.`consumed_timestep` AS t32_r22, `users_organization_memberships_5`.`otp_backup_codes` AS t32_r23, `users_organization_memberships_5`.`otp_enabled` AS t32_r24, `users_organization_memberships_5`.`otp_secret` AS t32_r25, `users_organization_memberships_5`.`last_seen_at` AS t32_r26, `users_organization_memberships_5`.`login_token_sso_id` AS t32_r27, `users_organization_memberships_5`.`scheduled_email_notifications_from` AS t32_r28, `users_organization_memberships_5`.`demo` AS t32_r29, `users_organization_memberships_5`.`staff` AS t32_r30, `users_organization_memberships_5`.`referrer` AS t32_r31, `users_organization_memberships_5`.`landing_url` AS t32_r32, `users_organization_memberships_5`.`notification_pause_expires_at` AS t32_r33, `users_organization_memberships_5`.`preferred_timezone` AS t32_r34, `users_organization_memberships_5`.`notifications_paused_at` AS t32_r35, `latest_statuses_organization_memberships_5`.`id` AS t33_r0, `latest_statuses_organization_memberships_5`.`message` AS t33_r1, `latest_statuses_organization_memberships_5`.`emoji` AS t33_r2, `latest_statuses_organization_memberships_5`.`expires_at` AS t33_r3, `latest_statuses_organization_memberships_5`.`organization_membership_id` AS t33_r4, `latest_statuses_organization_memberships_5`.`created_at` AS t33_r5, `latest_statuses_organization_memberships_5`.`updated_at` AS t33_r6, `latest_statuses_organization_memberships_5`.`expiration_setting` AS t33_r7, `latest_statuses_organization_memberships_5`.`pause_notifications` AS t33_r8 FROM `comments` LEFT OUTER JOIN `attachments` ON `attachments`.`subject_type` = 'Comment' AND `attachments`.`subject_id` = `comments`.`id` LEFT OUTER JOIN `attachments` `attachments_comments` ON `attachments_comments`.`id` = `comments`.`attachment_id` LEFT OUTER JOIN `comments` `parents_comments` ON `parents_comments`.`id` = `comments`.`parent_id` LEFT OUTER JOIN `integrations` ON `integrations`.`id` = `comments`.`integration_id` LEFT OUTER JOIN `oauth_applications` ON `oauth_applications`.`id` = `comments`.`oauth_application_id` LEFT OUTER JOIN `timeline_events` ON `timeline_events`.`subject_type` = 'Comment' AND `timeline_events`.`subject_id` = `comments`.`id` LEFT OUTER JOIN `organization_memberships` ON `organization_memberships`.`id` = `comments`.`organization_membership_id` LEFT OUTER JOIN `users` ON `users`.`id` = `organization_memberships`.`user_id` LEFT OUTER JOIN `organization_membership_statuses` ON `organization_membership_statuses`.`id` = `organization_memberships`.`latest_status_id` LEFT OUTER JOIN `organization_memberships` `resolved_bies_comments` ON `resolved_bies_comments`.`id` = `comments`.`resolved_by_id` LEFT OUTER JOIN `users` `users_organization_memberships` ON `users_organization_memberships`.`id` = `resolved_bies_comments`.`user_id` LEFT OUTER JOIN `organization_membership_statuses` `latest_statuses_organization_memberships` ON `latest_statuses_organization_memberships`.`id` = `resolved_bies_comments`.`latest_status_id` LEFT OUTER JOIN `follow_ups` ON `follow_ups`.`subject_type` = 'Comment' AND `follow_ups`.`shown_at` IS NULL AND `follow_ups`.`subject_id` = `comments`.`id` LEFT OUTER JOIN `organization_memberships` `organization_memberships_follow_ups` ON `organization_memberships_follow_ups`.`id` = `follow_ups`.`organization_membership_id` LEFT OUTER JOIN `users` `users_organization_memberships_2` ON `users_organization_memberships_2`.`id` = `organization_memberships_follow_ups`.`user_id` LEFT OUTER JOIN `organization_membership_statuses` `latest_statuses_organization_memberships_2` ON `latest_statuses_organization_memberships_2`.`id` = `organization_memberships_follow_ups`.`latest_status_id` LEFT OUTER JOIN `comments` `kept_replies_comments` ON `kept_replies_comments`.`discarded_at` IS NULL AND `kept_replies_comments`.`parent_id` = `comments`.`id` LEFT OUTER JOIN `attachments` `attachments_comments_2` ON `attachments_comments_2`.`subject_type` = 'Comment' AND `attachments_comments_2`.`subject_id` = `kept_replies_comments`.`id` LEFT OUTER JOIN `attachments` `attachments_comments_3` ON `attachments_comments_3`.`id` = `kept_replies_comments`.`attachment_id` LEFT OUTER JOIN `comments` `parents_comments_2` ON `parents_comments_2`.`id` = `kept_replies_comments`.`parent_id` LEFT OUTER JOIN `integrations` `integrations_comments` ON `integrations_comments`.`id` = `kept_replies_comments`.`integration_id` LEFT OUTER JOIN `oauth_applications` `oauth_applications_comments` ON `oauth_applications_comments`.`id` = `kept_replies_comments`.`oauth_application_id` LEFT OUTER JOIN `timeline_events` `timeline_events_comments` ON `timeline_events_comments`.`subject_type` = 'Comment' AND `timeline_events_comments`.`subject_id` = `kept_replies_comments`.`id` LEFT OUTER JOIN `organization_memberships` `members_comments` ON `members_comments`.`id` = `kept_replies_comments`.`organization_membership_id` LEFT OUTER JOIN `users` `users_organization_memberships_3` ON `users_organization_memberships_3`.`id` = `members_comments`.`user_id` LEFT OUTER JOIN `organization_membership_statuses` `latest_statuses_organization_memberships_3` ON `latest_statuses_organization_memberships_3`.`id` = `members_comments`.`latest_status_id` LEFT OUTER JOIN `organization_memberships` `resolved_bies_comments_2` ON `resolved_bies_comments_2`.`id` = `kept_replies_comments`.`resolved_by_id` LEFT OUTER JOIN `users` `users_organization_memberships_4` ON `users_organization_memberships_4`.`id` = `resolved_bies_comments_2`.`user_id` LEFT OUTER JOIN `organization_membership_statuses` `latest_statuses_organization_memberships_4` ON `latest_statuses_organization_memberships_4`.`id` = `resolved_bies_comments_2`.`latest_status_id` LEFT OUTER JOIN `follow_ups` `unshown_follow_ups_comments` ON `unshown_follow_ups_comments`.`subject_type` = 'Comment' AND `unshown_follow_ups_comments`.`shown_at` IS NULL AND `unshown_follow_ups_comments`.`subject_id` = `kept_replies_comments`.`id` LEFT OUTER JOIN `organization_memberships` `organization_memberships_follow_ups_2` ON `organization_memberships_follow_ups_2`.`id` = `unshown_follow_ups_comments`.`organization_membership_id` LEFT OUTER JOIN `users` `users_organization_memberships_5` ON `users_organization_memberships_5`.`id` = `organization_memberships_follow_ups_2`.`user_id` LEFT OUTER JOIN `organization_membership_statuses` `latest_statuses_organization_memberships_5` ON `latest_statuses_organization_memberships_5`.`id` = `organization_memberships_follow_ups_2`.`latest_status_id` WHERE `comments`.`id` IN (SELECT max(comments.id) FROM `comments` WHERE `comments`.`discarded_at` IS NULL AND `comments`.`subject_type` = 'Post' AND `comments`.`subject_id` IN (36, 34, 35, 33, 32, 31, 30) GROUP BY `comments`.`subject_id`) /*application='CampsiteApi'*/[0m
[1;38;5;2mapi-web           [0m |   ↳ app/models/post.rb:1011:in `block in latest_comment_async'
[1;38;5;2mapi-web           [0m |   [1m[36mASYNC ProjectPin Load (0.0ms) (db time 9.4ms)[0m  [1m[34mSELECT subject_id, MIN(public_id) AS public_id FROM `project_pins` WHERE `project_pins`.`subject_type` = 'Post' AND `project_pins`.`subject_id` IN (36, 34, 35, 33, 32, 31, 30) AND `project_pins`.`discarded_at` IS NULL GROUP BY `project_pins`.`subject_id` /*application='CampsiteApi'*/[0m
[1;38;5;2mapi-web           [0m |   ↳ app/models/concerns/pinnable.rb:19:in `map'
[1;38;5;2mapi-web           [0m | Completed 200 OK in 1325ms (Views: 0.1ms | ActiveRecord: 172.1ms (19 queries, 0 cached) | GC: 223.9ms)
[1;38;5;2mapi-web           [0m | 
[1;38;5;2mapi-web           [0m | 
[1;38;5;2mapi-web           [0m | Started GET "/v1/organizations/cosyland/sync/projects" for 87.75.141.139 at 2025-01-24 00:34:16 +0100
[1;38;5;2mapi-web           [0m | Cannot render console from 172.68.205.201! Allowed networks: 127.0.0.0/127.255.255.255, ::1
[1;38;5;2mapi-web           [0m | Started GET "/v1/organizations/cosyland/members/faiz" for 87.75.141.139 at 2025-01-24 00:34:16 +0100
[1;38;5;2mapi-web           [0m | Cannot render console from 172.68.205.201! Allowed networks: 127.0.0.0/127.255.255.255, ::1
[1;38;5;2mapi-web           [0m | Processing by Api::V1::Sync::ProjectsController#index as JSON
[1;38;5;2mapi-web           [0m |   Parameters: {"org_slug"=>"cosyland", "project"=>{}}
[1;38;5;2mapi-web           [0m | Processing by Api::V1::OrganizationMembersController#show as JSON
[1;38;5;2mapi-web           [0m |   Parameters: {"org_slug"=>"cosyland", "username"=>"faiz", "organization_member"=>{}}
[1;38;5;2mapi-web           [0m |   [1m[36mUser Load (1.5ms)[0m  [1m[34mSELECT `users`.* FROM `users` WHERE `users`.`id` = 15 ORDER BY `users`.`id` ASC LIMIT 1 /*action='index',application='CampsiteApi',controller='projects'*/[0m
[1;38;5;2mapi-web           [0m |   ↳ app/controllers/concerns/current_attributable.rb:17:in `set_current_user'
[1;38;5;2mapi-web           [0m |   [1m[36mUser Load (1.6ms)[0m  [1m[34mSELECT `users`.* FROM `users` WHERE `users`.`id` = 15 ORDER BY `users`.`id` ASC LIMIT 1 /*action='show',application='CampsiteApi',controller='organization_members'*/[0m
[1;38;5;2mapi-web           [0m |   ↳ app/controllers/concerns/current_attributable.rb:17:in `set_current_user'
[1;38;5;2mapi-web           [0m |   [1m[35mSQL (1.3ms)[0m  [1m[34mSELECT `organization_memberships`.`id` AS t0_r0, `organization_memberships`.`public_id` AS t0_r1, `organization_memberships`.`organization_id` AS t0_r2, `organization_memberships`.`user_id` AS t0_r3, `organization_memberships`.`created_at` AS t0_r4, `organization_memberships`.`updated_at` AS t0_r5, `organization_memberships`.`discarded_at` AS t0_r6, `organization_memberships`.`last_seen_at` AS t0_r7, `organization_memberships`.`role_name` AS t0_r8, `organization_memberships`.`latest_status_id` AS t0_r9, `organization_memberships`.`position` AS t0_r10, `organization_memberships`.`last_viewed_posts_at` AS t0_r11, `organization_memberships`.`home_last_seen_at` AS t0_r12, `organization_memberships`.`activity_last_seen_at` AS t0_r13, `organization_membership_statuses`.`id` AS t1_r0, `organization_membership_statuses`.`message` AS t1_r1, `organization_membership_statuses`.`emoji` AS t1_r2, `organization_membership_statuses`.`expires_at` AS t1_r3, `organization_membership_statuses`.`organization_membership_id` AS t1_r4, `organization_membership_statuses`.`created_at` AS t1_r5, `organization_membership_statuses`.`updated_at` AS t1_r6, `organization_membership_statuses`.`expiration_setting` AS t1_r7, `organization_membership_statuses`.`pause_notifications` AS t1_r8, `organization`.`id` AS t2_r0, `organization`.`public_id` AS t2_r1, `organization`.`name` AS t2_r2, `organization`.`slug` AS t2_r3, `organization`.`email_domain` AS t2_r4, `organization`.`billing_email` AS t2_r5, `organization`.`avatar_path` AS t2_r6, `organization`.`slack_channel_id` AS t2_r7, `organization`.`invite_token` AS t2_r8, `organization`.`creator_id` AS t2_r9, `organization`.`onboarded_at` AS t2_r10, `organization`.`created_at` AS t2_r11, `organization`.`updated_at` AS t2_r12, `organization`.`plan_name` AS t2_r13, `organization`.`member_count` AS t2_r14, `organization`.`demo` AS t2_r15, `organization`.`creator_role` AS t2_r16, `organization`.`creator_org_size` AS t2_r17, `organization`.`trial_ends_at` AS t2_r18, `organization`.`creator_source` AS t2_r19, `organization`.`creator_why` AS t2_r20, `organization_settings`.`id` AS t3_r0, `organization_settings`.`key` AS t3_r1, `organization_settings`.`value` AS t3_r2, `organization_settings`.`organization_id` AS t3_r3, `organization_settings`.`created_at` AS t3_r4, `organization_settings`.`updated_at` AS t3_r5 FROM `organization_memberships` INNER JOIN `organizations` `organization` ON `organization`.`id` = `organization_memberships`.`organization_id` LEFT OUTER JOIN `organization_settings` ON `organization_settings`.`key` = 'enforce_two_factor_authentication' AND `organization_settings`.`organization_id` = `organization`.`id` LEFT OUTER JOIN `organization_membership_statuses` ON `organization_membership_statuses`.`id` = `organization_memberships`.`latest_status_id` WHERE `organization_memberships`.`user_id` = 15 AND `organization_memberships`.`discarded_at` IS NULL AND `organization`.`slug` = 'cosyland' LIMIT 1 /*action='index',application='CampsiteApi',controller='projects'*/[0m
[1;38;5;2mapi-web           [0m |   ↳ app/controllers/api/v1/base_controller.rb:110:in `current_organization_membership'
[1;38;5;2mapi-web           [0m |   [1m[35mSQL (1.7ms)[0m  [1m[34mSELECT `organization_memberships`.`id` AS t0_r0, `organization_memberships`.`public_id` AS t0_r1, `organization_memberships`.`organization_id` AS t0_r2, `organization_memberships`.`user_id` AS t0_r3, `organization_memberships`.`created_at` AS t0_r4, `organization_memberships`.`updated_at` AS t0_r5, `organization_memberships`.`discarded_at` AS t0_r6, `organization_memberships`.`last_seen_at` AS t0_r7, `organization_memberships`.`role_name` AS t0_r8, `organization_memberships`.`latest_status_id` AS t0_r9, `organization_memberships`.`position` AS t0_r10, `organization_memberships`.`last_viewed_posts_at` AS t0_r11, `organization_memberships`.`home_last_seen_at` AS t0_r12, `organization_memberships`.`activity_last_seen_at` AS t0_r13, `organization_membership_statuses`.`id` AS t1_r0, `organization_membership_statuses`.`message` AS t1_r1, `organization_membership_statuses`.`emoji` AS t1_r2, `organization_membership_statuses`.`expires_at` AS t1_r3, `organization_membership_statuses`.`organization_membership_id` AS t1_r4, `organization_membership_statuses`.`created_at` AS t1_r5, `organization_membership_statuses`.`updated_at` AS t1_r6, `organization_membership_statuses`.`expiration_setting` AS t1_r7, `organization_membership_statuses`.`pause_notifications` AS t1_r8, `organization`.`id` AS t2_r0, `organization`.`public_id` AS t2_r1, `organization`.`name` AS t2_r2, `organization`.`slug` AS t2_r3, `organization`.`email_domain` AS t2_r4, `organization`.`billing_email` AS t2_r5, `organization`.`avatar_path` AS t2_r6, `organization`.`slack_channel_id` AS t2_r7, `organization`.`invite_token` AS t2_r8, `organization`.`creator_id` AS t2_r9, `organization`.`onboarded_at` AS t2_r10, `organization`.`created_at` AS t2_r11, `organization`.`updated_at` AS t2_r12, `organization`.`plan_name` AS t2_r13, `organization`.`member_count` AS t2_r14, `organization`.`demo` AS t2_r15, `organization`.`creator_role` AS t2_r16, `organization`.`creator_org_size` AS t2_r17, `organization`.`trial_ends_at` AS t2_r18, `organization`.`creator_source` AS t2_r19, `organization`.`creator_why` AS t2_r20, `organization_settings`.`id` AS t3_r0, `organization_settings`.`key` AS t3_r1, `organization_settings`.`value` AS t3_r2, `organization_settings`.`organization_id` AS t3_r3, `organization_settings`.`created_at` AS t3_r4, `organization_settings`.`updated_at` AS t3_r5 FROM `organization_memberships` INNER JOIN `organizations` `organization` ON `organization`.`id` = `organization_memberships`.`organization_id` LEFT OUTER JOIN `organization_settings` ON `organization_settings`.`key` = 'enforce_two_factor_authentication' AND `organization_settings`.`organization_id` = `organization`.`id` LEFT OUTER JOIN `organization_membership_statuses` ON `organization_membership_statuses`.`id` = `organization_memberships`.`latest_status_id` WHERE `organization_memberships`.`user_id` = 15 AND `organization_memberships`.`discarded_at` IS NULL AND `organization`.`slug` = 'cosyland' LIMIT 1 /*action='show',application='CampsiteApi',controller='organization_members'*/[0m
[1;38;5;2mapi-web           [0m |   ↳ app/controllers/api/v1/base_controller.rb:110:in `current_organization_membership'
[1;38;5;2mapi-web           [0m |   [1m[36mUser Exists? (1.5ms)[0m  [1m[34mSELECT 1 AS one FROM `users` INNER JOIN `organization_memberships` ON `users`.`id` = `organization_memberships`.`user_id` WHERE `organization_memberships`.`organization_id` = 3 AND `organization_memberships`.`discarded_at` IS NULL AND `users`.`id` = 15 LIMIT 1 /*action='index',application='CampsiteApi',controller='projects'*/[0m
[1;38;5;2mapi-web           [0m |   ↳ app/policies/organization_policy.rb:200:in `org_member?'
[1;38;5;2mapi-web           [0m |   [1m[35mSQL (2.5ms)[0m  [1m[34mSELECT DISTINCT `projects`.`id` AS t0_r0, `projects`.`public_id` AS t0_r1, `projects`.`name` AS t0_r2, `projects`.`description` AS t0_r3, `projects`.`slack_channel_id` AS t0_r4, `projects`.`creator_id` AS t0_r5, `projects`.`organization_id` AS t0_r6, `projects`.`archived_at` AS t0_r7, `projects`.`archived_by_id` AS t0_r8, `projects`.`created_at` AS t0_r9, `projects`.`updated_at` AS t0_r10, `projects`.`posts_count` AS t0_r11, `projects`.`cover_photo_path` AS t0_r12, `projects`.`accessory` AS t0_r13, `projects`.`private` AS t0_r14, `projects`.`is_default` AS t0_r15, `projects`.`is_general` AS t0_r16, `projects`.`contributors_count` AS t0_r17, `projects`.`members_count` AS t0_r18, `projects`.`last_activity_at` AS t0_r19, `projects`.`personal` AS t0_r20, `projects`.`invite_token` AS t0_r21, `projects`.`guests_count` AS t0_r22, `projects`.`message_thread_id` AS t0_r23, `projects`.`display_reactions` AS t0_r24, `projects`.`display_attachments` AS t0_r25, `projects`.`display_comments` AS t0_r26, `projects`.`display_resolved` AS t0_r27, `message_threads`.`id` AS t1_r0, `message_threads`.`owner_id` AS t1_r1, `message_threads`.`public_id` AS t1_r2, `message_threads`.`title` AS t1_r3, `message_threads`.`last_message_at` AS t1_r4, `message_threads`.`latest_message_id` AS t1_r5, `message_threads`.`created_at` AS t1_r6, `message_threads`.`updated_at` AS t1_r7, `message_threads`.`members_count` AS t1_r8, `message_threads`.`image_path` AS t1_r9, `message_threads`.`group` AS t1_r10, `message_threads`.`discarded_at` AS t1_r11, `message_threads`.`notification_forced_at` AS t1_r12, `message_threads`.`owner_type` AS t1_r13 FROM `projects` LEFT OUTER JOIN `message_threads` ON `message_threads`.`id` = `projects`.`message_thread_id` WHERE `projects`.`organization_id` = 3 AND (`projects`.`private` = FALSE AND (EXISTS( SELECT 1 FROM organization_memberships WHERE organization_memberships.user_id = '15' AND organization_memberships.organization_id = projects.organization_id AND organization_memberships.discarded_at IS NULL AND organization_memberships.role_name in ('admin', 'member', 'viewer') LIMIT 1 )) OR (EXISTS (SELECT 1 FROM `project_memberships` INNER JOIN `organization_memberships` ON `organization_memberships`.`id` = `project_memberships`.`organization_membership_id` INNER JOIN `users` ON `users`.`id` = `organization_memberships`.`user_id` WHERE `project_memberships`.`discarded_at` IS NULL AND `users`.`id` = 15 AND `organization_memberships`.`discarded_at` IS NULL AND `project_memberships`.`project_id` = `projects`.`id`))) /*action='index',application='CampsiteApi',controller='projects'*/[0m
[1;38;5;2mapi-web           [0m |   ↳ app/serializers/api_serializer.rb:111:in `flatten'
[1;38;5;2mapi-web           [0m |   [1m[36mASYNC Post Load (0.9ms) (db time 1.3ms)[0m  [1m[34mSELECT `posts`.`project_id`, SUM(EXP(-DATEDIFF(NOW(), posts.created_at)/30)) AS _score FROM `posts` WHERE `posts`.`project_id` IN (14, 17, 18, 19, 20, 21, 22, 23, 24) AND `posts`.`organization_membership_id` = 15 AND `posts`.`discarded_at` IS NULL AND `posts`.`created_at` BETWEEN '2024-12-23 23:34:16.395555' AND '2025-01-23 23:34:16.395667' GROUP BY `posts`.`project_id` /*application='CampsiteApi'*/[0m
[1;38;5;2mapi-web           [0m |   ↳ app/models/project.rb:156:in `block in viewer_recent_posts_count_async'
[1;38;5;2mapi-web           [0m | Completed 200 OK in 33ms (Views: 0.1ms | ActiveRecord: 5.3ms (5 queries, 0 cached) | GC: 0.0ms)
[1;38;5;2mapi-web           [0m | 
[1;38;5;2mapi-web           [0m | 
[1;38;5;2mapi-web           [0m |   [1m[35mSQL (1.6ms)[0m  [1m[34mSELECT `organization_memberships`.`id` AS t0_r0, `organization_memberships`.`public_id` AS t0_r1, `organization_memberships`.`organization_id` AS t0_r2, `organization_memberships`.`user_id` AS t0_r3, `organization_memberships`.`created_at` AS t0_r4, `organization_memberships`.`updated_at` AS t0_r5, `organization_memberships`.`discarded_at` AS t0_r6, `organization_memberships`.`last_seen_at` AS t0_r7, `organization_memberships`.`role_name` AS t0_r8, `organization_memberships`.`latest_status_id` AS t0_r9, `organization_memberships`.`position` AS t0_r10, `organization_memberships`.`last_viewed_posts_at` AS t0_r11, `organization_memberships`.`home_last_seen_at` AS t0_r12, `organization_memberships`.`activity_last_seen_at` AS t0_r13, `user`.`id` AS t1_r0, `user`.`username` AS t1_r1, `user`.`name` AS t1_r2, `user`.`public_id` AS t1_r3, `user`.`avatar_path` AS t1_r4, `user`.`email` AS t1_r5, `user`.`encrypted_password` AS t1_r6, `user`.`reset_password_token` AS t1_r7, `user`.`reset_password_sent_at` AS t1_r8, `user`.`remember_created_at` AS t1_r9, `user`.`confirmation_token` AS t1_r10, `user`.`confirmed_at` AS t1_r11, `user`.`confirmation_sent_at` AS t1_r12, `user`.`unconfirmed_email` AS t1_r13, `user`.`omniauth_provider` AS t1_r14, `user`.`omniauth_uid` AS t1_r15, `user`.`onboarded_at` AS t1_r16, `user`.`created_at` AS t1_r17, `user`.`updated_at` AS t1_r18, `user`.`cover_photo_path` AS t1_r19, `user`.`login_token` AS t1_r20, `user`.`login_token_expires_at` AS t1_r21, `user`.`consumed_timestep` AS t1_r22, `user`.`otp_backup_codes` AS t1_r23, `user`.`otp_enabled` AS t1_r24, `user`.`otp_secret` AS t1_r25, `user`.`last_seen_at` AS t1_r26, `user`.`login_token_sso_id` AS t1_r27, `user`.`scheduled_email_notifications_from` AS t1_r28, `user`.`demo` AS t1_r29, `user`.`staff` AS t1_r30, `user`.`referrer` AS t1_r31, `user`.`landing_url` AS t1_r32, `user`.`notification_pause_expires_at` AS t1_r33, `user`.`preferred_timezone` AS t1_r34, `user`.`notifications_paused_at` AS t1_r35, `organization_membership_statuses`.`id` AS t2_r0, `organization_membership_statuses`.`message` AS t2_r1, `organization_membership_statuses`.`emoji` AS t2_r2, `organization_membership_statuses`.`expires_at` AS t2_r3, `organization_membership_statuses`.`organization_membership_id` AS t2_r4, `organization_membership_statuses`.`created_at` AS t2_r5, `organization_membership_statuses`.`updated_at` AS t2_r6, `organization_membership_statuses`.`expiration_setting` AS t2_r7, `organization_membership_statuses`.`pause_notifications` AS t2_r8 FROM `organization_memberships` LEFT OUTER JOIN `users` `user` ON `user`.`id` = `organization_memberships`.`user_id` LEFT OUTER JOIN `organization_membership_statuses` ON `organization_membership_statuses`.`id` = `organization_memberships`.`latest_status_id` WHERE `organization_memberships`.`organization_id` = 3 AND `user`.`username` = 'faiz' LIMIT 1 /*action='show',application='CampsiteApi',controller='organization_members'*/[0m
[1;38;5;2mapi-web           [0m |   ↳ app/controllers/api/v1/organization_members_controller.rb:48:in `show'
[1;38;5;2mapi-web           [0m |   [1m[36mOrganizationMembership Load (1.3ms)[0m  [1m[34mSELECT `organization_memberships`.* FROM `organization_memberships` WHERE `organization_memberships`.`organization_id` = 3 AND `organization_memberships`.`discarded_at` IS NULL AND `organization_memberships`.`user_id` = 15 LIMIT 1 /*action='show',application='CampsiteApi',controller='organization_members'*/[0m
[1;38;5;2mapi-web           [0m |   ↳ app/policies/organization_membership_policy.rb:73:in `organization_membership'
[1;38;5;2mapi-web           [0m | Completed 200 OK in 41ms (Views: 0.1ms | ActiveRecord: 2.5ms (4 queries, 0 cached) | GC: 0.8ms)
[1;38;5;2mapi-web           [0m | 
[1;38;5;2mapi-web           [0m | 
[1;38;5;2mapi-web           [0m | Started GET "/v1/organizations/cosyland/integrations/linear/installation" for 87.75.141.139 at 2025-01-24 00:34:16 +0100
[1;38;5;2mapi-web           [0m | Cannot render console from 172.68.205.200! Allowed networks: 127.0.0.0/127.255.255.255, ::1
[1;38;5;2mapi-web           [0m | Processing by Api::V1::Integrations::Linear::InstallationController#show as JSON
[1;38;5;2mapi-web           [0m |   Parameters: {"org_slug"=>"cosyland", "installation"=>{}}
[1;38;5;2mapi-web           [0m |   [1m[36mUser Load (1.2ms)[0m  [1m[34mSELECT `users`.* FROM `users` WHERE `users`.`id` = 15 ORDER BY `users`.`id` ASC LIMIT 1 /*action='show',application='CampsiteApi',controller='installation'*/[0m
[1;38;5;2mapi-web           [0m |   ↳ app/controllers/concerns/current_attributable.rb:17:in `set_current_user'
[1;38;5;2mapi-web           [0m |   [1m[35mSQL (1.1ms)[0m  [1m[34mSELECT `organization_memberships`.`id` AS t0_r0, `organization_memberships`.`public_id` AS t0_r1, `organization_memberships`.`organization_id` AS t0_r2, `organization_memberships`.`user_id` AS t0_r3, `organization_memberships`.`created_at` AS t0_r4, `organization_memberships`.`updated_at` AS t0_r5, `organization_memberships`.`discarded_at` AS t0_r6, `organization_memberships`.`last_seen_at` AS t0_r7, `organization_memberships`.`role_name` AS t0_r8, `organization_memberships`.`latest_status_id` AS t0_r9, `organization_memberships`.`position` AS t0_r10, `organization_memberships`.`last_viewed_posts_at` AS t0_r11, `organization_memberships`.`home_last_seen_at` AS t0_r12, `organization_memberships`.`activity_last_seen_at` AS t0_r13, `organization_membership_statuses`.`id` AS t1_r0, `organization_membership_statuses`.`message` AS t1_r1, `organization_membership_statuses`.`emoji` AS t1_r2, `organization_membership_statuses`.`expires_at` AS t1_r3, `organization_membership_statuses`.`organization_membership_id` AS t1_r4, `organization_membership_statuses`.`created_at` AS t1_r5, `organization_membership_statuses`.`updated_at` AS t1_r6, `organization_membership_statuses`.`expiration_setting` AS t1_r7, `organization_membership_statuses`.`pause_notifications` AS t1_r8, `organization`.`id` AS t2_r0, `organization`.`public_id` AS t2_r1, `organization`.`name` AS t2_r2, `organization`.`slug` AS t2_r3, `organization`.`email_domain` AS t2_r4, `organization`.`billing_email` AS t2_r5, `organization`.`avatar_path` AS t2_r6, `organization`.`slack_channel_id` AS t2_r7, `organization`.`invite_token` AS t2_r8, `organization`.`creator_id` AS t2_r9, `organization`.`onboarded_at` AS t2_r10, `organization`.`created_at` AS t2_r11, `organization`.`updated_at` AS t2_r12, `organization`.`plan_name` AS t2_r13, `organization`.`member_count` AS t2_r14, `organization`.`demo` AS t2_r15, `organization`.`creator_role` AS t2_r16, `organization`.`creator_org_size` AS t2_r17, `organization`.`trial_ends_at` AS t2_r18, `organization`.`creator_source` AS t2_r19, `organization`.`creator_why` AS t2_r20, `organization_settings`.`id` AS t3_r0, `organization_settings`.`key` AS t3_r1, `organization_settings`.`value` AS t3_r2, `organization_settings`.`organization_id` AS t3_r3, `organization_settings`.`created_at` AS t3_r4, `organization_settings`.`updated_at` AS t3_r5 FROM `organization_memberships` INNER JOIN `organizations` `organization` ON `organization`.`id` = `organization_memberships`.`organization_id` LEFT OUTER JOIN `organization_settings` ON `organization_settings`.`key` = 'enforce_two_factor_authentication' AND `organization_settings`.`organization_id` = `organization`.`id` LEFT OUTER JOIN `organization_membership_statuses` ON `organization_membership_statuses`.`id` = `organization_memberships`.`latest_status_id` WHERE `organization_memberships`.`user_id` = 15 AND `organization_memberships`.`discarded_at` IS NULL AND `organization`.`slug` = 'cosyland' LIMIT 1 /*action='show',application='CampsiteApi',controller='installation'*/[0m
[1;38;5;2mapi-web           [0m |   ↳ app/controllers/api/v1/base_controller.rb:110:in `current_organization_membership'
[1;38;5;2mapi-web           [0m |   [1m[36mUser Exists? (1.3ms)[0m  [1m[34mSELECT 1 AS one FROM `users` INNER JOIN `organization_memberships` ON `users`.`id` = `organization_memberships`.`user_id` WHERE `organization_memberships`.`organization_id` = 3 AND `organization_memberships`.`discarded_at` IS NULL AND `users`.`id` = 15 LIMIT 1 /*action='show',application='CampsiteApi',controller='installation'*/[0m
[1;38;5;2mapi-web           [0m |   ↳ app/policies/organization_policy.rb:200:in `org_member?'
[1;38;5;2mapi-web           [0m |   [1m[36mIntegration Load (1.1ms)[0m  [1m[34mSELECT `integrations`.* FROM `integrations` WHERE `integrations`.`owner_id` = 3 AND `integrations`.`owner_type` = 'Organization' AND `integrations`.`provider` = 'linear' LIMIT 1 /*action='show',application='CampsiteApi',controller='installation'*/[0m
[1;38;5;2mapi-web           [0m |   ↳ app/controllers/api/v1/integrations/linear/installation_controller.rb:14:in `show'
[1;38;5;2mapi-web           [0m | Completed 200 OK in 19ms (Views: 0.2ms | ActiveRecord: 3.9ms (4 queries, 0 cached) | GC: 0.9ms)
[1;38;5;2mapi-web           [0m | 
[1;38;5;2mapi-web           [0m | 
[1;38;5;42mweb               [0m |  [31m[1m⨯[22m[39m Error: [@octokit/auth-app] appId option is required
[1;38;5;42mweb               [0m |     at createAppAuth (file:///home/faiz/campsite/campsite/node_modules/[4m.pnpm[24m/@octokit+auth-app@7.1.0/node_modules/[4m@octokit[24m/auth-app/dist-node/index.js:393:11)
[1;38;5;42mweb               [0m |     at new Octokit (file:///home/faiz/campsite/campsite/node_modules/[4m.pnpm[24m/@octokit+core@6.1.2/node_modules/[4m@octokit[24m/core/dist-src/index.js:100:20)
[1;38;5;42mweb               [0m |     at [90m/home/faiz/campsite/campsite/apps/web/[39m.next/server/pages/api/latest-release.js:1:1052
[1;38;5;2mapi-web           [0m | Started GET "/v1/users/me/notifications/unread/all_count" for 87.75.141.139 at 2025-01-24 00:34:20 +0100
[1;38;5;2mapi-web           [0m | Cannot render console from 172.68.205.200! Allowed networks: 127.0.0.0/127.255.255.255, ::1
[1;38;5;2mapi-web           [0m | Processing by Api::V1::Users::Notifications::Unread::CountsController#show as JSON
[1;38;5;2mapi-web           [0m |   Parameters: {"count"=>{}}
[1;38;5;2mapi-web           [0m |   [1m[36mUser Load (1.2ms)[0m  [1m[34mSELECT `users`.* FROM `users` WHERE `users`.`id` = 15 ORDER BY `users`.`id` ASC LIMIT 1 /*action='show',application='CampsiteApi',controller='counts'*/[0m
[1;38;5;2mapi-web           [0m |   ↳ app/controllers/concerns/current_attributable.rb:17:in `set_current_user'
[1;38;5;2mapi-web           [0m |   [1m[35mSQL (7.7ms)[0m  [1m[34mSELECT `organization_memberships`.`id` AS t0_r0, `organization_memberships`.`public_id` AS t0_r1, `organization_memberships`.`organization_id` AS t0_r2, `organization_memberships`.`user_id` AS t0_r3, `organization_memberships`.`created_at` AS t0_r4, `organization_memberships`.`updated_at` AS t0_r5, `organization_memberships`.`discarded_at` AS t0_r6, `organization_memberships`.`last_seen_at` AS t0_r7, `organization_memberships`.`role_name` AS t0_r8, `organization_memberships`.`latest_status_id` AS t0_r9, `organization_memberships`.`position` AS t0_r10, `organization_memberships`.`last_viewed_posts_at` AS t0_r11, `organization_memberships`.`home_last_seen_at` AS t0_r12, `organization_memberships`.`activity_last_seen_at` AS t0_r13, `organization_membership_statuses`.`id` AS t1_r0, `organization_membership_statuses`.`message` AS t1_r1, `organization_membership_statuses`.`emoji` AS t1_r2, `organization_membership_statuses`.`expires_at` AS t1_r3, `organization_membership_statuses`.`organization_membership_id` AS t1_r4, `organization_membership_statuses`.`created_at` AS t1_r5, `organization_membership_statuses`.`updated_at` AS t1_r6, `organization_membership_statuses`.`expiration_setting` AS t1_r7, `organization_membership_statuses`.`pause_notifications` AS t1_r8, `organization`.`id` AS t2_r0, `organization`.`public_id` AS t2_r1, `organization`.`name` AS t2_r2, `organization`.`slug` AS t2_r3, `organization`.`email_domain` AS t2_r4, `organization`.`billing_email` AS t2_r5, `organization`.`avatar_path` AS t2_r6, `organization`.`slack_channel_id` AS t2_r7, `organization`.`invite_token` AS t2_r8, `organization`.`creator_id` AS t2_r9, `organization`.`onboarded_at` AS t2_r10, `organization`.`created_at` AS t2_r11, `organization`.`updated_at` AS t2_r12, `organization`.`plan_name` AS t2_r13, `organization`.`member_count` AS t2_r14, `organization`.`demo` AS t2_r15, `organization`.`creator_role` AS t2_r16, `organization`.`creator_org_size` AS t2_r17, `organization`.`trial_ends_at` AS t2_r18, `organization`.`creator_source` AS t2_r19, `organization`.`creator_why` AS t2_r20, `organization_settings`.`id` AS t3_r0, `organization_settings`.`key` AS t3_r1, `organization_settings`.`value` AS t3_r2, `organization_settings`.`organization_id` AS t3_r3, `organization_settings`.`created_at` AS t3_r4, `organization_settings`.`updated_at` AS t3_r5 FROM `organization_memberships` INNER JOIN `organizations` `organization` ON `organization`.`id` = `organization_memberships`.`organization_id` LEFT OUTER JOIN `organization_settings` ON `organization_settings`.`key` = 'enforce_two_factor_authentication' AND `organization_settings`.`organization_id` = `organization`.`id` LEFT OUTER JOIN `organization_membership_statuses` ON `organization_membership_statuses`.`id` = `organization_memberships`.`latest_status_id` WHERE `organization_memberships`.`user_id` = 15 AND `organization_memberships`.`discarded_at` IS NULL AND `organization`.`slug` IS NULL LIMIT 1 /*action='show',application='CampsiteApi',controller='counts'*/[0m
[1;38;5;2mapi-web           [0m |   ↳ app/controllers/api/v1/base_controller.rb:110:in `current_organization_membership'
[1;38;5;2mapi-web           [0m |   [1m[35mCACHE SQL (1.1ms)[0m  [1m[34mSELECT `organization_memberships`.`id` AS t0_r0, `organization_memberships`.`public_id` AS t0_r1, `organization_memberships`.`organization_id` AS t0_r2, `organization_memberships`.`user_id` AS t0_r3, `organization_memberships`.`created_at` AS t0_r4, `organization_memberships`.`updated_at` AS t0_r5, `organization_memberships`.`discarded_at` AS t0_r6, `organization_memberships`.`last_seen_at` AS t0_r7, `organization_memberships`.`role_name` AS t0_r8, `organization_memberships`.`latest_status_id` AS t0_r9, `organization_memberships`.`position` AS t0_r10, `organization_memberships`.`last_viewed_posts_at` AS t0_r11, `organization_memberships`.`home_last_seen_at` AS t0_r12, `organization_memberships`.`activity_last_seen_at` AS t0_r13, `organization_membership_statuses`.`id` AS t1_r0, `organization_membership_statuses`.`message` AS t1_r1, `organization_membership_statuses`.`emoji` AS t1_r2, `organization_membership_statuses`.`expires_at` AS t1_r3, `organization_membership_statuses`.`organization_membership_id` AS t1_r4, `organization_membership_statuses`.`created_at` AS t1_r5, `organization_membership_statuses`.`updated_at` AS t1_r6, `organization_membership_statuses`.`expiration_setting` AS t1_r7, `organization_membership_statuses`.`pause_notifications` AS t1_r8, `organization`.`id` AS t2_r0, `organization`.`public_id` AS t2_r1, `organization`.`name` AS t2_r2, `organization`.`slug` AS t2_r3, `organization`.`email_domain` AS t2_r4, `organization`.`billing_email` AS t2_r5, `organization`.`avatar_path` AS t2_r6, `organization`.`slack_channel_id` AS t2_r7, `organization`.`invite_token` AS t2_r8, `organization`.`creator_id` AS t2_r9, `organization`.`onboarded_at` AS t2_r10, `organization`.`created_at` AS t2_r11, `organization`.`updated_at` AS t2_r12, `organization`.`plan_name` AS t2_r13, `organization`.`member_count` AS t2_r14, `organization`.`demo` AS t2_r15, `organization`.`creator_role` AS t2_r16, `organization`.`creator_org_size` AS t2_r17, `organization`.`trial_ends_at` AS t2_r18, `organization`.`creator_source` AS t2_r19, `organization`.`creator_why` AS t2_r20, `organization_settings`.`id` AS t3_r0, `organization_settings`.`key` AS t3_r1, `organization_settings`.`value` AS t3_r2, `organization_settings`.`organization_id` AS t3_r3, `organization_settings`.`created_at` AS t3_r4, `organization_settings`.`updated_at` AS t3_r5 FROM `organization_memberships` INNER JOIN `organizations` `organization` ON `organization`.`id` = `organization_memberships`.`organization_id` LEFT OUTER JOIN `organization_settings` ON `organization_settings`.`key` = 'enforce_two_factor_authentication' AND `organization_settings`.`organization_id` = `organization`.`id` LEFT OUTER JOIN `organization_membership_statuses` ON `organization_membership_statuses`.`id` = `organization_memberships`.`latest_status_id` WHERE `organization_memberships`.`user_id` = 15 AND `organization_memberships`.`discarded_at` IS NULL AND `organization`.`slug` IS NULL LIMIT 1[0m
[1;38;5;2mapi-web           [0m |   ↳ app/controllers/api/v1/base_controller.rb:110:in `current_organization_membership'
[1;38;5;2mapi-web           [0m |   [1m[36mASYNC Notification Count (0.8ms) (db time 8.5ms)[0m  [1m[34mSELECT COUNT(*) AS `count_all`, `organizations`.`slug` AS `organizations_slug` FROM `notifications` INNER JOIN `organization_memberships` ON `notifications`.`organization_membership_id` = `organization_memberships`.`id` INNER JOIN `organization_memberships` `organization_memberships_notifications_join` ON `organization_memberships_notifications_join`.`id` = `notifications`.`organization_membership_id` INNER JOIN `organizations` ON `organizations`.`id` = `organization_memberships_notifications_join`.`organization_id` WHERE `organization_memberships`.`user_id` = 15 AND `organization_memberships`.`discarded_at` IS NULL AND `notifications`.`discarded_at` IS NULL AND `notifications`.`archived_at` IS NULL AND `notifications`.`read_at` IS NULL AND (NOT EXISTS ( SELECT target_id, target_type, target_scope, organization_membership_id, created_at FROM notifications AS other_notifications WHERE other_notifications.discarded_at IS NULL AND notifications.created_at < other_notifications.created_at AND notifications.target_id = other_notifications.target_id AND notifications.target_type = other_notifications.target_type AND notifications.target_scope <=> other_notifications.target_scope AND notifications.organization_membership_id = other_notifications.organization_membership_id )) GROUP BY `organizations`.`slug` /*application='CampsiteApi'*/[0m
[1;38;5;2mapi-web           [0m |   ↳ app/serializers/user_notification_counts_serializer.rb:5:in `block in <class:UserNotificationCountsSerializer>'
[1;38;5;2mapi-web           [0m |   [1m[36mASYNC MessageThreadMembership Count (0.0ms) (db time 4.4ms)[0m  [1m[34mSELECT COUNT(*) AS `count_all`, `organizations`.`slug` AS `organizations_slug` FROM `message_thread_memberships` INNER JOIN `organization_memberships` ON `message_thread_memberships`.`organization_membership_id` = `organization_memberships`.`id` INNER JOIN `message_threads` ON `message_threads`.`id` = `message_thread_memberships`.`message_thread_id` INNER JOIN `organization_memberships` `organization_memberships_message_thread_memberships` ON `organization_memberships_message_thread_memberships`.`id` = `message_thread_memberships`.`organization_membership_id` INNER JOIN `organizations` ON `organizations`.`id` = `organization_memberships_message_thread_memberships`.`organization_id` WHERE `organization_memberships`.`user_id` = 15 AND `organization_memberships`.`discarded_at` IS NULL AND (EXISTS( SELECT 1 from messages WHERE messages.message_thread_id = message_thread_memberships.message_thread_id AND (message_thread_memberships.last_read_at IS NULL OR messages.created_at > message_thread_memberships.last_read_at) AND NOT messages.sender_id <=> message_thread_memberships.organization_membership_id AND messages.discarded_at IS NULL LIMIT 1 )) AND (NOT EXISTS ( SELECT 1 FROM projects WHERE projects.message_thread_id = message_threads.id LIMIT 1 )) GROUP BY `organizations`.`slug` /*application='CampsiteApi'*/[0m
[1;38;5;2mapi-web           [0m |   ↳ app/serializers/user_notification_counts_serializer.rb:9:in `block in <class:UserNotificationCountsSerializer>'
[1;38;5;2mapi-web           [0m |   [1m[36mASYNC Notification Count (0.0ms) (db time 3.1ms)[0m  [1m[34mSELECT COUNT(*) AS `count_all`, `organizations`.`slug` AS `organizations_slug` FROM `notifications` INNER JOIN `organization_memberships` ON `notifications`.`organization_membership_id` = `organization_memberships`.`id` INNER JOIN `organization_memberships` `organization_memberships_notifications_join` ON `organization_memberships_notifications_join`.`id` = `notifications`.`organization_membership_id` INNER JOIN `organizations` ON `organizations`.`id` = `organization_memberships_notifications_join`.`organization_id` WHERE `organization_memberships`.`user_id` = 15 AND `organization_memberships`.`discarded_at` IS NULL AND `notifications`.`discarded_at` IS NULL AND (NOT EXISTS ( SELECT target_id, target_type, target_scope, organization_membership_id, created_at FROM notifications AS other_notifications WHERE other_notifications.discarded_at IS NULL AND notifications.created_at < other_notifications.created_at AND notifications.target_id = other_notifications.target_id AND notifications.target_type = other_notifications.target_type AND notifications.target_scope <=> other_notifications.target_scope AND notifications.organization_membership_id = other_notifications.organization_membership_id )) AND (`notifications`.`target_type` NOT IN ('Post', 'Note', 'Call') OR `notifications`.`target_scope` = 1 OR `notifications`.`reason` = 6) AND ((notifications.created_at > COALESCE(organization_memberships.activity_last_seen_at, organization_memberships.last_seen_at, '2024-08-20')) OR `organization_memberships`.`activity_last_seen_at` IS NULL) GROUP BY `organizations`.`slug` /*application='CampsiteApi'*/[0m
[1;38;5;2mapi-web           [0m |   ↳ app/serializers/user_notification_counts_serializer.rb:13:in `block in <class:UserNotificationCountsSerializer>'
[1;38;5;2mapi-web           [0m |   [1m[36mASYNC Notification Count (0.0ms) (db time 3.0ms)[0m  [1m[34mSELECT COUNT(*) AS `count_all`, `organizations`.`slug` AS `organizations_slug` FROM `notifications` INNER JOIN `organization_memberships` ON `notifications`.`organization_membership_id` = `organization_memberships`.`id` INNER JOIN `organization_memberships` `organization_memberships_notifications_join` ON `organization_memberships_notifications_join`.`id` = `notifications`.`organization_membership_id` INNER JOIN `organizations` ON `organizations`.`id` = `organization_memberships_notifications_join`.`organization_id` WHERE `organization_memberships`.`user_id` = 15 AND `organization_memberships`.`discarded_at` IS NULL AND `notifications`.`discarded_at` IS NULL AND `notifications`.`archived_at` IS NULL AND `notifications`.`read_at` IS NULL AND (NOT EXISTS ( SELECT target_id, target_type, target_scope, organization_membership_id, created_at FROM notifications AS other_notifications WHERE other_notifications.discarded_at IS NULL AND notifications.created_at < other_notifications.created_at AND notifications.target_id = other_notifications.target_id AND notifications.target_type = other_notifications.target_type AND notifications.target_scope <=> other_notifications.target_scope AND notifications.organization_membership_id = other_notifications.organization_membership_id )) AND `notifications`.`target_type` IN ('Post', 'Note', 'Call') AND `notifications`.`reason` != 6 AND (`notifications`.`target_scope` != 1 OR `notifications`.`target_scope` IS NULL) GROUP BY `organizations`.`slug` /*application='CampsiteApi'*/[0m
[1;38;5;2mapi-web           [0m |   ↳ app/serializers/user_notification_counts_serializer.rb:17:in `block in <class:UserNotificationCountsSerializer>'
[1;38;5;2mapi-web           [0m | Completed 200 OK in 42ms (Views: 0.1ms | ActiveRecord: 20.3ms (7 queries, 1 cached) | GC: 1.4ms)
[1;38;5;2mapi-web           [0m | 
[1;38;5;2mapi-web           [0m | 
[1;38;5;42mweb               [0m |  [31m[1m⨯[22m[39m Error: [@octokit/auth-app] appId option is required
[1;38;5;42mweb               [0m |     at createAppAuth (file:///home/faiz/campsite/campsite/node_modules/[4m.pnpm[24m/@octokit+auth-app@7.1.0/node_modules/[4m@octokit[24m/auth-app/dist-node/index.js:393:11)
[1;38;5;42mweb               [0m |     at new Octokit (file:///home/faiz/campsite/campsite/node_modules/[4m.pnpm[24m/@octokit+core@6.1.2/node_modules/[4m@octokit[24m/core/dist-src/index.js:100:20)
[1;38;5;42mweb               [0m |     at [90m/home/faiz/campsite/campsite/apps/web/[39m.next/server/pages/api/latest-release.js:1:1052
[1;38;5;2mapi-web           [0m | Started GET "/v1/users/me" for 87.75.141.139 at 2025-01-24 00:34:24 +0100
[1;38;5;2mapi-web           [0m | Cannot render console from 172.68.205.200! Allowed networks: 127.0.0.0/127.255.255.255, ::1
[1;38;5;2mapi-web           [0m | Processing by Api::V1::UsersController#me as JSON
[1;38;5;2mapi-web           [0m |   Parameters: {"user"=>{}}
[1;38;5;2mapi-web           [0m |   [1m[36mUser Load (1.2ms)[0m  [1m[34mSELECT `users`.* FROM `users` WHERE `users`.`id` = 15 ORDER BY `users`.`id` ASC LIMIT 1 /*action='me',application='CampsiteApi',controller='users'*/[0m
[1;38;5;2mapi-web           [0m |   ↳ app/controllers/concerns/current_attributable.rb:17:in `set_current_user'
[1;38;5;2mapi-web           [0m |   [1m[35mSQL (1.2ms)[0m  [1m[34mSELECT `organization_memberships`.`id` AS t0_r0, `organization_memberships`.`public_id` AS t0_r1, `organization_memberships`.`organization_id` AS t0_r2, `organization_memberships`.`user_id` AS t0_r3, `organization_memberships`.`created_at` AS t0_r4, `organization_memberships`.`updated_at` AS t0_r5, `organization_memberships`.`discarded_at` AS t0_r6, `organization_memberships`.`last_seen_at` AS t0_r7, `organization_memberships`.`role_name` AS t0_r8, `organization_memberships`.`latest_status_id` AS t0_r9, `organization_memberships`.`position` AS t0_r10, `organization_memberships`.`last_viewed_posts_at` AS t0_r11, `organization_memberships`.`home_last_seen_at` AS t0_r12, `organization_memberships`.`activity_last_seen_at` AS t0_r13, `organization_membership_statuses`.`id` AS t1_r0, `organization_membership_statuses`.`message` AS t1_r1, `organization_membership_statuses`.`emoji` AS t1_r2, `organization_membership_statuses`.`expires_at` AS t1_r3, `organization_membership_statuses`.`organization_membership_id` AS t1_r4, `organization_membership_statuses`.`created_at` AS t1_r5, `organization_membership_statuses`.`updated_at` AS t1_r6, `organization_membership_statuses`.`expiration_setting` AS t1_r7, `organization_membership_statuses`.`pause_notifications` AS t1_r8, `organization`.`id` AS t2_r0, `organization`.`public_id` AS t2_r1, `organization`.`name` AS t2_r2, `organization`.`slug` AS t2_r3, `organization`.`email_domain` AS t2_r4, `organization`.`billing_email` AS t2_r5, `organization`.`avatar_path` AS t2_r6, `organization`.`slack_channel_id` AS t2_r7, `organization`.`invite_token` AS t2_r8, `organization`.`creator_id` AS t2_r9, `organization`.`onboarded_at` AS t2_r10, `organization`.`created_at` AS t2_r11, `organization`.`updated_at` AS t2_r12, `organization`.`plan_name` AS t2_r13, `organization`.`member_count` AS t2_r14, `organization`.`demo` AS t2_r15, `organization`.`creator_role` AS t2_r16, `organization`.`creator_org_size` AS t2_r17, `organization`.`trial_ends_at` AS t2_r18, `organization`.`creator_source` AS t2_r19, `organization`.`creator_why` AS t2_r20, `organization_settings`.`id` AS t3_r0, `organization_settings`.`key` AS t3_r1, `organization_settings`.`value` AS t3_r2, `organization_settings`.`organization_id` AS t3_r3, `organization_settings`.`created_at` AS t3_r4, `organization_settings`.`updated_at` AS t3_r5 FROM `organization_memberships` INNER JOIN `organizations` `organization` ON `organization`.`id` = `organization_memberships`.`organization_id` LEFT OUTER JOIN `organization_settings` ON `organization_settings`.`key` = 'enforce_two_factor_authentication' AND `organization_settings`.`organization_id` = `organization`.`id` LEFT OUTER JOIN `organization_membership_statuses` ON `organization_membership_statuses`.`id` = `organization_memberships`.`latest_status_id` WHERE `organization_memberships`.`user_id` = 15 AND `organization_memberships`.`discarded_at` IS NULL AND `organization`.`slug` IS NULL LIMIT 1 /*action='me',application='CampsiteApi',controller='users'*/[0m
[1;38;5;2mapi-web           [0m |   ↳ app/controllers/api/v1/base_controller.rb:110:in `current_organization_membership'
[1;38;5;2mapi-web           [0m |   [1m[35mCACHE SQL (0.4ms)[0m  [1m[34mSELECT `organization_memberships`.`id` AS t0_r0, `organization_memberships`.`public_id` AS t0_r1, `organization_memberships`.`organization_id` AS t0_r2, `organization_memberships`.`user_id` AS t0_r3, `organization_memberships`.`created_at` AS t0_r4, `organization_memberships`.`updated_at` AS t0_r5, `organization_memberships`.`discarded_at` AS t0_r6, `organization_memberships`.`last_seen_at` AS t0_r7, `organization_memberships`.`role_name` AS t0_r8, `organization_memberships`.`latest_status_id` AS t0_r9, `organization_memberships`.`position` AS t0_r10, `organization_memberships`.`last_viewed_posts_at` AS t0_r11, `organization_memberships`.`home_last_seen_at` AS t0_r12, `organization_memberships`.`activity_last_seen_at` AS t0_r13, `organization_membership_statuses`.`id` AS t1_r0, `organization_membership_statuses`.`message` AS t1_r1, `organization_membership_statuses`.`emoji` AS t1_r2, `organization_membership_statuses`.`expires_at` AS t1_r3, `organization_membership_statuses`.`organization_membership_id` AS t1_r4, `organization_membership_statuses`.`created_at` AS t1_r5, `organization_membership_statuses`.`updated_at` AS t1_r6, `organization_membership_statuses`.`expiration_setting` AS t1_r7, `organization_membership_statuses`.`pause_notifications` AS t1_r8, `organization`.`id` AS t2_r0, `organization`.`public_id` AS t2_r1, `organization`.`name` AS t2_r2, `organization`.`slug` AS t2_r3, `organization`.`email_domain` AS t2_r4, `organization`.`billing_email` AS t2_r5, `organization`.`avatar_path` AS t2_r6, `organization`.`slack_channel_id` AS t2_r7, `organization`.`invite_token` AS t2_r8, `organization`.`creator_id` AS t2_r9, `organization`.`onboarded_at` AS t2_r10, `organization`.`created_at` AS t2_r11, `organization`.`updated_at` AS t2_r12, `organization`.`plan_name` AS t2_r13, `organization`.`member_count` AS t2_r14, `organization`.`demo` AS t2_r15, `organization`.`creator_role` AS t2_r16, `organization`.`creator_org_size` AS t2_r17, `organization`.`trial_ends_at` AS t2_r18, `organization`.`creator_source` AS t2_r19, `organization`.`creator_why` AS t2_r20, `organization_settings`.`id` AS t3_r0, `organization_settings`.`key` AS t3_r1, `organization_settings`.`value` AS t3_r2, `organization_settings`.`organization_id` AS t3_r3, `organization_settings`.`created_at` AS t3_r4, `organization_settings`.`updated_at` AS t3_r5 FROM `organization_memberships` INNER JOIN `organizations` `organization` ON `organization`.`id` = `organization_memberships`.`organization_id` LEFT OUTER JOIN `organization_settings` ON `organization_settings`.`key` = 'enforce_two_factor_authentication' AND `organization_settings`.`organization_id` = `organization`.`id` LEFT OUTER JOIN `organization_membership_statuses` ON `organization_membership_statuses`.`id` = `organization_memberships`.`latest_status_id` WHERE `organization_memberships`.`user_id` = 15 AND `organization_memberships`.`discarded_at` IS NULL AND `organization`.`slug` IS NULL LIMIT 1[0m
[1;38;5;2mapi-web           [0m |   ↳ app/controllers/api/v1/base_controller.rb:110:in `current_organization_membership'
[1;38;5;2mapi-web           [0m |   [1m[36mCallPeer Exists? (1.5ms)[0m  [1m[34mSELECT 1 AS one FROM `call_peers` INNER JOIN `organization_memberships` ON `call_peers`.`organization_membership_id` = `organization_memberships`.`id` WHERE `organization_memberships`.`user_id` = 15 AND `organization_memberships`.`discarded_at` IS NULL AND `call_peers`.`left_at` IS NULL LIMIT 1 /*action='me',application='CampsiteApi',controller='users'*/[0m
[1;38;5;2mapi-web           [0m |   ↳ app/models/user.rb:440:in `on_call?'
[1;38;5;2mapi-web           [0m |   [1m[36mFlipper::Adapters::ActiveRecord::Gate Pluck (1.2ms)[0m  [1m[34mSELECT `flipper_gates`.`feature_key`, `flipper_gates`.`key`, `flipper_gates`.`value` FROM `flipper_gates` WHERE `flipper_gates`.`feature_key` IN ('slack_auto_publish', 'sidebar_dms', 'my_work', 'max_w_chat', 'archive_notifications', 'relative_time', 'firehose', 'grouped_notifications', 'comfy_compact_layout', 'message_email_notifications', 'integration_dms', 'chat_channels', 'channel_split_view', 'no_emoji_accessories', 'export', 'force_dev_slackbot') /*action='me',application='CampsiteApi',controller='users'*/[0m
[1;38;5;2mapi-web           [0m |   ↳ app/models/user.rb:371:in `enabled_frontend_features'
[1;38;5;2mapi-web           [0m | Started GET "/v1/organizations/cosyland" for 87.75.141.139 at 2025-01-24 00:34:24 +0100
[1;38;5;2mapi-web           [0m | Cannot render console from 172.68.205.201! Allowed networks: 127.0.0.0/127.255.255.255, ::1
[1;38;5;2mapi-web           [0m |   [1m[36mFlipper feature(slack_auto_publish) enabled? false (0.0ms)[0m  [ actors=[#<Flipper::Types::Actor:0x00007f33085e1680 @actor=#<User id: 15, username: "faiz", name: "Faiz", public_id: "r73wwd5e71d4", avatar_path: nil, email: "faiz@cosy.land", omniauth_provider: nil, omniauth_uid: nil, onboarded_at: nil, created_at: "2025-01-20 21:38:28.260317000 +0000", updated_at: "2025-01-22 22:30:40.744807000 +0000", cover_photo_path: nil, login_token: nil, login_token_expires_at: nil, consumed_timestep: nil, otp_backup_codes: nil, otp_enabled: nil, otp_secret: nil, last_seen_at: nil, login_token_sso_id: nil, scheduled_email_notifications_from: "2025-01-22 22:30:39.000000000 +0000", demo: false, staff: false, referrer: nil, landing_url: nil, notification_pause_expires_at: nil, preferred_timezone: "Europe/London", notifications_paused_at: nil>, @value="User;15">] ]
[1;38;5;2mapi-web           [0m |   [1m[36mFlipper feature(sidebar_dms) enabled? false (0.0ms)[0m  [ actors=[#<Flipper::Types::Actor:0x00007f33084be690 @actor=#<User id: 15, username: "faiz", name: "Faiz", public_id: "r73wwd5e71d4", avatar_path: nil, email: "faiz@cosy.land", omniauth_provider: nil, omniauth_uid: nil, onboarded_at: nil, created_at: "2025-01-20 21:38:28.260317000 +0000", updated_at: "2025-01-22 22:30:40.744807000 +0000", cover_photo_path: nil, login_token: nil, login_token_expires_at: nil, consumed_timestep: nil, otp_backup_codes: nil, otp_enabled: nil, otp_secret: nil, last_seen_at: nil, login_token_sso_id: nil, scheduled_email_notifications_from: "2025-01-22 22:30:39.000000000 +0000", demo: false, staff: false, referrer: nil, landing_url: nil, notification_pause_expires_at: nil, preferred_timezone: "Europe/London", notifications_paused_at: nil>, @value="User;15">] ]
[1;38;5;2mapi-web           [0m |   [1m[36mFlipper feature(my_work) enabled? false (0.0ms)[0m  [ actors=[#<Flipper::Types::Actor:0x00007f33084bccc8 @actor=#<User id: 15, username: "faiz", name: "Faiz", public_id: "r73wwd5e71d4", avatar_path: nil, email: "faiz@cosy.land", omniauth_provider: nil, omniauth_uid: nil, onboarded_at: nil, created_at: "2025-01-20 21:38:28.260317000 +0000", updated_at: "2025-01-22 22:30:40.744807000 +0000", cover_photo_path: nil, login_token: nil, login_token_expires_at: nil, consumed_timestep: nil, otp_backup_codes: nil, otp_enabled: nil, otp_secret: nil, last_seen_at: nil, login_token_sso_id: nil, scheduled_email_notifications_from: "2025-01-22 22:30:39.000000000 +0000", demo: false, staff: false, referrer: nil, landing_url: nil, notification_pause_expires_at: nil, preferred_timezone: "Europe/London", notifications_paused_at: nil>, @value="User;15">] ]
[1;38;5;2mapi-web           [0m |   [1m[36mFlipper feature(max_w_chat) enabled? false (0.0ms)[0m  [ actors=[#<Flipper::Types::Actor:0x00007f33084bb8a0 @actor=#<User id: 15, username: "faiz", name: "Faiz", public_id: "r73wwd5e71d4", avatar_path: nil, email: "faiz@cosy.land", omniauth_provider: nil, omniauth_uid: nil, onboarded_at: nil, created_at: "2025-01-20 21:38:28.260317000 +0000", updated_at: "2025-01-22 22:30:40.744807000 +0000", cover_photo_path: nil, login_token: nil, login_token_expires_at: nil, consumed_timestep: nil, otp_backup_codes: nil, otp_enabled: nil, otp_secret: nil, last_seen_at: nil, login_token_sso_id: nil, scheduled_email_notifications_from: "2025-01-22 22:30:39.000000000 +0000", demo: false, staff: false, referrer: nil, landing_url: nil, notification_pause_expires_at: nil, preferred_timezone: "Europe/London", notifications_paused_at: nil>, @value="User;15">] ]
[1;38;5;2mapi-web           [0m |   [1m[36mFlipper feature(archive_notifications) enabled? false (0.0ms)[0m  [ actors=[#<Flipper::Types::Actor:0x00007f33084b83d0 @actor=#<User id: 15, username: "faiz", name: "Faiz", public_id: "r73wwd5e71d4", avatar_path: nil, email: "faiz@cosy.land", omniauth_provider: nil, omniauth_uid: nil, onboarded_at: nil, created_at: "2025-01-20 21:38:28.260317000 +0000", updated_at: "2025-01-22 22:30:40.744807000 +0000", cover_photo_path: nil, login_token: nil, login_token_expires_at: nil, consumed_timestep: nil, otp_backup_codes: nil, otp_enabled: nil, otp_secret: nil, last_seen_at: nil, login_token_sso_id: nil, scheduled_email_notifications_from: "2025-01-22 22:30:39.000000000 +0000", demo: false, staff: false, referrer: nil, landing_url: nil, notification_pause_expires_at: nil, preferred_timezone: "Europe/London", notifications_paused_at: nil>, @value="User;15">] ]
[1;38;5;2mapi-web           [0m |   [1m[36mFlipper feature(relative_time) enabled? false (0.7ms)[0m  [ actors=[#<Flipper::Types::Actor:0x00007f33084b69b8 @actor=#<User id: 15, username: "faiz", name: "Faiz", public_id: "r73wwd5e71d4", avatar_path: nil, email: "faiz@cosy.land", omniauth_provider: nil, omniauth_uid: nil, onboarded_at: nil, created_at: "2025-01-20 21:38:28.260317000 +0000", updated_at: "2025-01-22 22:30:40.744807000 +0000", cover_photo_path: nil, login_token: nil, login_token_expires_at: nil, consumed_timestep: nil, otp_backup_codes: nil, otp_enabled: nil, otp_secret: nil, last_seen_at: nil, login_token_sso_id: nil, scheduled_email_notifications_from: "2025-01-22 22:30:39.000000000 +0000", demo: false, staff: false, referrer: nil, landing_url: nil, notification_pause_expires_at: nil, preferred_timezone: "Europe/London", notifications_paused_at: nil>, @value="User;15">] ]
[1;38;5;2mapi-web           [0m |   [1m[36mFlipper feature(firehose) enabled? false (1.3ms)[0m  [ actors=[#<Flipper::Types::Actor:0x00007f33084b39c0 @actor=#<User id: 15, username: "faiz", name: "Faiz", public_id: "r73wwd5e71d4", avatar_path: nil, email: "faiz@cosy.land", omniauth_provider: nil, omniauth_uid: nil, onboarded_at: nil, created_at: "2025-01-20 21:38:28.260317000 +0000", updated_at: "2025-01-22 22:30:40.744807000 +0000", cover_photo_path: nil, login_token: nil, login_token_expires_at: nil, consumed_timestep: nil, otp_backup_codes: nil, otp_enabled: nil, otp_secret: nil, last_seen_at: nil, login_token_sso_id: nil, scheduled_email_notifications_from: "2025-01-22 22:30:39.000000000 +0000", demo: false, staff: false, referrer: nil, landing_url: nil, notification_pause_expires_at: nil, preferred_timezone: "Europe/London", notifications_paused_at: nil>, @value="User;15">] ]
[1;38;5;2mapi-web           [0m |   [1m[36mFlipper feature(grouped_notifications) enabled? false (0.0ms)[0m  [ actors=[#<Flipper::Types::Actor:0x00007f33084b14e0 @actor=#<User id: 15, username: "faiz", name: "Faiz", public_id: "r73wwd5e71d4", avatar_path: nil, email: "faiz@cosy.land", omniauth_provider: nil, omniauth_uid: nil, onboarded_at: nil, created_at: "2025-01-20 21:38:28.260317000 +0000", updated_at: "2025-01-22 22:30:40.744807000 +0000", cover_photo_path: nil, login_token: nil, login_token_expires_at: nil, consumed_timestep: nil, otp_backup_codes: nil, otp_enabled: nil, otp_secret: nil, last_seen_at: nil, login_token_sso_id: nil, scheduled_email_notifications_from: "2025-01-22 22:30:39.000000000 +0000", demo: false, staff: false, referrer: nil, landing_url: nil, notification_pause_expires_at: nil, preferred_timezone: "Europe/London", notifications_paused_at: nil>, @value="User;15">] ]
[1;38;5;2mapi-web           [0m |   [1m[36mFlipper feature(comfy_compact_layout) enabled? false (0.0ms)[0m  [ actors=[#<Flipper::Types::Actor:0x00007f33084cdfa0 @actor=#<User id: 15, username: "faiz", name: "Faiz", public_id: "r73wwd5e71d4", avatar_path: nil, email: "faiz@cosy.land", omniauth_provider: nil, omniauth_uid: nil, onboarded_at: nil, created_at: "2025-01-20 21:38:28.260317000 +0000", updated_at: "2025-01-22 22:30:40.744807000 +0000", cover_photo_path: nil, login_token: nil, login_token_expires_at: nil, consumed_timestep: nil, otp_backup_codes: nil, otp_enabled: nil, otp_secret: nil, last_seen_at: nil, login_token_sso_id: nil, scheduled_email_notifications_from: "2025-01-22 22:30:39.000000000 +0000", demo: false, staff: false, referrer: nil, landing_url: nil, notification_pause_expires_at: nil, preferred_timezone: "Europe/London", notifications_paused_at: nil>, @value="User;15">] ]
[1;38;5;2mapi-web           [0m |   [1m[36mFlipper feature(message_email_notifications) enabled? false (0.0ms)[0m  [ actors=[#<Flipper::Types::Actor:0x00007f33084c9c20 @actor=#<User id: 15, username: "faiz", name: "Faiz", public_id: "r73wwd5e71d4", avatar_path: nil, email: "faiz@cosy.land", omniauth_provider: nil, omniauth_uid: nil, onboarded_at: nil, created_at: "2025-01-20 21:38:28.260317000 +0000", updated_at: "2025-01-22 22:30:40.744807000 +0000", cover_photo_path: nil, login_token: nil, login_token_expires_at: nil, consumed_timestep: nil, otp_backup_codes: nil, otp_enabled: nil, otp_secret: nil, last_seen_at: nil, login_token_sso_id: nil, scheduled_email_notifications_from: "2025-01-22 22:30:39.000000000 +0000", demo: false, staff: false, referrer: nil, landing_url: nil, notification_pause_expires_at: nil, preferred_timezone: "Europe/London", notifications_paused_at: nil>, @value="User;15">] ]
[1;38;5;2mapi-web           [0m |   [1m[36mFlipper feature(integration_dms) enabled? false (0.0ms)[0m  [ actors=[#<Flipper::Types::Actor:0x00007f33084c7768 @actor=#<User id: 15, username: "faiz", name: "Faiz", public_id: "r73wwd5e71d4", avatar_path: nil, email: "faiz@cosy.land", omniauth_provider: nil, omniauth_uid: nil, onboarded_at: nil, created_at: "2025-01-20 21:38:28.260317000 +0000", updated_at: "2025-01-22 22:30:40.744807000 +0000", cover_photo_path: nil, login_token: nil, login_token_expires_at: nil, consumed_timestep: nil, otp_backup_codes: nil, otp_enabled: nil, otp_secret: nil, last_seen_at: nil, login_token_sso_id: nil, scheduled_email_notifications_from: "2025-01-22 22:30:39.000000000 +0000", demo: false, staff: false, referrer: nil, landing_url: nil, notification_pause_expires_at: nil, preferred_timezone: "Europe/London", notifications_paused_at: nil>, @value="User;15">] ]
[1;38;5;2mapi-web           [0m |   [1m[36mFlipper feature(chat_channels) enabled? false (0.0ms)[0m  [ actors=[#<Flipper::Types::Actor:0x00007f33084c5878 @actor=#<User id: 15, username: "faiz", name: "Faiz", public_id: "r73wwd5e71d4", avatar_path: nil, email: "faiz@cosy.land", omniauth_provider: nil, omniauth_uid: nil, onboarded_at: nil, created_at: "2025-01-20 21:38:28.260317000 +0000", updated_at: "2025-01-22 22:30:40.744807000 +0000", cover_photo_path: nil, login_token: nil, login_token_expires_at: nil, consumed_timestep: nil, otp_backup_codes: nil, otp_enabled: nil, otp_secret: nil, last_seen_at: nil, login_token_sso_id: nil, scheduled_email_notifications_from: "2025-01-22 22:30:39.000000000 +0000", demo: false, staff: false, referrer: nil, landing_url: nil, notification_pause_expires_at: nil, preferred_timezone: "Europe/London", notifications_paused_at: nil>, @value="User;15">] ]
[1;38;5;2mapi-web           [0m |   [1m[36mFlipper feature(channel_split_view) enabled? false (0.0ms)[0m  [ actors=[#<Flipper::Types::Actor:0x00007f33084c3708 @actor=#<User id: 15, username: "faiz", name: "Faiz", public_id: "r73wwd5e71d4", avatar_path: nil, email: "faiz@cosy.land", omniauth_provider: nil, omniauth_uid: nil, onboarded_at: nil, created_at: "2025-01-20 21:38:28.260317000 +0000", updated_at: "2025-01-22 22:30:40.744807000 +0000", cover_photo_path: nil, login_token: nil, login_token_expires_at: nil, consumed_timestep: nil, otp_backup_codes: nil, otp_enabled: nil, otp_secret: nil, last_seen_at: nil, login_token_sso_id: nil, scheduled_email_notifications_from: "2025-01-22 22:30:39.000000000 +0000", demo: false, staff: false, referrer: nil, landing_url: nil, notification_pause_expires_at: nil, preferred_timezone: "Europe/London", notifications_paused_at: nil>, @value="User;15">] ]
[1;38;5;2mapi-web           [0m |   [1m[36mFlipper feature(no_emoji_accessories) enabled? false (0.0ms)[0m  [ actors=[#<Flipper::Types::Actor:0x00007f33084c15e8 @actor=#<User id: 15, username: "faiz", name: "Faiz", public_id: "r73wwd5e71d4", avatar_path: nil, email: "faiz@cosy.land", omniauth_provider: nil, omniauth_uid: nil, onboarded_at: nil, created_at: "2025-01-20 21:38:28.260317000 +0000", updated_at: "2025-01-22 22:30:40.744807000 +0000", cover_photo_path: nil, login_token: nil, login_token_expires_at: nil, consumed_timestep: nil, otp_backup_codes: nil, otp_enabled: nil, otp_secret: nil, last_seen_at: nil, login_token_sso_id: nil, scheduled_email_notifications_from: "2025-01-22 22:30:39.000000000 +0000", demo: false, staff: false, referrer: nil, landing_url: nil, notification_pause_expires_at: nil, preferred_timezone: "Europe/London", notifications_paused_at: nil>, @value="User;15">] ]
[1;38;5;2mapi-web           [0m |   [1m[36mFlipper feature(export) enabled? false (0.0ms)[0m  [ actors=[#<Flipper::Types::Actor:0x00007f33084fde30 @actor=#<User id: 15, username: "faiz", name: "Faiz", public_id: "r73wwd5e71d4", avatar_path: nil, email: "faiz@cosy.land", omniauth_provider: nil, omniauth_uid: nil, onboarded_at: nil, created_at: "2025-01-20 21:38:28.260317000 +0000", updated_at: "2025-01-22 22:30:40.744807000 +0000", cover_photo_path: nil, login_token: nil, login_token_expires_at: nil, consumed_timestep: nil, otp_backup_codes: nil, otp_enabled: nil, otp_secret: nil, last_seen_at: nil, login_token_sso_id: nil, scheduled_email_notifications_from: "2025-01-22 22:30:39.000000000 +0000", demo: false, staff: false, referrer: nil, landing_url: nil, notification_pause_expires_at: nil, preferred_timezone: "Europe/London", notifications_paused_at: nil>, @value="User;15">] ]
[1;38;5;2mapi-web           [0m |   [1m[36mFlipper feature(force_dev_slackbot) enabled? false (0.0ms)[0m  [ actors=[#<Flipper::Types::Actor:0x00007f33084fbae0 @actor=#<User id: 15, username: "faiz", name: "Faiz", public_id: "r73wwd5e71d4", avatar_path: nil, email: "faiz@cosy.land", omniauth_provider: nil, omniauth_uid: nil, onboarded_at: nil, created_at: "2025-01-20 21:38:28.260317000 +0000", updated_at: "2025-01-22 22:30:40.744807000 +0000", cover_photo_path: nil, login_token: nil, login_token_expires_at: nil, consumed_timestep: nil, otp_backup_codes: nil, otp_enabled: nil, otp_secret: nil, last_seen_at: nil, login_token_sso_id: nil, scheduled_email_notifications_from: "2025-01-22 22:30:39.000000000 +0000", demo: false, staff: false, referrer: nil, landing_url: nil, notification_pause_expires_at: nil, preferred_timezone: "Europe/London", notifications_paused_at: nil>, @value="User;15">] ]
[1;38;5;2mapi-web           [0m | Processing by Api::V1::OrganizationsController#show as JSON
[1;38;5;2mapi-web           [0m |   Parameters: {"org_slug"=>"cosyland", "organization"=>{}}
[1;38;5;2mapi-web           [0m |   [1m[36mUser Load (1.0ms)[0m  [1m[34mSELECT `users`.* FROM `users` WHERE `users`.`id` = 15 ORDER BY `users`.`id` ASC LIMIT 1 /*action='show',application='CampsiteApi',controller='organizations'*/[0m
[1;38;5;2mapi-web           [0m |   ↳ app/controllers/concerns/current_attributable.rb:17:in `set_current_user'
[1;38;5;2mapi-web           [0m |   [1m[35mSQL (1.4ms)[0m  [1m[34mSELECT `organization_memberships`.`id` AS t0_r0, `organization_memberships`.`public_id` AS t0_r1, `organization_memberships`.`organization_id` AS t0_r2, `organization_memberships`.`user_id` AS t0_r3, `organization_memberships`.`created_at` AS t0_r4, `organization_memberships`.`updated_at` AS t0_r5, `organization_memberships`.`discarded_at` AS t0_r6, `organization_memberships`.`last_seen_at` AS t0_r7, `organization_memberships`.`role_name` AS t0_r8, `organization_memberships`.`latest_status_id` AS t0_r9, `organization_memberships`.`position` AS t0_r10, `organization_memberships`.`last_viewed_posts_at` AS t0_r11, `organization_memberships`.`home_last_seen_at` AS t0_r12, `organization_memberships`.`activity_last_seen_at` AS t0_r13, `organization_membership_statuses`.`id` AS t1_r0, `organization_membership_statuses`.`message` AS t1_r1, `organization_membership_statuses`.`emoji` AS t1_r2, `organization_membership_statuses`.`expires_at` AS t1_r3, `organization_membership_statuses`.`organization_membership_id` AS t1_r4, `organization_membership_statuses`.`created_at` AS t1_r5, `organization_membership_statuses`.`updated_at` AS t1_r6, `organization_membership_statuses`.`expiration_setting` AS t1_r7, `organization_membership_statuses`.`pause_notifications` AS t1_r8, `organization`.`id` AS t2_r0, `organization`.`public_id` AS t2_r1, `organization`.`name` AS t2_r2, `organization`.`slug` AS t2_r3, `organization`.`email_domain` AS t2_r4, `organization`.`billing_email` AS t2_r5, `organization`.`avatar_path` AS t2_r6, `organization`.`slack_channel_id` AS t2_r7, `organization`.`invite_token` AS t2_r8, `organization`.`creator_id` AS t2_r9, `organization`.`onboarded_at` AS t2_r10, `organization`.`created_at` AS t2_r11, `organization`.`updated_at` AS t2_r12, `organization`.`plan_name` AS t2_r13, `organization`.`member_count` AS t2_r14, `organization`.`demo` AS t2_r15, `organization`.`creator_role` AS t2_r16, `organization`.`creator_org_size` AS t2_r17, `organization`.`trial_ends_at` AS t2_r18, `organization`.`creator_source` AS t2_r19, `organization`.`creator_why` AS t2_r20, `organization_settings`.`id` AS t3_r0, `organization_settings`.`key` AS t3_r1, `organization_settings`.`value` AS t3_r2, `organization_settings`.`organization_id` AS t3_r3, `organization_settings`.`created_at` AS t3_r4, `organization_settings`.`updated_at` AS t3_r5 FROM `organization_memberships` INNER JOIN `organizations` `organization` ON `organization`.`id` = `organization_memberships`.`organization_id` LEFT OUTER JOIN `organization_settings` ON `organization_settings`.`key` = 'enforce_two_factor_authentication' AND `organization_settings`.`organization_id` = `organization`.`id` LEFT OUTER JOIN `organization_membership_statuses` ON `organization_membership_statuses`.`id` = `organization_memberships`.`latest_status_id` WHERE `organization_memberships`.`user_id` = 15 AND `organization_memberships`.`discarded_at` IS NULL AND `organization`.`slug` = 'cosyland' LIMIT 1 /*action='show',application='CampsiteApi',controller='organizations'*/[0m
[1;38;5;2mapi-web           [0m |   ↳ app/controllers/api/v1/base_controller.rb:110:in `current_organization_membership'
[1;38;5;2mapi-web           [0m |   [1m[36mUser Exists? (1.3ms)[0m  [1m[34mSELECT 1 AS one FROM `users` INNER JOIN `organization_memberships` ON `users`.`id` = `organization_memberships`.`user_id` WHERE `organization_memberships`.`organization_id` = 3 AND `organization_memberships`.`discarded_at` IS NULL AND `users`.`id` = 15 LIMIT 1 /*action='show',application='CampsiteApi',controller='organizations'*/[0m
[1;38;5;2mapi-web           [0m |   ↳ app/policies/organization_policy.rb:200:in `org_member?'
[1;38;5;2mapi-web           [0m |   [1m[36mUserPreference Load (3.5ms)[0m  [1m[34mSELECT `user_preferences`.* FROM `user_preferences` WHERE `user_preferences`.`user_id` = 15 /*action='me',application='CampsiteApi',controller='users'*/[0m
[1;38;5;2mapi-web           [0m |   ↳ app/serializers/current_user_serializer.rb:33:in `each_with_object'
[1;38;5;2mapi-web           [0m |   [1m[36mCACHE User Exists? (0.8ms)[0m  [1m[34mSELECT 1 AS one FROM `users` INNER JOIN `organization_memberships` ON `users`.`id` = `organization_memberships`.`user_id` WHERE `organization_memberships`.`organization_id` = 3 AND `organization_memberships`.`discarded_at` IS NULL AND `users`.`id` = 15 LIMIT 1[0m
[1;38;5;2mapi-web           [0m |   ↳ app/policies/organization_policy.rb:200:in `org_member?'
[1;38;5;2mapi-web           [0m |   [1m[36mOrganizationMembership Load (3.1ms)[0m  [1m[34mSELECT `organization_memberships`.* FROM `organization_memberships` WHERE `organization_memberships`.`organization_id` = 3 AND `organization_memberships`.`discarded_at` IS NULL AND `organization_memberships`.`user_id` = 15 LIMIT 1 /*action='show',application='CampsiteApi',controller='organizations'*/[0m
[1;38;5;2mapi-web           [0m | Completed 200 OK in 66ms (Views: 0.1ms | ActiveRecord: 15.4ms (6 queries, 1 cached) | GC: 2.5ms)
[1;38;5;2mapi-web           [0m | 
[1;38;5;2mapi-web           [0m | 
[1;38;5;2mapi-web           [0m |   ↳ app/policies/organization_policy.rb:208:in `organization_membership'
[1;38;5;2mapi-web           [0m |   [1m[36mCACHE User Exists? (0.5ms)[0m  [1m[34mSELECT 1 AS one FROM `users` INNER JOIN `organization_memberships` ON `users`.`id` = `organization_memberships`.`user_id` WHERE `organization_memberships`.`organization_id` = 3 AND `organization_memberships`.`discarded_at` IS NULL AND `users`.`id` = 15 LIMIT 1[0m
[1;38;5;2mapi-web           [0m |   ↳ app/policies/organization_policy.rb:200:in `org_member?'
[1;38;5;2mapi-web           [0m |   [1m[36mCACHE OrganizationMembership Load (0.7ms)[0m  [1m[34mSELECT `organization_memberships`.* FROM `organization_memberships` WHERE `organization_memberships`.`organization_id` = 3 AND `organization_memberships`.`discarded_at` IS NULL AND `organization_memberships`.`user_id` = 15 LIMIT 1[0m
[1;38;5;2mapi-web           [0m |   ↳ app/policies/organization_policy.rb:208:in `organization_membership'
[1;38;5;2mapi-web           [0m |   [1m[36mCACHE User Exists? (0.5ms)[0m  [1m[34mSELECT 1 AS one FROM `users` INNER JOIN `organization_memberships` ON `users`.`id` = `organization_memberships`.`user_id` WHERE `organization_memberships`.`organization_id` = 3 AND `organization_memberships`.`discarded_at` IS NULL AND `users`.`id` = 15 LIMIT 1[0m
[1;38;5;2mapi-web           [0m |   ↳ app/policies/organization_policy.rb:200:in `org_member?'
[1;38;5;2mapi-web           [0m |   [1m[36mCACHE OrganizationMembership Load (0.5ms)[0m  [1m[34mSELECT `organization_memberships`.* FROM `organization_memberships` WHERE `organization_memberships`.`organization_id` = 3 AND `organization_memberships`.`discarded_at` IS NULL AND `organization_memberships`.`user_id` = 15 LIMIT 1[0m
[1;38;5;2mapi-web           [0m |   ↳ app/policies/organization_policy.rb:208:in `organization_membership'
[1;38;5;2mapi-web           [0m |   [1m[36mCACHE User Exists? (0.4ms)[0m  [1m[34mSELECT 1 AS one FROM `users` INNER JOIN `organization_memberships` ON `users`.`id` = `organization_memberships`.`user_id` WHERE `organization_memberships`.`organization_id` = 3 AND `organization_memberships`.`discarded_at` IS NULL AND `users`.`id` = 15 LIMIT 1[0m
[1;38;5;2mapi-web           [0m |   ↳ app/policies/organization_policy.rb:200:in `org_member?'
[1;38;5;2mapi-web           [0m |   [1m[36mCACHE OrganizationMembership Load (0.6ms)[0m  [1m[34mSELECT `organization_memberships`.* FROM `organization_memberships` WHERE `organization_memberships`.`organization_id` = 3 AND `organization_memberships`.`discarded_at` IS NULL AND `organization_memberships`.`user_id` = 15 LIMIT 1[0m
[1;38;5;2mapi-web           [0m |   ↳ app/policies/organization_policy.rb:208:in `organization_membership'
[1;38;5;2mapi-web           [0m |   [1m[36mCACHE User Exists? (0.5ms)[0m  [1m[34mSELECT 1 AS one FROM `users` INNER JOIN `organization_memberships` ON `users`.`id` = `organization_memberships`.`user_id` WHERE `organization_memberships`.`organization_id` = 3 AND `organization_memberships`.`discarded_at` IS NULL AND `users`.`id` = 15 LIMIT 1[0m
[1;38;5;2mapi-web           [0m |   ↳ app/policies/organization_policy.rb:200:in `org_member?'
[1;38;5;2mapi-web           [0m |   [1m[36mCACHE OrganizationMembership Load (0.5ms)[0m  [1m[34mSELECT `organization_memberships`.* FROM `organization_memberships` WHERE `organization_memberships`.`organization_id` = 3 AND `organization_memberships`.`discarded_at` IS NULL AND `organization_memberships`.`user_id` = 15 LIMIT 1[0m
[1;38;5;2mapi-web           [0m |   ↳ app/policies/organization_policy.rb:208:in `organization_membership'
[1;38;5;2mapi-web           [0m |   [1m[36mCACHE User Exists? (0.9ms)[0m  [1m[34mSELECT 1 AS one FROM `users` INNER JOIN `organization_memberships` ON `users`.`id` = `organization_memberships`.`user_id` WHERE `organization_memberships`.`organization_id` = 3 AND `organization_memberships`.`discarded_at` IS NULL AND `users`.`id` = 15 LIMIT 1[0m
[1;38;5;2mapi-web           [0m |   ↳ app/policies/organization_policy.rb:200:in `org_member?'
[1;38;5;2mapi-web           [0m |   [1m[36mCACHE OrganizationMembership Load (0.6ms)[0m  [1m[34mSELECT `organization_memberships`.* FROM `organization_memberships` WHERE `organization_memberships`.`organization_id` = 3 AND `organization_memberships`.`discarded_at` IS NULL AND `organization_memberships`.`user_id` = 15 LIMIT 1[0m
[1;38;5;2mapi-web           [0m |   ↳ app/policies/organization_policy.rb:208:in `organization_membership'
[1;38;5;2mapi-web           [0m |   [1m[36mCACHE User Exists? (0.5ms)[0m  [1m[34mSELECT 1 AS one FROM `users` INNER JOIN `organization_memberships` ON `users`.`id` = `organization_memberships`.`user_id` WHERE `organization_memberships`.`organization_id` = 3 AND `organization_memberships`.`discarded_at` IS NULL AND `users`.`id` = 15 LIMIT 1[0m
[1;38;5;2mapi-web           [0m |   ↳ app/policies/organization_policy.rb:200:in `org_member?'
[1;38;5;2mapi-web           [0m |   [1m[36mCACHE OrganizationMembership Load (0.5ms)[0m  [1m[34mSELECT `organization_memberships`.* FROM `organization_memberships` WHERE `organization_memberships`.`organization_id` = 3 AND `organization_memberships`.`discarded_at` IS NULL AND `organization_memberships`.`user_id` = 15 LIMIT 1[0m
[1;38;5;2mapi-web           [0m |   ↳ app/policies/organization_policy.rb:208:in `organization_membership'
[1;38;5;2mapi-web           [0m |   [1m[36mCACHE User Exists? (0.5ms)[0m  [1m[34mSELECT 1 AS one FROM `users` INNER JOIN `organization_memberships` ON `users`.`id` = `organization_memberships`.`user_id` WHERE `organization_memberships`.`organization_id` = 3 AND `organization_memberships`.`discarded_at` IS NULL AND `users`.`id` = 15 LIMIT 1[0m
[1;38;5;2mapi-web           [0m |   ↳ app/policies/organization_policy.rb:200:in `org_member?'
[1;38;5;2mapi-web           [0m |   [1m[36mCACHE OrganizationMembership Load (0.5ms)[0m  [1m[34mSELECT `organization_memberships`.* FROM `organization_memberships` WHERE `organization_memberships`.`organization_id` = 3 AND `organization_memberships`.`discarded_at` IS NULL AND `organization_memberships`.`user_id` = 15 LIMIT 1[0m
[1;38;5;2mapi-web           [0m |   ↳ app/policies/organization_policy.rb:208:in `organization_membership'
[1;38;5;2mapi-web           [0m |   [1m[36mCACHE User Exists? (0.4ms)[0m  [1m[34mSELECT 1 AS one FROM `users` INNER JOIN `organization_memberships` ON `users`.`id` = `organization_memberships`.`user_id` WHERE `organization_memberships`.`organization_id` = 3 AND `organization_memberships`.`discarded_at` IS NULL AND `users`.`id` = 15 LIMIT 1[0m
[1;38;5;2mapi-web           [0m |   ↳ app/policies/organization_policy.rb:200:in `org_member?'
[1;38;5;2mapi-web           [0m |   [1m[36mCACHE OrganizationMembership Load (0.5ms)[0m  [1m[34mSELECT `organization_memberships`.* FROM `organization_memberships` WHERE `organization_memberships`.`organization_id` = 3 AND `organization_memberships`.`discarded_at` IS NULL AND `organization_memberships`.`user_id` = 15 LIMIT 1[0m
[1;38;5;2mapi-web           [0m |   ↳ app/policies/organization_policy.rb:208:in `organization_membership'
[1;38;5;2mapi-web           [0m |   [1m[36mUser Exists? (1.3ms)[0m  [1m[34mSELECT 1 AS one FROM `users` INNER JOIN `organization_memberships` ON `users`.`id` = `organization_memberships`.`user_id` WHERE `organization_memberships`.`organization_id` = 3 AND `organization_memberships`.`role_name` = 'admin' AND `organization_memberships`.`discarded_at` IS NULL AND `users`.`id` = 15 LIMIT 1 /*action='show',application='CampsiteApi',controller='organizations'*/[0m
[1;38;5;2mapi-web           [0m |   ↳ app/models/organization.rb:159:in `admin?'
[1;38;5;2mapi-web           [0m |   [1m[36mOrganizationMembership Count (1.1ms)[0m  [1m[34mSELECT COUNT(*) FROM `organization_memberships` WHERE `organization_memberships`.`organization_id` = 3 AND `organization_memberships`.`role_name` = 'admin' AND `organization_memberships`.`discarded_at` IS NULL /*action='show',application='CampsiteApi',controller='organizations'*/[0m
[1;38;5;2mapi-web           [0m |   ↳ app/serializers/organization_serializer.rb:96:in `block in <class:OrganizationSerializer>'
[1;38;5;2mapi-web           [0m |   [1m[36mFlipper::Adapters::ActiveRecord::Gate Pluck (1.1ms)[0m  [1m[34mSELECT `flipper_gates`.`feature_key`, `flipper_gates`.`key`, `flipper_gates`.`value` FROM `flipper_gates` WHERE `flipper_gates`.`feature_key` IN ('slack_auto_publish', 'sidebar_dms', 'my_work', 'max_w_chat', 'archive_notifications', 'relative_time', 'firehose', 'grouped_notifications', 'comfy_compact_layout', 'message_email_notifications', 'integration_dms', 'chat_channels', 'channel_split_view', 'no_emoji_accessories', 'export', 'api_endpoint_list_members', 'api_endpoint_list_posts', 'multi_org_apps') /*action='show',application='CampsiteApi',controller='organizations'*/[0m
[1;38;5;2mapi-web           [0m |   ↳ app/models/organization.rb:414:in `features'
[1;38;5;2mapi-web           [0m |   [1m[36mFlipper feature(slack_auto_publish) enabled? false (0.0ms)[0m  [ actors=[#<Flipper::Types::Actor:0x00007f3308047c60 @actor=#<Organization id: 3, public_id: "tefy9r4751zw", name: "COSYLAND", slug: "cosyland", email_domain: nil, billing_email: "faiz@cosy.land", avatar_path: "o/tefy9r4751zw/a/3003be93-ed27-44af-ab1a-c0e0bfd18...", slack_channel_id: nil, invite_token: [FILTERED], creator_id: 15, onboarded_at: nil, created_at: "2025-01-20 21:39:20.891431000 +0000", updated_at: "2025-01-20 22:23:10.189602000 +0000", plan_name: "pro", member_count: 5, demo: false, creator_role: "software-engineer", creator_org_size: "2-5", trial_ends_at: "2025-02-03 21:39:20.837882000 +0000", creator_source: "colleague-friend", creator_why: "Building products together as a team">, @value="Organization;3">] ]
[1;38;5;2mapi-web           [0m |   [1m[36mFlipper feature(sidebar_dms) enabled? false (0.0ms)[0m  [ actors=[#<Flipper::Types::Actor:0x00007f3308044218 @actor=#<Organization id: 3, public_id: "tefy9r4751zw", name: "COSYLAND", slug: "cosyland", email_domain: nil, billing_email: "faiz@cosy.land", avatar_path: "o/tefy9r4751zw/a/3003be93-ed27-44af-ab1a-c0e0bfd18...", slack_channel_id: nil, invite_token: [FILTERED], creator_id: 15, onboarded_at: nil, created_at: "2025-01-20 21:39:20.891431000 +0000", updated_at: "2025-01-20 22:23:10.189602000 +0000", plan_name: "pro", member_count: 5, demo: false, creator_role: "software-engineer", creator_org_size: "2-5", trial_ends_at: "2025-02-03 21:39:20.837882000 +0000", creator_source: "colleague-friend", creator_why: "Building products together as a team">, @value="Organization;3">] ]
[1;38;5;2mapi-web           [0m |   [1m[36mFlipper feature(my_work) enabled? false (0.0ms)[0m  [ actors=[#<Flipper::Types::Actor:0x00007f33080421e8 @actor=#<Organization id: 3, public_id: "tefy9r4751zw", name: "COSYLAND", slug: "cosyland", email_domain: nil, billing_email: "faiz@cosy.land", avatar_path: "o/tefy9r4751zw/a/3003be93-ed27-44af-ab1a-c0e0bfd18...", slack_channel_id: nil, invite_token: [FILTERED], creator_id: 15, onboarded_at: nil, created_at: "2025-01-20 21:39:20.891431000 +0000", updated_at: "2025-01-20 22:23:10.189602000 +0000", plan_name: "pro", member_count: 5, demo: false, creator_role: "software-engineer", creator_org_size: "2-5", trial_ends_at: "2025-02-03 21:39:20.837882000 +0000", creator_source: "colleague-friend", creator_why: "Building products together as a team">, @value="Organization;3">] ]
[1;38;5;2mapi-web           [0m |   [1m[36mFlipper feature(max_w_chat) enabled? false (0.0ms)[0m  [ actors=[#<Flipper::Types::Actor:0x00007f330806fb70 @actor=#<Organization id: 3, public_id: "tefy9r4751zw", name: "COSYLAND", slug: "cosyland", email_domain: nil, billing_email: "faiz@cosy.land", avatar_path: "o/tefy9r4751zw/a/3003be93-ed27-44af-ab1a-c0e0bfd18...", slack_channel_id: nil, invite_token: [FILTERED], creator_id: 15, onboarded_at: nil, created_at: "2025-01-20 21:39:20.891431000 +0000", updated_at: "2025-01-20 22:23:10.189602000 +0000", plan_name: "pro", member_count: 5, demo: false, creator_role: "software-engineer", creator_org_size: "2-5", trial_ends_at: "2025-02-03 21:39:20.837882000 +0000", creator_source: "colleague-friend", creator_why: "Building products together as a team">, @value="Organization;3">] ]
[1;38;5;2mapi-web           [0m |   [1m[36mFlipper feature(archive_notifications) enabled? false (0.0ms)[0m  [ actors=[#<Flipper::Types::Actor:0x00007f330806d258 @actor=#<Organization id: 3, public_id: "tefy9r4751zw", name: "COSYLAND", slug: "cosyland", email_domain: nil, billing_email: "faiz@cosy.land", avatar_path: "o/tefy9r4751zw/a/3003be93-ed27-44af-ab1a-c0e0bfd18...", slack_channel_id: nil, invite_token: [FILTERED], creator_id: 15, onboarded_at: nil, created_at: "2025-01-20 21:39:20.891431000 +0000", updated_at: "2025-01-20 22:23:10.189602000 +0000", plan_name: "pro", member_count: 5, demo: false, creator_role: "software-engineer", creator_org_size: "2-5", trial_ends_at: "2025-02-03 21:39:20.837882000 +0000", creator_source: "colleague-friend", creator_why: "Building products together as a team">, @value="Organization;3">] ]
[1;38;5;2mapi-web           [0m |   [1m[36mFlipper feature(relative_time) enabled? false (0.0ms)[0m  [ actors=[#<Flipper::Types::Actor:0x00007f330806b980 @actor=#<Organization id: 3, public_id: "tefy9r4751zw", name: "COSYLAND", slug: "cosyland", email_domain: nil, billing_email: "faiz@cosy.land", avatar_path: "o/tefy9r4751zw/a/3003be93-ed27-44af-ab1a-c0e0bfd18...", slack_channel_id: nil, invite_token: [FILTERED], creator_id: 15, onboarded_at: nil, created_at: "2025-01-20 21:39:20.891431000 +0000", updated_at: "2025-01-20 22:23:10.189602000 +0000", plan_name: "pro", member_count: 5, demo: false, creator_role: "software-engineer", creator_org_size: "2-5", trial_ends_at: "2025-02-03 21:39:20.837882000 +0000", creator_source: "colleague-friend", creator_why: "Building products together as a team">, @value="Organization;3">] ]
[1;38;5;2mapi-web           [0m |   [1m[36mFlipper feature(firehose) enabled? false (0.0ms)[0m  [ actors=[#<Flipper::Types::Actor:0x00007f33080699f0 @actor=#<Organization id: 3, public_id: "tefy9r4751zw", name: "COSYLAND", slug: "cosyland", email_domain: nil, billing_email: "faiz@cosy.land", avatar_path: "o/tefy9r4751zw/a/3003be93-ed27-44af-ab1a-c0e0bfd18...", slack_channel_id: nil, invite_token: [FILTERED], creator_id: 15, onboarded_at: nil, created_at: "2025-01-20 21:39:20.891431000 +0000", updated_at: "2025-01-20 22:23:10.189602000 +0000", plan_name: "pro", member_count: 5, demo: false, creator_role: "software-engineer", creator_org_size: "2-5", trial_ends_at: "2025-02-03 21:39:20.837882000 +0000", creator_source: "colleague-friend", creator_why: "Building products together as a team">, @value="Organization;3">] ]
[1;38;5;2mapi-web           [0m |   [1m[36mFlipper feature(grouped_notifications) enabled? false (0.0ms)[0m  [ actors=[#<Flipper::Types::Actor:0x00007f3308068258 @actor=#<Organization id: 3, public_id: "tefy9r4751zw", name: "COSYLAND", slug: "cosyland", email_domain: nil, billing_email: "faiz@cosy.land", avatar_path: "o/tefy9r4751zw/a/3003be93-ed27-44af-ab1a-c0e0bfd18...", slack_channel_id: nil, invite_token: [FILTERED], creator_id: 15, onboarded_at: nil, created_at: "2025-01-20 21:39:20.891431000 +0000", updated_at: "2025-01-20 22:23:10.189602000 +0000", plan_name: "pro", member_count: 5, demo: false, creator_role: "software-engineer", creator_org_size: "2-5", trial_ends_at: "2025-02-03 21:39:20.837882000 +0000", creator_source: "colleague-friend", creator_why: "Building products together as a team">, @value="Organization;3">] ]
[1;38;5;2mapi-web           [0m |   [1m[36mFlipper feature(comfy_compact_layout) enabled? false (0.0ms)[0m  [ actors=[#<Flipper::Types::Actor:0x00007f3308066958 @actor=#<Organization id: 3, public_id: "tefy9r4751zw", name: "COSYLAND", slug: "cosyland", email_domain: nil, billing_email: "faiz@cosy.land", avatar_path: "o/tefy9r4751zw/a/3003be93-ed27-44af-ab1a-c0e0bfd18...", slack_channel_id: nil, invite_token: [FILTERED], creator_id: 15, onboarded_at: nil, created_at: "2025-01-20 21:39:20.891431000 +0000", updated_at: "2025-01-20 22:23:10.189602000 +0000", plan_name: "pro", member_count: 5, demo: false, creator_role: "software-engineer", creator_org_size: "2-5", trial_ends_at: "2025-02-03 21:39:20.837882000 +0000", creator_source: "colleague-friend", creator_why: "Building products together as a team">, @value="Organization;3">] ]
[1;38;5;2mapi-web           [0m |   [1m[36mFlipper feature(message_email_notifications) enabled? false (0.0ms)[0m  [ actors=[#<Flipper::Types::Actor:0x00007f3308063c08 @actor=#<Organization id: 3, public_id: "tefy9r4751zw", name: "COSYLAND", slug: "cosyland", email_domain: nil, billing_email: "faiz@cosy.land", avatar_path: "o/tefy9r4751zw/a/3003be93-ed27-44af-ab1a-c0e0bfd18...", slack_channel_id: nil, invite_token: [FILTERED], creator_id: 15, onboarded_at: nil, created_at: "2025-01-20 21:39:20.891431000 +0000", updated_at: "2025-01-20 22:23:10.189602000 +0000", plan_name: "pro", member_count: 5, demo: false, creator_role: "software-engineer", creator_org_size: "2-5", trial_ends_at: "2025-02-03 21:39:20.837882000 +0000", creator_source: "colleague-friend", creator_why: "Building products together as a team">, @value="Organization;3">] ]
[1;38;5;2mapi-web           [0m |   [1m[36mFlipper feature(integration_dms) enabled? false (0.0ms)[0m  [ actors=[#<Flipper::Types::Actor:0x00007f3308060418 @actor=#<Organization id: 3, public_id: "tefy9r4751zw", name: "COSYLAND", slug: "cosyland", email_domain: nil, billing_email: "faiz@cosy.land", avatar_path: "o/tefy9r4751zw/a/3003be93-ed27-44af-ab1a-c0e0bfd18...", slack_channel_id: nil, invite_token: [FILTERED], creator_id: 15, onboarded_at: nil, created_at: "2025-01-20 21:39:20.891431000 +0000", updated_at: "2025-01-20 22:23:10.189602000 +0000", plan_name: "pro", member_count: 5, demo: false, creator_role: "software-engineer", creator_org_size: "2-5", trial_ends_at: "2025-02-03 21:39:20.837882000 +0000", creator_source: "colleague-friend", creator_why: "Building products together as a team">, @value="Organization;3">] ]
[1;38;5;2mapi-web           [0m |   [1m[36mFlipper feature(chat_channels) enabled? false (0.0ms)[0m  [ actors=[#<Flipper::Types::Actor:0x00007f330808fd08 @actor=#<Organization id: 3, public_id: "tefy9r4751zw", name: "COSYLAND", slug: "cosyland", email_domain: nil, billing_email: "faiz@cosy.land", avatar_path: "o/tefy9r4751zw/a/3003be93-ed27-44af-ab1a-c0e0bfd18...", slack_channel_id: nil, invite_token: [FILTERED], creator_id: 15, onboarded_at: nil, created_at: "2025-01-20 21:39:20.891431000 +0000", updated_at: "2025-01-20 22:23:10.189602000 +0000", plan_name: "pro", member_count: 5, demo: false, creator_role: "software-engineer", creator_org_size: "2-5", trial_ends_at: "2025-02-03 21:39:20.837882000 +0000", creator_source: "colleague-friend", creator_why: "Building products together as a team">, @value="Organization;3">] ]
[1;38;5;2mapi-web           [0m |   [1m[36mFlipper feature(channel_split_view) enabled? false (0.0ms)[0m  [ actors=[#<Flipper::Types::Actor:0x00007f330808da08 @actor=#<Organization id: 3, public_id: "tefy9r4751zw", name: "COSYLAND", slug: "cosyland", email_domain: nil, billing_email: "faiz@cosy.land", avatar_path: "o/tefy9r4751zw/a/3003be93-ed27-44af-ab1a-c0e0bfd18...", slack_channel_id: nil, invite_token: [FILTERED], creator_id: 15, onboarded_at: nil, created_at: "2025-01-20 21:39:20.891431000 +0000", updated_at: "2025-01-20 22:23:10.189602000 +0000", plan_name: "pro", member_count: 5, demo: false, creator_role: "software-engineer", creator_org_size: "2-5", trial_ends_at: "2025-02-03 21:39:20.837882000 +0000", creator_source: "colleague-friend", creator_why: "Building products together as a team">, @value="Organization;3">] ]
[1;38;5;2mapi-web           [0m |   [1m[36mFlipper feature(no_emoji_accessories) enabled? false (0.0ms)[0m  [ actors=[#<Flipper::Types::Actor:0x00007f330808c2e8 @actor=#<Organization id: 3, public_id: "tefy9r4751zw", name: "COSYLAND", slug: "cosyland", email_domain: nil, billing_email: "faiz@cosy.land", avatar_path: "o/tefy9r4751zw/a/3003be93-ed27-44af-ab1a-c0e0bfd18...", slack_channel_id: nil, invite_token: [FILTERED], creator_id: 15, onboarded_at: nil, created_at: "2025-01-20 21:39:20.891431000 +0000", updated_at: "2025-01-20 22:23:10.189602000 +0000", plan_name: "pro", member_count: 5, demo: false, creator_role: "software-engineer", creator_org_size: "2-5", trial_ends_at: "2025-02-03 21:39:20.837882000 +0000", creator_source: "colleague-friend", creator_why: "Building products together as a team">, @value="Organization;3">] ]
[1;38;5;2mapi-web           [0m |   [1m[36mFlipper feature(export) enabled? false (0.0ms)[0m  [ actors=[#<Flipper::Types::Actor:0x00007f33080890c0 @actor=#<Organization id: 3, public_id: "tefy9r4751zw", name: "COSYLAND", slug: "cosyland", email_domain: nil, billing_email: "faiz@cosy.land", avatar_path: "o/tefy9r4751zw/a/3003be93-ed27-44af-ab1a-c0e0bfd18...", slack_channel_id: nil, invite_token: [FILTERED], creator_id: 15, onboarded_at: nil, created_at: "2025-01-20 21:39:20.891431000 +0000", updated_at: "2025-01-20 22:23:10.189602000 +0000", plan_name: "pro", member_count: 5, demo: false, creator_role: "software-engineer", creator_org_size: "2-5", trial_ends_at: "2025-02-03 21:39:20.837882000 +0000", creator_source: "colleague-friend", creator_why: "Building products together as a team">, @value="Organization;3">] ]
[1;38;5;2mapi-web           [0m |   [1m[36mFlipper feature(api_endpoint_list_members) enabled? false (0.2ms)[0m  [ actors=[#<Flipper::Types::Actor:0x00007f33080874c8 @actor=#<Organization id: 3, public_id: "tefy9r4751zw", name: "COSYLAND", slug: "cosyland", email_domain: nil, billing_email: "faiz@cosy.land", avatar_path: "o/tefy9r4751zw/a/3003be93-ed27-44af-ab1a-c0e0bfd18...", slack_channel_id: nil, invite_token: [FILTERED], creator_id: 15, onboarded_at: nil, created_at: "2025-01-20 21:39:20.891431000 +0000", updated_at: "2025-01-20 22:23:10.189602000 +0000", plan_name: "pro", member_count: 5, demo: false, creator_role: "software-engineer", creator_org_size: "2-5", trial_ends_at: "2025-02-03 21:39:20.837882000 +0000", creator_source: "colleague-friend", creator_why: "Building products together as a team">, @value="Organization;3">] ]
[1;38;5;2mapi-web           [0m |   [1m[36mFlipper feature(api_endpoint_list_posts) enabled? false (0.0ms)[0m  [ actors=[#<Flipper::Types::Actor:0x00007f3308085600 @actor=#<Organization id: 3, public_id: "tefy9r4751zw", name: "COSYLAND", slug: "cosyland", email_domain: nil, billing_email: "faiz@cosy.land", avatar_path: "o/tefy9r4751zw/a/3003be93-ed27-44af-ab1a-c0e0bfd18...", slack_channel_id: nil, invite_token: [FILTERED], creator_id: 15, onboarded_at: nil, created_at: "2025-01-20 21:39:20.891431000 +0000", updated_at: "2025-01-20 22:23:10.189602000 +0000", plan_name: "pro", member_count: 5, demo: false, creator_role: "software-engineer", creator_org_size: "2-5", trial_ends_at: "2025-02-03 21:39:20.837882000 +0000", creator_source: "colleague-friend", creator_why: "Building products together as a team">, @value="Organization;3">] ]
[1;38;5;2mapi-web           [0m |   [1m[36mFlipper feature(multi_org_apps) enabled? false (0.0ms)[0m  [ actors=[#<Flipper::Types::Actor:0x00007f3308083a30 @actor=#<Organization id: 3, public_id: "tefy9r4751zw", name: "COSYLAND", slug: "cosyland", email_domain: nil, billing_email: "faiz@cosy.land", avatar_path: "o/tefy9r4751zw/a/3003be93-ed27-44af-ab1a-c0e0bfd18...", slack_channel_id: nil, invite_token: [FILTERED], creator_id: 15, onboarded_at: nil, created_at: "2025-01-20 21:39:20.891431000 +0000", updated_at: "2025-01-20 22:23:10.189602000 +0000", plan_name: "pro", member_count: 5, demo: false, creator_role: "software-engineer", creator_org_size: "2-5", trial_ends_at: "2025-02-03 21:39:20.837882000 +0000", creator_source: "colleague-friend", creator_why: "Building products together as a team">, @value="Organization;3">] ]
[1;38;5;2mapi-web           [0m | Completed 200 OK in 53ms (Views: 0.1ms | ActiveRecord: 4.3ms (24 queries, 17 cached) | GC: 1.6ms)
[1;38;5;2mapi-web           [0m | 
[1;38;5;2mapi-web           [0m | 
[1;38;5;2mapi-web           [0m | Started GET "/v1/organization_memberships" for 87.75.141.139 at 2025-01-24 00:34:24 +0100
[1;38;5;2mapi-web           [0m | Cannot render console from 172.68.205.201! Allowed networks: 127.0.0.0/127.255.255.255, ::1
[1;38;5;2mapi-web           [0m | Processing by Api::V1::OrganizationMembershipsController#index as JSON
[1;38;5;2mapi-web           [0m |   Parameters: {"organization_membership"=>{}}
[1;38;5;2mapi-web           [0m |   [1m[36mUser Load (1.2ms)[0m  [1m[34mSELECT `users`.* FROM `users` WHERE `users`.`id` = 15 ORDER BY `users`.`id` ASC LIMIT 1 /*action='index',application='CampsiteApi',controller='organization_memberships'*/[0m
[1;38;5;2mapi-web           [0m |   ↳ app/controllers/concerns/current_attributable.rb:17:in `set_current_user'
[1;38;5;2mapi-web           [0m |   [1m[35mSQL (1.1ms)[0m  [1m[34mSELECT `organization_memberships`.`id` AS t0_r0, `organization_memberships`.`public_id` AS t0_r1, `organization_memberships`.`organization_id` AS t0_r2, `organization_memberships`.`user_id` AS t0_r3, `organization_memberships`.`created_at` AS t0_r4, `organization_memberships`.`updated_at` AS t0_r5, `organization_memberships`.`discarded_at` AS t0_r6, `organization_memberships`.`last_seen_at` AS t0_r7, `organization_memberships`.`role_name` AS t0_r8, `organization_memberships`.`latest_status_id` AS t0_r9, `organization_memberships`.`position` AS t0_r10, `organization_memberships`.`last_viewed_posts_at` AS t0_r11, `organization_memberships`.`home_last_seen_at` AS t0_r12, `organization_memberships`.`activity_last_seen_at` AS t0_r13, `organization_membership_statuses`.`id` AS t1_r0, `organization_membership_statuses`.`message` AS t1_r1, `organization_membership_statuses`.`emoji` AS t1_r2, `organization_membership_statuses`.`expires_at` AS t1_r3, `organization_membership_statuses`.`organization_membership_id` AS t1_r4, `organization_membership_statuses`.`created_at` AS t1_r5, `organization_membership_statuses`.`updated_at` AS t1_r6, `organization_membership_statuses`.`expiration_setting` AS t1_r7, `organization_membership_statuses`.`pause_notifications` AS t1_r8, `organization`.`id` AS t2_r0, `organization`.`public_id` AS t2_r1, `organization`.`name` AS t2_r2, `organization`.`slug` AS t2_r3, `organization`.`email_domain` AS t2_r4, `organization`.`billing_email` AS t2_r5, `organization`.`avatar_path` AS t2_r6, `organization`.`slack_channel_id` AS t2_r7, `organization`.`invite_token` AS t2_r8, `organization`.`creator_id` AS t2_r9, `organization`.`onboarded_at` AS t2_r10, `organization`.`created_at` AS t2_r11, `organization`.`updated_at` AS t2_r12, `organization`.`plan_name` AS t2_r13, `organization`.`member_count` AS t2_r14, `organization`.`demo` AS t2_r15, `organization`.`creator_role` AS t2_r16, `organization`.`creator_org_size` AS t2_r17, `organization`.`trial_ends_at` AS t2_r18, `organization`.`creator_source` AS t2_r19, `organization`.`creator_why` AS t2_r20, `organization_settings`.`id` AS t3_r0, `organization_settings`.`key` AS t3_r1, `organization_settings`.`value` AS t3_r2, `organization_settings`.`organization_id` AS t3_r3, `organization_settings`.`created_at` AS t3_r4, `organization_settings`.`updated_at` AS t3_r5 FROM `organization_memberships` INNER JOIN `organizations` `organization` ON `organization`.`id` = `organization_memberships`.`organization_id` LEFT OUTER JOIN `organization_settings` ON `organization_settings`.`key` = 'enforce_two_factor_authentication' AND `organization_settings`.`organization_id` = `organization`.`id` LEFT OUTER JOIN `organization_membership_statuses` ON `organization_membership_statuses`.`id` = `organization_memberships`.`latest_status_id` WHERE `organization_memberships`.`user_id` = 15 AND `organization_memberships`.`discarded_at` IS NULL AND `organization`.`slug` IS NULL LIMIT 1 /*action='index',application='CampsiteApi',controller='organization_memberships'*/[0m
[1;38;5;2mapi-web           [0m |   ↳ app/controllers/api/v1/base_controller.rb:110:in `current_organization_membership'
[1;38;5;2mapi-web           [0m |   [1m[35mCACHE SQL (0.4ms)[0m  [1m[34mSELECT `organization_memberships`.`id` AS t0_r0, `organization_memberships`.`public_id` AS t0_r1, `organization_memberships`.`organization_id` AS t0_r2, `organization_memberships`.`user_id` AS t0_r3, `organization_memberships`.`created_at` AS t0_r4, `organization_memberships`.`updated_at` AS t0_r5, `organization_memberships`.`discarded_at` AS t0_r6, `organization_memberships`.`last_seen_at` AS t0_r7, `organization_memberships`.`role_name` AS t0_r8, `organization_memberships`.`latest_status_id` AS t0_r9, `organization_memberships`.`position` AS t0_r10, `organization_memberships`.`last_viewed_posts_at` AS t0_r11, `organization_memberships`.`home_last_seen_at` AS t0_r12, `organization_memberships`.`activity_last_seen_at` AS t0_r13, `organization_membership_statuses`.`id` AS t1_r0, `organization_membership_statuses`.`message` AS t1_r1, `organization_membership_statuses`.`emoji` AS t1_r2, `organization_membership_statuses`.`expires_at` AS t1_r3, `organization_membership_statuses`.`organization_membership_id` AS t1_r4, `organization_membership_statuses`.`created_at` AS t1_r5, `organization_membership_statuses`.`updated_at` AS t1_r6, `organization_membership_statuses`.`expiration_setting` AS t1_r7, `organization_membership_statuses`.`pause_notifications` AS t1_r8, `organization`.`id` AS t2_r0, `organization`.`public_id` AS t2_r1, `organization`.`name` AS t2_r2, `organization`.`slug` AS t2_r3, `organization`.`email_domain` AS t2_r4, `organization`.`billing_email` AS t2_r5, `organization`.`avatar_path` AS t2_r6, `organization`.`slack_channel_id` AS t2_r7, `organization`.`invite_token` AS t2_r8, `organization`.`creator_id` AS t2_r9, `organization`.`onboarded_at` AS t2_r10, `organization`.`created_at` AS t2_r11, `organization`.`updated_at` AS t2_r12, `organization`.`plan_name` AS t2_r13, `organization`.`member_count` AS t2_r14, `organization`.`demo` AS t2_r15, `organization`.`creator_role` AS t2_r16, `organization`.`creator_org_size` AS t2_r17, `organization`.`trial_ends_at` AS t2_r18, `organization`.`creator_source` AS t2_r19, `organization`.`creator_why` AS t2_r20, `organization_settings`.`id` AS t3_r0, `organization_settings`.`key` AS t3_r1, `organization_settings`.`value` AS t3_r2, `organization_settings`.`organization_id` AS t3_r3, `organization_settings`.`created_at` AS t3_r4, `organization_settings`.`updated_at` AS t3_r5 FROM `organization_memberships` INNER JOIN `organizations` `organization` ON `organization`.`id` = `organization_memberships`.`organization_id` LEFT OUTER JOIN `organization_settings` ON `organization_settings`.`key` = 'enforce_two_factor_authentication' AND `organization_settings`.`organization_id` = `organization`.`id` LEFT OUTER JOIN `organization_membership_statuses` ON `organization_membership_statuses`.`id` = `organization_memberships`.`latest_status_id` WHERE `organization_memberships`.`user_id` = 15 AND `organization_memberships`.`discarded_at` IS NULL AND `organization`.`slug` IS NULL LIMIT 1[0m
[1;38;5;2mapi-web           [0m |   ↳ app/controllers/api/v1/base_controller.rb:110:in `current_organization_membership'
[1;38;5;2mapi-web           [0m |   [1m[35mSQL (1.6ms)[0m  [1m[34mSELECT `organization_memberships`.`id` AS t0_r0, `organization_memberships`.`public_id` AS t0_r1, `organization_memberships`.`organization_id` AS t0_r2, `organization_memberships`.`user_id` AS t0_r3, `organization_memberships`.`created_at` AS t0_r4, `organization_memberships`.`updated_at` AS t0_r5, `organization_memberships`.`discarded_at` AS t0_r6, `organization_memberships`.`last_seen_at` AS t0_r7, `organization_memberships`.`role_name` AS t0_r8, `organization_memberships`.`latest_status_id` AS t0_r9, `organization_memberships`.`position` AS t0_r10, `organization_memberships`.`last_viewed_posts_at` AS t0_r11, `organization_memberships`.`home_last_seen_at` AS t0_r12, `organization_memberships`.`activity_last_seen_at` AS t0_r13, `organizations`.`id` AS t1_r0, `organizations`.`public_id` AS t1_r1, `organizations`.`name` AS t1_r2, `organizations`.`slug` AS t1_r3, `organizations`.`email_domain` AS t1_r4, `organizations`.`billing_email` AS t1_r5, `organizations`.`avatar_path` AS t1_r6, `organizations`.`slack_channel_id` AS t1_r7, `organizations`.`invite_token` AS t1_r8, `organizations`.`creator_id` AS t1_r9, `organizations`.`onboarded_at` AS t1_r10, `organizations`.`created_at` AS t1_r11, `organizations`.`updated_at` AS t1_r12, `organizations`.`plan_name` AS t1_r13, `organizations`.`member_count` AS t1_r14, `organizations`.`demo` AS t1_r15, `organizations`.`creator_role` AS t1_r16, `organizations`.`creator_org_size` AS t1_r17, `organizations`.`trial_ends_at` AS t1_r18, `organizations`.`creator_source` AS t1_r19, `organizations`.`creator_why` AS t1_r20, `users`.`id` AS t2_r0, `users`.`username` AS t2_r1, `users`.`name` AS t2_r2, `users`.`public_id` AS t2_r3, `users`.`avatar_path` AS t2_r4, `users`.`email` AS t2_r5, `users`.`encrypted_password` AS t2_r6, `users`.`reset_password_token` AS t2_r7, `users`.`reset_password_sent_at` AS t2_r8, `users`.`remember_created_at` AS t2_r9, `users`.`confirmation_token` AS t2_r10, `users`.`confirmed_at` AS t2_r11, `users`.`confirmation_sent_at` AS t2_r12, `users`.`unconfirmed_email` AS t2_r13, `users`.`omniauth_provider` AS t2_r14, `users`.`omniauth_uid` AS t2_r15, `users`.`onboarded_at` AS t2_r16, `users`.`created_at` AS t2_r17, `users`.`updated_at` AS t2_r18, `users`.`cover_photo_path` AS t2_r19, `users`.`login_token` AS t2_r20, `users`.`login_token_expires_at` AS t2_r21, `users`.`consumed_timestep` AS t2_r22, `users`.`otp_backup_codes` AS t2_r23, `users`.`otp_enabled` AS t2_r24, `users`.`otp_secret` AS t2_r25, `users`.`last_seen_at` AS t2_r26, `users`.`login_token_sso_id` AS t2_r27, `users`.`scheduled_email_notifications_from` AS t2_r28, `users`.`demo` AS t2_r29, `users`.`staff` AS t2_r30, `users`.`referrer` AS t2_r31, `users`.`landing_url` AS t2_r32, `users`.`notification_pause_expires_at` AS t2_r33, `users`.`preferred_timezone` AS t2_r34, `users`.`notifications_paused_at` AS t2_r35 FROM `organization_memberships` LEFT OUTER JOIN `organizations` ON `organizations`.`id` = `organization_memberships`.`organization_id` LEFT OUTER JOIN `organization_memberships` `admin_memberships_organizations_join` ON `admin_memberships_organizations_join`.`role_name` = 'admin' AND `admin_memberships_organizations_join`.`discarded_at` IS NULL AND `admin_memberships_organizations_join`.`organization_id` = `organizations`.`id` LEFT OUTER JOIN `users` ON `users`.`id` = `admin_memberships_organizations_join`.`user_id` WHERE `organization_memberships`.`user_id` = 15 AND `organization_memberships`.`discarded_at` IS NULL ORDER BY `organization_memberships`.`position` ASC, `organization_memberships`.`id` ASC /*action='index',application='CampsiteApi',controller='organization_memberships'*/[0m
[1;38;5;2mapi-web           [0m |   ↳ app/serializers/api_serializer.rb:111:in `flatten'
[1;38;5;2mapi-web           [0m | Completed 200 OK in 20ms (Views: 0.1ms | ActiveRecord: 2.1ms (4 queries, 1 cached) | GC: 0.0ms)
[1;38;5;2mapi-web           [0m | 
[1;38;5;2mapi-web           [0m | 
[1;38;5;108melasticsearch     [0m | {"@timestamp":"2025-01-23T23:34:24.922Z", "log.level": "WARN", "message":"high disk watermark [90%] exceeded on [q9JpbKKQQg6w7ZAKBulXTA][67d147b441d2][/usr/share/elasticsearch/data] free: 12.5gb[8.3%], shards will be relocated away from this node; currently relocating away shards totalling [0] bytes; the node is expected to continue to exceed the high disk watermark when these relocations are complete", "ecs.version": "1.2.0","service.name":"ES_ECS","event.dataset":"elasticsearch.server","process.thread.name":"elasticsearch[67d147b441d2][generic][T#3]","log.logger":"org.elasticsearch.cluster.routing.allocation.DiskThresholdMonitor","elasticsearch.cluster.uuid":"5HL36qrJRoS0RUPn0vQMKw","elasticsearch.node.id":"q9JpbKKQQg6w7ZAKBulXTA","elasticsearch.node.name":"67d147b441d2","elasticsearch.cluster.name":"docker-cluster"}
[1;38;5;2mapi-web           [0m | Started GET "/v1/organizations/cosyland/sync/projects" for 87.75.141.139 at 2025-01-24 00:34:25 +0100
[1;38;5;2mapi-web           [0m | Started GET "/v1/users/me/notifications/unread/all_count" for 87.75.141.139 at 2025-01-24 00:34:25 +0100
[1;38;5;2mapi-web           [0m | Cannot render console from 172.68.205.200! Allowed networks: 127.0.0.0/127.255.255.255, ::1
[1;38;5;2mapi-web           [0m | Cannot render console from 172.68.205.201! Allowed networks: 127.0.0.0/127.255.255.255, ::1
[1;38;5;42mweb               [0m |  [31m[1m⨯[22m[39m Error: [@octokit/auth-app] appId option is required
[1;38;5;42mweb               [0m |     at createAppAuth (file:///home/faiz/campsite/campsite/node_modules/[4m.pnpm[24m/@octokit+auth-app@7.1.0/node_modules/[4m@octokit[24m/auth-app/dist-node/index.js:393:11)
[1;38;5;42mweb               [0m |     at new Octokit (file:///home/faiz/campsite/campsite/node_modules/[4m.pnpm[24m/@octokit+core@6.1.2/node_modules/[4m@octokit[24m/core/dist-src/index.js:100:20)
[1;38;5;42mweb               [0m |     at [90m/home/faiz/campsite/campsite/apps/web/[39m.next/server/pages/api/latest-release.js:1:1052
[1;38;5;2mapi-web           [0m | Started GET "/v1/organizations/cosyland/members/me/personal_draft_posts?order%5Bby%5D=last_activity_at&order%5Bdirection%5D=desc&limit=20" for 87.75.141.139 at 2025-01-24 00:34:25 +0100
[1;38;5;2mapi-web           [0m | Cannot render console from 172.68.205.201! Allowed networks: 127.0.0.0/127.255.255.255, ::1
[1;38;5;2mapi-web           [0m | Started GET "/v1/organizations/cosyland/project_memberships" for 87.75.141.139 at 2025-01-24 00:34:25 +0100
[1;38;5;2mapi-web           [0m | Cannot render console from 172.68.205.201! Allowed networks: 127.0.0.0/127.255.255.255, ::1
[1;38;5;2mapi-web           [0m | Started GET "/v1/organizations/cosyland/features" for 87.75.141.139 at 2025-01-24 00:34:25 +0100
[1;38;5;2mapi-web           [0m | Cannot render console from 172.68.205.200! Allowed networks: 127.0.0.0/127.255.255.255, ::1
[1;38;5;2mapi-web           [0m | Started GET "/v1/organizations/cosyland/members/me/for_me_posts?order%5Bby%5D=last_activity_at&order%5Bdirection%5D=desc&q=&limit=20&hide_resolved=false" for 87.75.141.139 at 2025-01-24 00:34:25 +0100
[1;38;5;2mapi-web           [0m | Cannot render console from 172.68.205.201! Allowed networks: 127.0.0.0/127.255.255.255, ::1
[1;38;5;2mapi-web           [0m | Started GET "/v1/organizations/cosyland/members/faiz" for 87.75.141.139 at 2025-01-24 00:34:25 +0100
[1;38;5;2mapi-web           [0m | Cannot render console from 172.68.205.201! Allowed networks: 127.0.0.0/127.255.255.255, ::1
[1;38;5;2mapi-web           [0m | Started GET "/v1/organizations/cosyland/sync/members" for 87.75.141.139 at 2025-01-24 00:34:25 +0100
[1;38;5;2mapi-web           [0m | Cannot render console from 172.68.205.201! Allowed networks: 127.0.0.0/127.255.255.255, ::1
[1;38;5;2mapi-web           [0m | Started GET "/v1/organizations/cosyland/members?q=&limit=50&order%5Bby%5D=last_seen_at&order%5Bdirection%5D=desc" for 87.75.141.139 at 2025-01-24 00:34:25 +0100
[1;38;5;2mapi-web           [0m | Cannot render console from 172.68.205.201! Allowed networks: 127.0.0.0/127.255.255.255, ::1
[1;38;5;2mapi-web           [0m | Started GET "/v1/organizations/cosyland/threads" for 87.75.141.139 at 2025-01-24 00:34:25 +0100
[1;38;5;2mapi-web           [0m | Cannot render console from 172.68.205.201! Allowed networks: 127.0.0.0/127.255.255.255, ::1
[1;38;5;2mapi-web           [0m | Processing by Api::V1::Users::Notifications::Unread::CountsController#show as JSON
[1;38;5;2mapi-web           [0m |   Parameters: {"count"=>{}}
[1;38;5;2mapi-web           [0m |   [1m[36mUser Load (1.2ms)[0m  [1m[34mSELECT `users`.* FROM `users` WHERE `users`.`id` = 15 ORDER BY `users`.`id` ASC LIMIT 1 /*action='show',application='CampsiteApi',controller='counts'*/[0m
[1;38;5;2mapi-web           [0m | Processing by Api::V1::Sync::ProjectsController#index as JSON
[1;38;5;2mapi-web           [0m |   Parameters: {"org_slug"=>"cosyland", "project"=>{}}
[1;38;5;2mapi-web           [0m |   ↳ app/controllers/concerns/current_attributable.rb:17:in `set_current_user'
[1;38;5;2mapi-web           [0m |   [1m[36mUser Load (1.0ms)[0m  [1m[34mSELECT `users`.* FROM `users` WHERE `users`.`id` = 15 ORDER BY `users`.`id` ASC LIMIT 1 /*action='index',application='CampsiteApi',controller='projects'*/[0m
[1;38;5;2mapi-web           [0m |   ↳ app/controllers/concerns/current_attributable.rb:17:in `set_current_user'
[1;38;5;2mapi-web           [0m | Processing by Api::V1::OrganizationMembersController#show as JSON
[1;38;5;2mapi-web           [0m | Processing by Api::V1::OrganizationMemberships::PersonalDraftPostsController#index as JSON
[1;38;5;2mapi-web           [0m |   Parameters: {"org_slug"=>"cosyland", "username"=>"faiz", "organization_member"=>{}}
[1;38;5;2mapi-web           [0m |   Parameters: {"order"=>{"by"=>"last_activity_at", "direction"=>"desc"}, "limit"=>"20", "org_slug"=>"cosyland", "personal_draft_post"=>{}}
[1;38;5;2mapi-web           [0m |   [1m[35mSQL (4.6ms)[0m  [1m[34mSELECT `organization_memberships`.`id` AS t0_r0, `organization_memberships`.`public_id` AS t0_r1, `organization_memberships`.`organization_id` AS t0_r2, `organization_memberships`.`user_id` AS t0_r3, `organization_memberships`.`created_at` AS t0_r4, `organization_memberships`.`updated_at` AS t0_r5, `organization_memberships`.`discarded_at` AS t0_r6, `organization_memberships`.`last_seen_at` AS t0_r7, `organization_memberships`.`role_name` AS t0_r8, `organization_memberships`.`latest_status_id` AS t0_r9, `organization_memberships`.`position` AS t0_r10, `organization_memberships`.`last_viewed_posts_at` AS t0_r11, `organization_memberships`.`home_last_seen_at` AS t0_r12, `organization_memberships`.`activity_last_seen_at` AS t0_r13, `organization_membership_statuses`.`id` AS t1_r0, `organization_membership_statuses`.`message` AS t1_r1, `organization_membership_statuses`.`emoji` AS t1_r2, `organization_membership_statuses`.`expires_at` AS t1_r3, `organization_membership_statuses`.`organization_membership_id` AS t1_r4, `organization_membership_statuses`.`created_at` AS t1_r5, `organization_membership_statuses`.`updated_at` AS t1_r6, `organization_membership_statuses`.`expiration_setting` AS t1_r7, `organization_membership_statuses`.`pause_notifications` AS t1_r8, `organization`.`id` AS t2_r0, `organization`.`public_id` AS t2_r1, `organization`.`name` AS t2_r2, `organization`.`slug` AS t2_r3, `organization`.`email_domain` AS t2_r4, `organization`.`billing_email` AS t2_r5, `organization`.`avatar_path` AS t2_r6, `organization`.`slack_channel_id` AS t2_r7, `organization`.`invite_token` AS t2_r8, `organization`.`creator_id` AS t2_r9, `organization`.`onboarded_at` AS t2_r10, `organization`.`created_at` AS t2_r11, `organization`.`updated_at` AS t2_r12, `organization`.`plan_name` AS t2_r13, `organization`.`member_count` AS t2_r14, `organization`.`demo` AS t2_r15, `organization`.`creator_role` AS t2_r16, `organization`.`creator_org_size` AS t2_r17, `organization`.`trial_ends_at` AS t2_r18, `organization`.`creator_source` AS t2_r19, `organization`.`creator_why` AS t2_r20, `organization_settings`.`id` AS t3_r0, `organization_settings`.`key` AS t3_r1, `organization_settings`.`value` AS t3_r2, `organization_settings`.`organization_id` AS t3_r3, `organization_settings`.`created_at` AS t3_r4, `organization_settings`.`updated_at` AS t3_r5 FROM `organization_memberships` INNER JOIN `organizations` `organization` ON `organization`.`id` = `organization_memberships`.`organization_id` LEFT OUTER JOIN `organization_settings` ON `organization_settings`.`key` = 'enforce_two_factor_authentication' AND `organization_settings`.`organization_id` = `organization`.`id` LEFT OUTER JOIN `organization_membership_statuses` ON `organization_membership_statuses`.`id` = `organization_memberships`.`latest_status_id` WHERE `organization_memberships`.`user_id` = 15 AND `organization_memberships`.`discarded_at` IS NULL AND `organization`.`slug` IS NULL LIMIT 1 /*action='show',application='CampsiteApi',controller='counts'*/[0m
[1;38;5;2mapi-web           [0m |   [1m[35mSQL (2.7ms)[0m  [1m[34mSELECT `organization_memberships`.`id` AS t0_r0, `organization_memberships`.`public_id` AS t0_r1, `organization_memberships`.`organization_id` AS t0_r2, `organization_memberships`.`user_id` AS t0_r3, `organization_memberships`.`created_at` AS t0_r4, `organization_memberships`.`updated_at` AS t0_r5, `organization_memberships`.`discarded_at` AS t0_r6, `organization_memberships`.`last_seen_at` AS t0_r7, `organization_memberships`.`role_name` AS t0_r8, `organization_memberships`.`latest_status_id` AS t0_r9, `organization_memberships`.`position` AS t0_r10, `organization_memberships`.`last_viewed_posts_at` AS t0_r11, `organization_memberships`.`home_last_seen_at` AS t0_r12, `organization_memberships`.`activity_last_seen_at` AS t0_r13, `organization_membership_statuses`.`id` AS t1_r0, `organization_membership_statuses`.`message` AS t1_r1, `organization_membership_statuses`.`emoji` AS t1_r2, `organization_membership_statuses`.`expires_at` AS t1_r3, `organization_membership_statuses`.`organization_membership_id` AS t1_r4, `organization_membership_statuses`.`created_at` AS t1_r5, `organization_membership_statuses`.`updated_at` AS t1_r6, `organization_membership_statuses`.`expiration_setting` AS t1_r7, `organization_membership_statuses`.`pause_notifications` AS t1_r8, `organization`.`id` AS t2_r0, `organization`.`public_id` AS t2_r1, `organization`.`name` AS t2_r2, `organization`.`slug` AS t2_r3, `organization`.`email_domain` AS t2_r4, `organization`.`billing_email` AS t2_r5, `organization`.`avatar_path` AS t2_r6, `organization`.`slack_channel_id` AS t2_r7, `organization`.`invite_token` AS t2_r8, `organization`.`creator_id` AS t2_r9, `organization`.`onboarded_at` AS t2_r10, `organization`.`created_at` AS t2_r11, `organization`.`updated_at` AS t2_r12, `organization`.`plan_name` AS t2_r13, `organization`.`member_count` AS t2_r14, `organization`.`demo` AS t2_r15, `organization`.`creator_role` AS t2_r16, `organization`.`creator_org_size` AS t2_r17, `organization`.`trial_ends_at` AS t2_r18, `organization`.`creator_source` AS t2_r19, `organization`.`creator_why` AS t2_r20, `organization_settings`.`id` AS t3_r0, `organization_settings`.`key` AS t3_r1, `organization_settings`.`value` AS t3_r2, `organization_settings`.`organization_id` AS t3_r3, `organization_settings`.`created_at` AS t3_r4, `organization_settings`.`updated_at` AS t3_r5 FROM `organization_memberships` INNER JOIN `organizations` `organization` ON `organization`.`id` = `organization_memberships`.`organization_id` LEFT OUTER JOIN `organization_settings` ON `organization_settings`.`key` = 'enforce_two_factor_authentication' AND `organization_settings`.`organization_id` = `organization`.`id` LEFT OUTER JOIN `organization_membership_statuses` ON `organization_membership_statuses`.`id` = `organization_memberships`.`latest_status_id` WHERE `organization_memberships`.`user_id` = 15 AND `organization_memberships`.`discarded_at` IS NULL AND `organization`.`slug` = 'cosyland' LIMIT 1 /*action='index',application='CampsiteApi',controller='projects'*/[0m
[1;38;5;2mapi-web           [0m |   ↳ app/controllers/api/v1/base_controller.rb:110:in `current_organization_membership'
[1;38;5;2mapi-web           [0m |   [1m[36mUser Load (3.0ms)[0m  [1m[34mSELECT `users`.* FROM `users` WHERE `users`.`id` = 15 ORDER BY `users`.`id` ASC LIMIT 1 /*action='show',application='CampsiteApi',controller='organization_members'*/[0m
[1;38;5;2mapi-web           [0m |   ↳ app/controllers/api/v1/base_controller.rb:110:in `current_organization_membership'
[1;38;5;2mapi-web           [0m |   ↳ app/controllers/concerns/current_attributable.rb:17:in `set_current_user'
[1;38;5;2mapi-web           [0m |   [1m[36mUser Load (3.0ms)[0m  [1m[34mSELECT `users`.* FROM `users` WHERE `users`.`id` = 15 ORDER BY `users`.`id` ASC LIMIT 1 /*action='index',application='CampsiteApi',controller='personal_draft_posts'*/[0m
[1;38;5;2mapi-web           [0m |   [1m[35mCACHE SQL (0.5ms)[0m  [1m[34mSELECT `organization_memberships`.`id` AS t0_r0, `organization_memberships`.`public_id` AS t0_r1, `organization_memberships`.`organization_id` AS t0_r2, `organization_memberships`.`user_id` AS t0_r3, `organization_memberships`.`created_at` AS t0_r4, `organization_memberships`.`updated_at` AS t0_r5, `organization_memberships`.`discarded_at` AS t0_r6, `organization_memberships`.`last_seen_at` AS t0_r7, `organization_memberships`.`role_name` AS t0_r8, `organization_memberships`.`latest_status_id` AS t0_r9, `organization_memberships`.`position` AS t0_r10, `organization_memberships`.`last_viewed_posts_at` AS t0_r11, `organization_memberships`.`home_last_seen_at` AS t0_r12, `organization_memberships`.`activity_last_seen_at` AS t0_r13, `organization_membership_statuses`.`id` AS t1_r0, `organization_membership_statuses`.`message` AS t1_r1, `organization_membership_statuses`.`emoji` AS t1_r2, `organization_membership_statuses`.`expires_at` AS t1_r3, `organization_membership_statuses`.`organization_membership_id` AS t1_r4, `organization_membership_statuses`.`created_at` AS t1_r5, `organization_membership_statuses`.`updated_at` AS t1_r6, `organization_membership_statuses`.`expiration_setting` AS t1_r7, `organization_membership_statuses`.`pause_notifications` AS t1_r8, `organization`.`id` AS t2_r0, `organization`.`public_id` AS t2_r1, `organization`.`name` AS t2_r2, `organization`.`slug` AS t2_r3, `organization`.`email_domain` AS t2_r4, `organization`.`billing_email` AS t2_r5, `organization`.`avatar_path` AS t2_r6, `organization`.`slack_channel_id` AS t2_r7, `organization`.`invite_token` AS t2_r8, `organization`.`creator_id` AS t2_r9, `organization`.`onboarded_at` AS t2_r10, `organization`.`created_at` AS t2_r11, `organization`.`updated_at` AS t2_r12, `organization`.`plan_name` AS t2_r13, `organization`.`member_count` AS t2_r14, `organization`.`demo` AS t2_r15, `organization`.`creator_role` AS t2_r16, `organization`.`creator_org_size` AS t2_r17, `organization`.`trial_ends_at` AS t2_r18, `organization`.`creator_source` AS t2_r19, `organization`.`creator_why` AS t2_r20, `organization_settings`.`id` AS t3_r0, `organization_settings`.`key` AS t3_r1, `organization_settings`.`value` AS t3_r2, `organization_settings`.`organization_id` AS t3_r3, `organization_settings`.`created_at` AS t3_r4, `organization_settings`.`updated_at` AS t3_r5 FROM `organization_memberships` INNER JOIN `organizations` `organization` ON `organization`.`id` = `organization_memberships`.`organization_id` LEFT OUTER JOIN `organization_settings` ON `organization_settings`.`key` = 'enforce_two_factor_authentication' AND `organization_settings`.`organization_id` = `organization`.`id` LEFT OUTER JOIN `organization_membership_statuses` ON `organization_membership_statuses`.`id` = `organization_memberships`.`latest_status_id` WHERE `organization_memberships`.`user_id` = 15 AND `organization_memberships`.`discarded_at` IS NULL AND `organization`.`slug` IS NULL LIMIT 1[0m
[1;38;5;2mapi-web           [0m |   ↳ app/controllers/concerns/current_attributable.rb:17:in `set_current_user'
[1;38;5;2mapi-web           [0m |   ↳ app/controllers/api/v1/base_controller.rb:110:in `current_organization_membership'
[1;38;5;2mapi-web           [0m | Processing by Api::V1::Sync::MembersController#index as JSON
[1;38;5;2mapi-web           [0m |   Parameters: {"org_slug"=>"cosyland", "member"=>{}}
[1;38;5;2mapi-web           [0m |   [1m[36mUser Exists? (9.5ms)[0m  [1m[34mSELECT 1 AS one FROM `users` INNER JOIN `organization_memberships` ON `users`.`id` = `organization_memberships`.`user_id` WHERE `organization_memberships`.`organization_id` = 3 AND `organization_memberships`.`discarded_at` IS NULL AND `users`.`id` = 15 LIMIT 1 /*action='index',application='CampsiteApi',controller='projects'*/[0m
[1;38;5;2mapi-web           [0m |   [1m[35mSQL (4.1ms)[0m  [1m[34mSELECT `organization_memberships`.`id` AS t0_r0, `organization_memberships`.`public_id` AS t0_r1, `organization_memberships`.`organization_id` AS t0_r2, `organization_memberships`.`user_id` AS t0_r3, `organization_memberships`.`created_at` AS t0_r4, `organization_memberships`.`updated_at` AS t0_r5, `organization_memberships`.`discarded_at` AS t0_r6, `organization_memberships`.`last_seen_at` AS t0_r7, `organization_memberships`.`role_name` AS t0_r8, `organization_memberships`.`latest_status_id` AS t0_r9, `organization_memberships`.`position` AS t0_r10, `organization_memberships`.`last_viewed_posts_at` AS t0_r11, `organization_memberships`.`home_last_seen_at` AS t0_r12, `organization_memberships`.`activity_last_seen_at` AS t0_r13, `organization_membership_statuses`.`id` AS t1_r0, `organization_membership_statuses`.`message` AS t1_r1, `organization_membership_statuses`.`emoji` AS t1_r2, `organization_membership_statuses`.`expires_at` AS t1_r3, `organization_membership_statuses`.`organization_membership_id` AS t1_r4, `organization_membership_statuses`.`created_at` AS t1_r5, `organization_membership_statuses`.`updated_at` AS t1_r6, `organization_membership_statuses`.`expiration_setting` AS t1_r7, `organization_membership_statuses`.`pause_notifications` AS t1_r8, `organization`.`id` AS t2_r0, `organization`.`public_id` AS t2_r1, `organization`.`name` AS t2_r2, `organization`.`slug` AS t2_r3, `organization`.`email_domain` AS t2_r4, `organization`.`billing_email` AS t2_r5, `organization`.`avatar_path` AS t2_r6, `organization`.`slack_channel_id` AS t2_r7, `organization`.`invite_token` AS t2_r8, `organization`.`creator_id` AS t2_r9, `organization`.`onboarded_at` AS t2_r10, `organization`.`created_at` AS t2_r11, `organization`.`updated_at` AS t2_r12, `organization`.`plan_name` AS t2_r13, `organization`.`member_count` AS t2_r14, `organization`.`demo` AS t2_r15, `organization`.`creator_role` AS t2_r16, `organization`.`creator_org_size` AS t2_r17, `organization`.`trial_ends_at` AS t2_r18, `organization`.`creator_source` AS t2_r19, `organization`.`creator_why` AS t2_r20, `organization_settings`.`id` AS t3_r0, `organization_settings`.`key` AS t3_r1, `organization_settings`.`value` AS t3_r2, `organization_settings`.`organization_id` AS t3_r3, `organization_settings`.`created_at` AS t3_r4, `organization_settings`.`updated_at` AS t3_r5 FROM `organization_memberships` INNER JOIN `organizations` `organization` ON `organization`.`id` = `organization_memberships`.`organization_id` LEFT OUTER JOIN `organization_settings` ON `organization_settings`.`key` = 'enforce_two_factor_authentication' AND `organization_settings`.`organization_id` = `organization`.`id` LEFT OUTER JOIN `organization_membership_statuses` ON `organization_membership_statuses`.`id` = `organization_memberships`.`latest_status_id` WHERE `organization_memberships`.`user_id` = 15 AND `organization_memberships`.`discarded_at` IS NULL AND `organization`.`slug` = 'cosyland' LIMIT 1 /*action='show',application='CampsiteApi',controller='organization_members'*/[0m
[1;38;5;2mapi-web           [0m |   ↳ app/policies/organization_policy.rb:200:in `org_member?'
[1;38;5;2mapi-web           [0m |   [1m[36mUser Load (1.6ms)[0m  [1m[34mSELECT `users`.* FROM `users` WHERE `users`.`id` = 15 ORDER BY `users`.`id` ASC LIMIT 1 /*action='index',application='CampsiteApi',controller='members'*/[0m
[1;38;5;2mapi-web           [0m |   ↳ app/controllers/api/v1/base_controller.rb:110:in `current_organization_membership'
[1;38;5;2mapi-web           [0m |   ↳ app/controllers/concerns/current_attributable.rb:17:in `set_current_user'
[1;38;5;2mapi-web           [0m |   [1m[35mSQL (10.1ms)[0m  [1m[34mSELECT `organization_memberships`.`id` AS t0_r0, `organization_memberships`.`public_id` AS t0_r1, `organization_memberships`.`organization_id` AS t0_r2, `organization_memberships`.`user_id` AS t0_r3, `organization_memberships`.`created_at` AS t0_r4, `organization_memberships`.`updated_at` AS t0_r5, `organization_memberships`.`discarded_at` AS t0_r6, `organization_memberships`.`last_seen_at` AS t0_r7, `organization_memberships`.`role_name` AS t0_r8, `organization_memberships`.`latest_status_id` AS t0_r9, `organization_memberships`.`position` AS t0_r10, `organization_memberships`.`last_viewed_posts_at` AS t0_r11, `organization_memberships`.`home_last_seen_at` AS t0_r12, `organization_memberships`.`activity_last_seen_at` AS t0_r13, `organization_membership_statuses`.`id` AS t1_r0, `organization_membership_statuses`.`message` AS t1_r1, `organization_membership_statuses`.`emoji` AS t1_r2, `organization_membership_statuses`.`expires_at` AS t1_r3, `organization_membership_statuses`.`organization_membership_id` AS t1_r4, `organization_membership_statuses`.`created_at` AS t1_r5, `organization_membership_statuses`.`updated_at` AS t1_r6, `organization_membership_statuses`.`expiration_setting` AS t1_r7, `organization_membership_statuses`.`pause_notifications` AS t1_r8, `organization`.`id` AS t2_r0, `organization`.`public_id` AS t2_r1, `organization`.`name` AS t2_r2, `organization`.`slug` AS t2_r3, `organization`.`email_domain` AS t2_r4, `organization`.`billing_email` AS t2_r5, `organization`.`avatar_path` AS t2_r6, `organization`.`slack_channel_id` AS t2_r7, `organization`.`invite_token` AS t2_r8, `organization`.`creator_id` AS t2_r9, `organization`.`onboarded_at` AS t2_r10, `organization`.`created_at` AS t2_r11, `organization`.`updated_at` AS t2_r12, `organization`.`plan_name` AS t2_r13, `organization`.`member_count` AS t2_r14, `organization`.`demo` AS t2_r15, `organization`.`creator_role` AS t2_r16, `organization`.`creator_org_size` AS t2_r17, `organization`.`trial_ends_at` AS t2_r18, `organization`.`creator_source` AS t2_r19, `organization`.`creator_why` AS t2_r20, `organization_settings`.`id` AS t3_r0, `organization_settings`.`key` AS t3_r1, `organization_settings`.`value` AS t3_r2, `organization_settings`.`organization_id` AS t3_r3, `organization_settings`.`created_at` AS t3_r4, `organization_settings`.`updated_at` AS t3_r5 FROM `organization_memberships` INNER JOIN `organizations` `organization` ON `organization`.`id` = `organization_memberships`.`organization_id` LEFT OUTER JOIN `organization_settings` ON `organization_settings`.`key` = 'enforce_two_factor_authentication' AND `organization_settings`.`organization_id` = `organization`.`id` LEFT OUTER JOIN `organization_membership_statuses` ON `organization_membership_statuses`.`id` = `organization_memberships`.`latest_status_id` WHERE `organization_memberships`.`user_id` = 15 AND `organization_memberships`.`discarded_at` IS NULL AND `organization`.`slug` = 'cosyland' LIMIT 1 /*action='index',application='CampsiteApi',controller='personal_draft_posts'*/[0m
[1;38;5;2mapi-web           [0m | Processing by Api::V1::ProjectMembershipsController#index as JSON
[1;38;5;2mapi-web           [0m |   [1m[36mASYNC Notification Count (4.2ms) (db time 10.5ms)[0m  [1m[34mSELECT COUNT(*) AS `count_all`, `organizations`.`slug` AS `organizations_slug` FROM `notifications` INNER JOIN `organization_memberships` ON `notifications`.`organization_membership_id` = `organization_memberships`.`id` INNER JOIN `organization_memberships` `organization_memberships_notifications_join` ON `organization_memberships_notifications_join`.`id` = `notifications`.`organization_membership_id` INNER JOIN `organizations` ON `organizations`.`id` = `organization_memberships_notifications_join`.`organization_id` WHERE `organization_memberships`.`user_id` = 15 AND `organization_memberships`.`discarded_at` IS NULL AND `notifications`.`discarded_at` IS NULL AND `notifications`.`archived_at` IS NULL AND `notifications`.`read_at` IS NULL AND (NOT EXISTS ( SELECT target_id, target_type, target_scope, organization_membership_id, created_at FROM notifications AS other_notifications WHERE other_notifications.discarded_at IS NULL AND notifications.created_at < other_notifications.created_at AND notifications.target_id = other_notifications.target_id AND notifications.target_type = other_notifications.target_type AND notifications.target_scope <=> other_notifications.target_scope AND notifications.organization_membership_id = other_notifications.organization_membership_id )) GROUP BY `organizations`.`slug` /*application='CampsiteApi'*/[0m
[1;38;5;2mapi-web           [0m |   ↳ app/controllers/api/v1/base_controller.rb:110:in `current_organization_membership'
[1;38;5;2mapi-web           [0m |   Parameters: {"org_slug"=>"cosyland", "project_membership"=>{}}
[1;38;5;2mapi-web           [0m |   [1m[35mSQL (12.8ms)[0m  [1m[34mSELECT `organization_memberships`.`id` AS t0_r0, `organization_memberships`.`public_id` AS t0_r1, `organization_memberships`.`organization_id` AS t0_r2, `organization_memberships`.`user_id` AS t0_r3, `organization_memberships`.`created_at` AS t0_r4, `organization_memberships`.`updated_at` AS t0_r5, `organization_memberships`.`discarded_at` AS t0_r6, `organization_memberships`.`last_seen_at` AS t0_r7, `organization_memberships`.`role_name` AS t0_r8, `organization_memberships`.`latest_status_id` AS t0_r9, `organization_memberships`.`position` AS t0_r10, `organization_memberships`.`last_viewed_posts_at` AS t0_r11, `organization_memberships`.`home_last_seen_at` AS t0_r12, `organization_memberships`.`activity_last_seen_at` AS t0_r13, `user`.`id` AS t1_r0, `user`.`username` AS t1_r1, `user`.`name` AS t1_r2, `user`.`public_id` AS t1_r3, `user`.`avatar_path` AS t1_r4, `user`.`email` AS t1_r5, `user`.`encrypted_password` AS t1_r6, `user`.`reset_password_token` AS t1_r7, `user`.`reset_password_sent_at` AS t1_r8, `user`.`remember_created_at` AS t1_r9, `user`.`confirmation_token` AS t1_r10, `user`.`confirmed_at` AS t1_r11, `user`.`confirmation_sent_at` AS t1_r12, `user`.`unconfirmed_email` AS t1_r13, `user`.`omniauth_provider` AS t1_r14, `user`.`omniauth_uid` AS t1_r15, `user`.`onboarded_at` AS t1_r16, `user`.`created_at` AS t1_r17, `user`.`updated_at` AS t1_r18, `user`.`cover_photo_path` AS t1_r19, `user`.`login_token` AS t1_r20, `user`.`login_token_expires_at` AS t1_r21, `user`.`consumed_timestep` AS t1_r22, `user`.`otp_backup_codes` AS t1_r23, `user`.`otp_enabled` AS t1_r24, `user`.`otp_secret` AS t1_r25, `user`.`last_seen_at` AS t1_r26, `user`.`login_token_sso_id` AS t1_r27, `user`.`scheduled_email_notifications_from` AS t1_r28, `user`.`demo` AS t1_r29, `user`.`staff` AS t1_r30, `user`.`referrer` AS t1_r31, `user`.`landing_url` AS t1_r32, `user`.`notification_pause_expires_at` AS t1_r33, `user`.`preferred_timezone` AS t1_r34, `user`.`notifications_paused_at` AS t1_r35, `organization_membership_statuses`.`id` AS t2_r0, `organization_membership_statuses`.`message` AS t2_r1, `organization_membership_statuses`.`emoji` AS t2_r2, `organization_membership_statuses`.`expires_at` AS t2_r3, `organization_membership_statuses`.`organization_membership_id` AS t2_r4, `organization_membership_statuses`.`created_at` AS t2_r5, `organization_membership_statuses`.`updated_at` AS t2_r6, `organization_membership_statuses`.`expiration_setting` AS t2_r7, `organization_membership_statuses`.`pause_notifications` AS t2_r8 FROM `organization_memberships` LEFT OUTER JOIN `users` `user` ON `user`.`id` = `organization_memberships`.`user_id` LEFT OUTER JOIN `organization_membership_statuses` ON `organization_membership_statuses`.`id` = `organization_memberships`.`latest_status_id` WHERE `organization_memberships`.`organization_id` = 3 AND `user`.`username` = 'faiz' LIMIT 1 /*action='show',application='CampsiteApi',controller='organization_members'*/[0m
[1;38;5;2mapi-web           [0m |   ↳ app/serializers/user_notification_counts_serializer.rb:5:in `block in <class:UserNotificationCountsSerializer>'
[1;38;5;2mapi-web           [0m |   [1m[36mASYNC MessageThreadMembership Count (0.0ms) (db time 9.9ms)[0m  [1m[34mSELECT COUNT(*) AS `count_all`, `organizations`.`slug` AS `organizations_slug` FROM `message_thread_memberships` INNER JOIN `organization_memberships` ON `message_thread_memberships`.`organization_membership_id` = `organization_memberships`.`id` INNER JOIN `message_threads` ON `message_threads`.`id` = `message_thread_memberships`.`message_thread_id` INNER JOIN `organization_memberships` `organization_memberships_message_thread_memberships` ON `organization_memberships_message_thread_memberships`.`id` = `message_thread_memberships`.`organization_membership_id` INNER JOIN `organizations` ON `organizations`.`id` = `organization_memberships_message_thread_memberships`.`organization_id` WHERE `organization_memberships`.`user_id` = 15 AND `organization_memberships`.`discarded_at` IS NULL AND (EXISTS( SELECT 1 from messages WHERE messages.message_thread_id = message_thread_memberships.message_thread_id AND (message_thread_memberships.last_read_at IS NULL OR messages.created_at > message_thread_memberships.last_read_at) AND NOT messages.sender_id <=> message_thread_memberships.organization_membership_id AND messages.discarded_at IS NULL LIMIT 1 )) AND (NOT EXISTS ( SELECT 1 FROM projects WHERE projects.message_thread_id = message_threads.id LIMIT 1 )) GROUP BY `organizations`.`slug` /*application='CampsiteApi'*/[0m
[1;38;5;2mapi-web           [0m |   [1m[36mUser Load (1.8ms)[0m  [1m[34mSELECT `users`.* FROM `users` WHERE `users`.`id` = 15 ORDER BY `users`.`id` ASC LIMIT 1 /*action='index',application='CampsiteApi',controller='project_memberships'*/[0m
[1;38;5;2mapi-web           [0m |   [1m[35mSQL (11.7ms)[0m  [1m[34mSELECT `organization_memberships`.`id` AS t0_r0, `organization_memberships`.`public_id` AS t0_r1, `organization_memberships`.`organization_id` AS t0_r2, `organization_memberships`.`user_id` AS t0_r3, `organization_memberships`.`created_at` AS t0_r4, `organization_memberships`.`updated_at` AS t0_r5, `organization_memberships`.`discarded_at` AS t0_r6, `organization_memberships`.`last_seen_at` AS t0_r7, `organization_memberships`.`role_name` AS t0_r8, `organization_memberships`.`latest_status_id` AS t0_r9, `organization_memberships`.`position` AS t0_r10, `organization_memberships`.`last_viewed_posts_at` AS t0_r11, `organization_memberships`.`home_last_seen_at` AS t0_r12, `organization_memberships`.`activity_last_seen_at` AS t0_r13, `organization_membership_statuses`.`id` AS t1_r0, `organization_membership_statuses`.`message` AS t1_r1, `organization_membership_statuses`.`emoji` AS t1_r2, `organization_membership_statuses`.`expires_at` AS t1_r3, `organization_membership_statuses`.`organization_membership_id` AS t1_r4, `organization_membership_statuses`.`created_at` AS t1_r5, `organization_membership_statuses`.`updated_at` AS t1_r6, `organization_membership_statuses`.`expiration_setting` AS t1_r7, `organization_membership_statuses`.`pause_notifications` AS t1_r8, `organization`.`id` AS t2_r0, `organization`.`public_id` AS t2_r1, `organization`.`name` AS t2_r2, `organization`.`slug` AS t2_r3, `organization`.`email_domain` AS t2_r4, `organization`.`billing_email` AS t2_r5, `organization`.`avatar_path` AS t2_r6, `organization`.`slack_channel_id` AS t2_r7, `organization`.`invite_token` AS t2_r8, `organization`.`creator_id` AS t2_r9, `organization`.`onboarded_at` AS t2_r10, `organization`.`created_at` AS t2_r11, `organization`.`updated_at` AS t2_r12, `organization`.`plan_name` AS t2_r13, `organization`.`member_count` AS t2_r14, `organization`.`demo` AS t2_r15, `organization`.`creator_role` AS t2_r16, `organization`.`creator_org_size` AS t2_r17, `organization`.`trial_ends_at` AS t2_r18, `organization`.`creator_source` AS t2_r19, `organization`.`creator_why` AS t2_r20, `organization_settings`.`id` AS t3_r0, `organization_settings`.`key` AS t3_r1, `organization_settings`.`value` AS t3_r2, `organization_settings`.`organization_id` AS t3_r3, `organization_settings`.`created_at` AS t3_r4, `organization_settings`.`updated_at` AS t3_r5 FROM `organization_memberships` INNER JOIN `organizations` `organization` ON `organization`.`id` = `organization_memberships`.`organization_id` LEFT OUTER JOIN `organization_settings` ON `organization_settings`.`key` = 'enforce_two_factor_authentication' AND `organization_settings`.`organization_id` = `organization`.`id` LEFT OUTER JOIN `organization_membership_statuses` ON `organization_membership_statuses`.`id` = `organization_memberships`.`latest_status_id` WHERE `organization_memberships`.`user_id` = 15 AND `organization_memberships`.`discarded_at` IS NULL AND `organization`.`slug` = 'cosyland' LIMIT 1 /*action='index',application='CampsiteApi',controller='members'*/[0m
[1;38;5;2mapi-web           [0m |   ↳ app/serializers/user_notification_counts_serializer.rb:9:in `block in <class:UserNotificationCountsSerializer>'
[1;38;5;2mapi-web           [0m | Processing by Api::V1::OrganizationMembersController#index as JSON
[1;38;5;2mapi-web           [0m |   ↳ app/controllers/concerns/current_attributable.rb:17:in `set_current_user'
[1;38;5;2mapi-web           [0m |   [1m[35mSQL (3.9ms)[0m  [1m[34mSELECT DISTINCT posts.last_activity_at AS alias_0, posts.id AS alias_1, `posts`.`id` FROM `posts` LEFT OUTER JOIN `projects` `project` ON `project`.`id` = `posts`.`project_id` LEFT OUTER JOIN `organization_memberships` `member` ON `member`.`id` = `posts`.`organization_membership_id` LEFT OUTER JOIN `post_links` ON `post_links`.`post_id` = `posts`.`id` LEFT OUTER JOIN `projects` `projects_posts` ON `projects_posts`.`id` = `posts`.`project_id` LEFT OUTER JOIN `post_taggings` ON `post_taggings`.`post_id` = `posts`.`id` LEFT OUTER JOIN `tags` ON `tags`.`id` = `post_taggings`.`tag_id` LEFT OUTER JOIN `integrations` ON `integrations`.`id` = `posts`.`integration_id` LEFT OUTER JOIN `oauth_applications` ON `oauth_applications`.`id` = `posts`.`oauth_application_id` LEFT OUTER JOIN `organizations` ON `organizations`.`id` = `posts`.`organization_id` LEFT OUTER JOIN `organization_memberships` ON `organization_memberships`.`role_name` = 'admin' AND `organization_memberships`.`discarded_at` IS NULL AND `organization_memberships`.`organization_id` = `organizations`.`id` LEFT OUTER JOIN `users` ON `users`.`id` = `organization_memberships`.`user_id` LEFT OUTER JOIN `polls` ON `polls`.`post_id` = `posts`.`id` LEFT OUTER JOIN `poll_options` ON `poll_options`.`poll_id` = `polls`.`id` LEFT OUTER JOIN `attachments` ON `attachments`.`subject_type` = 'Post' AND `attachments`.`subject_id` = `posts`.`id` LEFT OUTER JOIN `figma_files` ON `figma_files`.`id` = `attachments`.`figma_file_id` LEFT OUTER JOIN `organization_memberships` `members_posts` ON `members_posts`.`id` = `posts`.`organization_membership_id` LEFT OUTER JOIN `users` `users_organization_memberships` ON `users_organization_memberships`.`id` = `members_posts`.`user_id` LEFT OUTER JOIN `organization_membership_statuses` ON `organization_membership_statuses`.`id` = `members_posts`.`latest_status_id` LEFT OUTER JOIN `post_feedback_requests` ON `post_feedback_requests`.`discarded_at` IS NULL AND `post_feedback_requests`.`dismissed_at` IS NULL AND `post_feedback_requests`.`post_id` = `posts`.`id` LEFT OUTER JOIN `organization_memberships` `members_post_feedback_requests` ON `members_post_feedback_requests`.`id` = `post_feedback_requests`.`organization_membership_id` LEFT OUTER JOIN `users` `users_organization_memberships_2` ON `users_organization_memberships_2`.`id` = `members_post_feedback_requests`.`user_id` LEFT OUTER JOIN `organization_membership_statuses` `latest_statuses_organization_memberships` ON `latest_statuses_organization_memberships`.`id` = `members_post_feedback_requests`.`latest_status_id` LEFT OUTER JOIN `follow_ups` ON `follow_ups`.`subject_type` = 'Post' AND `follow_ups`.`shown_at` IS NULL AND `follow_ups`.`subject_id` = `posts`.`id` LEFT OUTER JOIN `organization_memberships` `organization_memberships_follow_ups` ON `organization_memberships_follow_ups`.`id` = `follow_ups`.`organization_membership_id` LEFT OUTER JOIN `users` `users_organization_memberships_3` ON `users_organization_memberships_3`.`id` = `organization_memberships_follow_ups`.`user_id` LEFT OUTER JOIN `organization_membership_statuses` `latest_statuses_organization_memberships_2` ON `latest_statuses_organization_memberships_2`.`id` = `organization_memberships_follow_ups`.`latest_status_id` LEFT OUTER JOIN `comments` ON `comments`.`id` = `posts`.`resolved_comment_id` LEFT OUTER JOIN `integrations` `integrations_comments` ON `integrations_comments`.`id` = `comments`.`integration_id` LEFT OUTER JOIN `oauth_applications` `oauth_applications_comments` ON `oauth_applications_comments`.`id` = `comments`.`oauth_application_id` LEFT OUTER JOIN `organization_memberships` `members_comments` ON `members_comments`.`id` = `comments`.`organization_membership_id` LEFT OUTER JOIN `users` `users_organization_memberships_4` ON `users_organization_memberships_4`.`id` = `members_comments`.`user_id` LEFT OUTER JOIN `organization_membership_statuses` `latest_statuses_organization_memberships_3` ON `latest_statuses_organization_memberships_3`.`id` = `members_comments`.`latest_status_id` WHERE (posts.workflow_state = 'draft') AND ((`posts`.`project_id` IS NULL OR `project`.`private` = FALSE) AND (EXISTS( SELECT 1 FROM organization_memberships WHERE organization_memberships.user_id = '15' AND organization_memberships.organization_id = project.organization_id AND organization_memberships.discarded_at IS NULL AND organization_memberships.role_name in ('admin', 'member', 'viewer') LIMIT 1 )) OR (EXISTS ( SELECT 1 FROM project_memberships JOIN organization_memberships ON organization_memberships.id = project_memberships.organization_membership_id WHERE project_memberships.project_id = posts.project_id AND project_memberships.discarded_at IS NULL AND organization_memberships.user_id = '15' AND organization_memberships.discarded_at IS NULL ))) AND `posts`.`organization_membership_id` = 15 AND `posts`.`discarded_at` IS NULL AND `posts`.`stale` = FALSE AND ((posts.workflow_state = 'published') OR `member`.`user_id` = 15) ORDER BY posts.last_activity_at desc, posts.id desc LIMIT 21 /*action='index',application='CampsiteApi',controller='personal_draft_posts'*/[0m
[1;38;5;2mapi-web           [0m |   ↳ app/controllers/api/v1/base_controller.rb:110:in `current_organization_membership'
[1;38;5;2mapi-web           [0m |   Parameters: {"q"=>"", "limit"=>"50", "order"=>{"by"=>"last_seen_at", "direction"=>"desc"}, "org_slug"=>"cosyland", "organization_member"=>{}}
[1;38;5;2mapi-web           [0m |   [1m[35mSQL (4.7ms)[0m  [1m[34mSELECT DISTINCT `projects`.`id` AS t0_r0, `projects`.`public_id` AS t0_r1, `projects`.`name` AS t0_r2, `projects`.`description` AS t0_r3, `projects`.`slack_channel_id` AS t0_r4, `projects`.`creator_id` AS t0_r5, `projects`.`organization_id` AS t0_r6, `projects`.`archived_at` AS t0_r7, `projects`.`archived_by_id` AS t0_r8, `projects`.`created_at` AS t0_r9, `projects`.`updated_at` AS t0_r10, `projects`.`posts_count` AS t0_r11, `projects`.`cover_photo_path` AS t0_r12, `projects`.`accessory` AS t0_r13, `projects`.`private` AS t0_r14, `projects`.`is_default` AS t0_r15, `projects`.`is_general` AS t0_r16, `projects`.`contributors_count` AS t0_r17, `projects`.`members_count` AS t0_r18, `projects`.`last_activity_at` AS t0_r19, `projects`.`personal` AS t0_r20, `projects`.`invite_token` AS t0_r21, `projects`.`guests_count` AS t0_r22, `projects`.`message_thread_id` AS t0_r23, `projects`.`display_reactions` AS t0_r24, `projects`.`display_attachments` AS t0_r25, `projects`.`display_comments` AS t0_r26, `projects`.`display_resolved` AS t0_r27, `message_threads`.`id` AS t1_r0, `message_threads`.`owner_id` AS t1_r1, `message_threads`.`public_id` AS t1_r2, `message_threads`.`title` AS t1_r3, `message_threads`.`last_message_at` AS t1_r4, `message_threads`.`latest_message_id` AS t1_r5, `message_threads`.`created_at` AS t1_r6, `message_threads`.`updated_at` AS t1_r7, `message_threads`.`members_count` AS t1_r8, `message_threads`.`image_path` AS t1_r9, `message_threads`.`group` AS t1_r10, `message_threads`.`discarded_at` AS t1_r11, `message_threads`.`notification_forced_at` AS t1_r12, `message_threads`.`owner_type` AS t1_r13 FROM `projects` LEFT OUTER JOIN `message_threads` ON `message_threads`.`id` = `projects`.`message_thread_id` WHERE `projects`.`organization_id` = 3 AND (`projects`.`private` = FALSE AND (EXISTS( SELECT 1 FROM organization_memberships WHERE organization_memberships.user_id = '15' AND organization_memberships.organization_id = projects.organization_id AND organization_memberships.discarded_at IS NULL AND organization_memberships.role_name in ('admin', 'member', 'viewer') LIMIT 1 )) OR (EXISTS (SELECT 1 FROM `project_memberships` INNER JOIN `organization_memberships` ON `organization_memberships`.`id` = `project_memberships`.`organization_membership_id` INNER JOIN `users` ON `users`.`id` = `organization_memberships`.`user_id` WHERE `project_memberships`.`discarded_at` IS NULL AND `users`.`id` = 15 AND `organization_memberships`.`discarded_at` IS NULL AND `project_memberships`.`project_id` = `projects`.`id`))) /*action='index',application='CampsiteApi',controller='projects'*/[0m
[1;38;5;2mapi-web           [0m |   [1m[36mASYNC Notification Count (0.0ms) (db time 8.1ms)[0m  [1m[34mSELECT COUNT(*) AS `count_all`, `organizations`.`slug` AS `organizations_slug` FROM `notifications` INNER JOIN `organization_memberships` ON `notifications`.`organization_membership_id` = `organization_memberships`.`id` INNER JOIN `organization_memberships` `organization_memberships_notifications_join` ON `organization_memberships_notifications_join`.`id` = `notifications`.`organization_membership_id` INNER JOIN `organizations` ON `organizations`.`id` = `organization_memberships_notifications_join`.`organization_id` WHERE `organization_memberships`.`user_id` = 15 AND `organization_memberships`.`discarded_at` IS NULL AND `notifications`.`discarded_at` IS NULL AND (NOT EXISTS ( SELECT target_id, target_type, target_scope, organization_membership_id, created_at FROM notifications AS other_notifications WHERE other_notifications.discarded_at IS NULL AND notifications.created_at < other_notifications.created_at AND notifications.target_id = other_notifications.target_id AND notifications.target_type = other_notifications.target_type AND notifications.target_scope <=> other_notifications.target_scope AND notifications.organization_membership_id = other_notifications.organization_membership_id )) AND (`notifications`.`target_type` NOT IN ('Post', 'Note', 'Call') OR `notifications`.`target_scope` = 1 OR `notifications`.`reason` = 6) AND ((notifications.created_at > COALESCE(organization_memberships.activity_last_seen_at, organization_memberships.last_seen_at, '2024-08-20')) OR `organization_memberships`.`activity_last_seen_at` IS NULL) GROUP BY `organizations`.`slug` /*application='CampsiteApi'*/[0m
[1;38;5;2mapi-web           [0m |   ↳ lib/cursor_pagination.rb:67:in `run'
[1;38;5;2mapi-web           [0m |   ↳ app/controllers/api/v1/organization_members_controller.rb:48:in `show'
[1;38;5;2mapi-web           [0m |   ↳ app/serializers/api_serializer.rb:111:in `flatten'
[1;38;5;2mapi-web           [0m |   ↳ app/serializers/user_notification_counts_serializer.rb:13:in `block in <class:UserNotificationCountsSerializer>'
[1;38;5;2mapi-web           [0m |   [1m[35mSQL (1.4ms)[0m  [1m[34mSELECT `organization_memberships`.`id` AS t0_r0, `organization_memberships`.`public_id` AS t0_r1, `organization_memberships`.`organization_id` AS t0_r2, `organization_memberships`.`user_id` AS t0_r3, `organization_memberships`.`created_at` AS t0_r4, `organization_memberships`.`updated_at` AS t0_r5, `organization_memberships`.`discarded_at` AS t0_r6, `organization_memberships`.`last_seen_at` AS t0_r7, `organization_memberships`.`role_name` AS t0_r8, `organization_memberships`.`latest_status_id` AS t0_r9, `organization_memberships`.`position` AS t0_r10, `organization_memberships`.`last_viewed_posts_at` AS t0_r11, `organization_memberships`.`home_last_seen_at` AS t0_r12, `organization_memberships`.`activity_last_seen_at` AS t0_r13, `organization_membership_statuses`.`id` AS t1_r0, `organization_membership_statuses`.`message` AS t1_r1, `organization_membership_statuses`.`emoji` AS t1_r2, `organization_membership_statuses`.`expires_at` AS t1_r3, `organization_membership_statuses`.`organization_membership_id` AS t1_r4, `organization_membership_statuses`.`created_at` AS t1_r5, `organization_membership_statuses`.`updated_at` AS t1_r6, `organization_membership_statuses`.`expiration_setting` AS t1_r7, `organization_membership_statuses`.`pause_notifications` AS t1_r8, `organization`.`id` AS t2_r0, `organization`.`public_id` AS t2_r1, `organization`.`name` AS t2_r2, `organization`.`slug` AS t2_r3, `organization`.`email_domain` AS t2_r4, `organization`.`billing_email` AS t2_r5, `organization`.`avatar_path` AS t2_r6, `organization`.`slack_channel_id` AS t2_r7, `organization`.`invite_token` AS t2_r8, `organization`.`creator_id` AS t2_r9, `organization`.`onboarded_at` AS t2_r10, `organization`.`created_at` AS t2_r11, `organization`.`updated_at` AS t2_r12, `organization`.`plan_name` AS t2_r13, `organization`.`member_count` AS t2_r14, `organization`.`demo` AS t2_r15, `organization`.`creator_role` AS t2_r16, `organization`.`creator_org_size` AS t2_r17, `organization`.`trial_ends_at` AS t2_r18, `organization`.`creator_source` AS t2_r19, `organization`.`creator_why` AS t2_r20, `organization_settings`.`id` AS t3_r0, `organization_settings`.`key` AS t3_r1, `organization_settings`.`value` AS t3_r2, `organization_settings`.`organization_id` AS t3_r3, `organization_settings`.`created_at` AS t3_r4, `organization_settings`.`updated_at` AS t3_r5 FROM `organization_memberships` INNER JOIN `organizations` `organization` ON `organization`.`id` = `organization_memberships`.`organization_id` LEFT OUTER JOIN `organization_settings` ON `organization_settings`.`key` = 'enforce_two_factor_authentication' AND `organization_settings`.`organization_id` = `organization`.`id` LEFT OUTER JOIN `organization_membership_statuses` ON `organization_membership_statuses`.`id` = `organization_memberships`.`latest_status_id` WHERE `organization_memberships`.`user_id` = 15 AND `organization_memberships`.`discarded_at` IS NULL AND `organization`.`slug` = 'cosyland' LIMIT 1 /*action='index',application='CampsiteApi',controller='project_memberships'*/[0m
[1;38;5;2mapi-web           [0m |   [1m[36mUser Exists? (4.4ms)[0m  [1m[34mSELECT 1 AS one FROM `users` INNER JOIN `organization_memberships` ON `users`.`id` = `organization_memberships`.`user_id` WHERE `organization_memberships`.`organization_id` = 3 AND `organization_memberships`.`discarded_at` IS NULL AND `users`.`id` = 15 LIMIT 1 /*action='index',application='CampsiteApi',controller='members'*/[0m
[1;38;5;2mapi-web           [0m |   [1m[36mUser Load (3.5ms)[0m  [1m[34mSELECT `users`.* FROM `users` WHERE `users`.`id` = 15 ORDER BY `users`.`id` ASC LIMIT 1 /*action='index',application='CampsiteApi',controller='organization_members'*/[0m
[1;38;5;2mapi-web           [0m |   [1m[36mASYNC Notification Count (0.0ms) (db time 23.7ms)[0m  [1m[34mSELECT COUNT(*) AS `count_all`, `organizations`.`slug` AS `organizations_slug` FROM `notifications` INNER JOIN `organization_memberships` ON `notifications`.`organization_membership_id` = `organization_memberships`.`id` INNER JOIN `organization_memberships` `organization_memberships_notifications_join` ON `organization_memberships_notifications_join`.`id` = `notifications`.`organization_membership_id` INNER JOIN `organizations` ON `organizations`.`id` = `organization_memberships_notifications_join`.`organization_id` WHERE `organization_memberships`.`user_id` = 15 AND `organization_memberships`.`discarded_at` IS NULL AND `notifications`.`discarded_at` IS NULL AND `notifications`.`archived_at` IS NULL AND `notifications`.`read_at` IS NULL AND (NOT EXISTS ( SELECT target_id, target_type, target_scope, organization_membership_id, created_at FROM notifications AS other_notifications WHERE other_notifications.discarded_at IS NULL AND notifications.created_at < other_notifications.created_at AND notifications.target_id = other_notifications.target_id AND notifications.target_type = other_notifications.target_type AND notifications.target_scope <=> other_notifications.target_scope AND notifications.organization_membership_id = other_notifications.organization_membership_id )) AND `notifications`.`target_type` IN ('Post', 'Note', 'Call') AND `notifications`.`reason` != 6 AND (`notifications`.`target_scope` != 1 OR `notifications`.`target_scope` IS NULL) GROUP BY `organizations`.`slug` /*application='CampsiteApi'*/[0m
[1;38;5;2mapi-web           [0m | Completed 200 OK in 51ms (Views: 0.1ms | ActiveRecord: 15.5ms (3 queries, 0 cached) | GC: 2.7ms)
[1;38;5;2mapi-web           [0m | 
[1;38;5;2mapi-web           [0m | 
[1;38;5;2mapi-web           [0m |   ↳ app/serializers/user_notification_counts_serializer.rb:17:in `block in <class:UserNotificationCountsSerializer>'
[1;38;5;2mapi-web           [0m |   ↳ app/controllers/api/v1/base_controller.rb:110:in `current_organization_membership'
[1;38;5;2mapi-web           [0m | Completed 200 OK in 65ms (Views: 0.1ms | ActiveRecord: 58.7ms (7 queries, 1 cached) | GC: 3.0ms)
[1;38;5;2mapi-web           [0m | 
[1;38;5;2mapi-web           [0m | 
[1;38;5;2mapi-web           [0m |   [1m[36mOrganizationMembership Load (1.7ms)[0m  [1m[34mSELECT `organization_memberships`.* FROM `organization_memberships` WHERE `organization_memberships`.`organization_id` = 3 AND `organization_memberships`.`discarded_at` IS NULL AND `organization_memberships`.`user_id` = 15 LIMIT 1 /*action='index',application='CampsiteApi',controller='project_memberships'*/[0m
[1;38;5;2mapi-web           [0m |   ↳ app/policies/organization_membership_policy.rb:73:in `organization_membership'
[1;38;5;2mapi-web           [0m | Processing by Api::V1::Organizations::FeaturesController#index as JSON
[1;38;5;2mapi-web           [0m |   ↳ app/policies/organization_policy.rb:200:in `org_member?'
[1;38;5;2mapi-web           [0m |   ↳ app/controllers/concerns/current_attributable.rb:17:in `set_current_user'
[1;38;5;2mapi-web           [0m |   Parameters: {"org_slug"=>"cosyland", "feature"=>{}}
[1;38;5;2mapi-web           [0m |   [1m[36mUser Load (10.6ms)[0m  [1m[34mSELECT `users`.* FROM `users` WHERE `users`.`id` = 15 ORDER BY `users`.`id` ASC LIMIT 1 /*action='index',application='CampsiteApi',controller='features'*/[0m
[1;38;5;2mapi-web           [0m |   ↳ app/controllers/concerns/current_attributable.rb:17:in `set_current_user'
[1;38;5;2mapi-web           [0m |   [1m[36mOrganizationMembership Load (18.5ms)[0m  [1m[34mSELECT `organization_memberships`.* FROM `organization_memberships` WHERE `organization_memberships`.`organization_id` = 3 AND `organization_memberships`.`discarded_at` IS NULL AND `organization_memberships`.`user_id` = 15 LIMIT 1 /*action='show',application='CampsiteApi',controller='organization_members'*/[0m
[1;38;5;2mapi-web           [0m |   ↳ app/policies/organization_membership_policy.rb:73:in `organization_membership'
[1;38;5;2mapi-web           [0m |   [1m[35mSQL (6.5ms)[0m  [1m[34mSELECT `organization_memberships`.`id` AS t0_r0, `organization_memberships`.`public_id` AS t0_r1, `organization_memberships`.`organization_id` AS t0_r2, `organization_memberships`.`user_id` AS t0_r3, `organization_memberships`.`created_at` AS t0_r4, `organization_memberships`.`updated_at` AS t0_r5, `organization_memberships`.`discarded_at` AS t0_r6, `organization_memberships`.`last_seen_at` AS t0_r7, `organization_memberships`.`role_name` AS t0_r8, `organization_memberships`.`latest_status_id` AS t0_r9, `organization_memberships`.`position` AS t0_r10, `organization_memberships`.`last_viewed_posts_at` AS t0_r11, `organization_memberships`.`home_last_seen_at` AS t0_r12, `organization_memberships`.`activity_last_seen_at` AS t0_r13, `organization_membership_statuses`.`id` AS t1_r0, `organization_membership_statuses`.`message` AS t1_r1, `organization_membership_statuses`.`emoji` AS t1_r2, `organization_membership_statuses`.`expires_at` AS t1_r3, `organization_membership_statuses`.`organization_membership_id` AS t1_r4, `organization_membership_statuses`.`created_at` AS t1_r5, `organization_membership_statuses`.`updated_at` AS t1_r6, `organization_membership_statuses`.`expiration_setting` AS t1_r7, `organization_membership_statuses`.`pause_notifications` AS t1_r8, `organization`.`id` AS t2_r0, `organization`.`public_id` AS t2_r1, `organization`.`name` AS t2_r2, `organization`.`slug` AS t2_r3, `organization`.`email_domain` AS t2_r4, `organization`.`billing_email` AS t2_r5, `organization`.`avatar_path` AS t2_r6, `organization`.`slack_channel_id` AS t2_r7, `organization`.`invite_token` AS t2_r8, `organization`.`creator_id` AS t2_r9, `organization`.`onboarded_at` AS t2_r10, `organization`.`created_at` AS t2_r11, `organization`.`updated_at` AS t2_r12, `organization`.`plan_name` AS t2_r13, `organization`.`member_count` AS t2_r14, `organization`.`demo` AS t2_r15, `organization`.`creator_role` AS t2_r16, `organization`.`creator_org_size` AS t2_r17, `organization`.`trial_ends_at` AS t2_r18, `organization`.`creator_source` AS t2_r19, `organization`.`creator_why` AS t2_r20, `organization_settings`.`id` AS t3_r0, `organization_settings`.`key` AS t3_r1, `organization_settings`.`value` AS t3_r2, `organization_settings`.`organization_id` AS t3_r3, `organization_settings`.`created_at` AS t3_r4, `organization_settings`.`updated_at` AS t3_r5 FROM `organization_memberships` INNER JOIN `organizations` `organization` ON `organization`.`id` = `organization_memberships`.`organization_id` LEFT OUTER JOIN `organization_settings` ON `organization_settings`.`key` = 'enforce_two_factor_authentication' AND `organization_settings`.`organization_id` = `organization`.`id` LEFT OUTER JOIN `organization_membership_statuses` ON `organization_membership_statuses`.`id` = `organization_memberships`.`latest_status_id` WHERE `organization_memberships`.`user_id` = 15 AND `organization_memberships`.`discarded_at` IS NULL AND `organization`.`slug` = 'cosyland' LIMIT 1 /*action='index',application='CampsiteApi',controller='features'*/[0m
[1;38;5;2mapi-web           [0m | Started GET "/v1/organizations/cosyland/membership-requests" for 87.75.141.139 at 2025-01-24 00:34:25 +0100
[1;38;5;2mapi-web           [0m |   ↳ app/controllers/api/v1/base_controller.rb:110:in `current_organization_membership'
[1;38;5;2mapi-web           [0m | Started GET "/v1/organizations/cosyland/favorites" for 87.75.141.139 at 2025-01-24 00:34:25 +0100
[1;38;5;2mapi-web           [0m |   [1m[35mSQL (20.2ms)[0m  [1m[34mSELECT `organization_memberships`.`id` AS t0_r0, `organization_memberships`.`public_id` AS t0_r1, `organization_memberships`.`organization_id` AS t0_r2, `organization_memberships`.`user_id` AS t0_r3, `organization_memberships`.`created_at` AS t0_r4, `organization_memberships`.`updated_at` AS t0_r5, `organization_memberships`.`discarded_at` AS t0_r6, `organization_memberships`.`last_seen_at` AS t0_r7, `organization_memberships`.`role_name` AS t0_r8, `organization_memberships`.`latest_status_id` AS t0_r9, `organization_memberships`.`position` AS t0_r10, `organization_memberships`.`last_viewed_posts_at` AS t0_r11, `organization_memberships`.`home_last_seen_at` AS t0_r12, `organization_memberships`.`activity_last_seen_at` AS t0_r13, `users`.`id` AS t1_r0, `users`.`username` AS t1_r1, `users`.`name` AS t1_r2, `users`.`public_id` AS t1_r3, `users`.`avatar_path` AS t1_r4, `users`.`email` AS t1_r5, `users`.`encrypted_password` AS t1_r6, `users`.`reset_password_token` AS t1_r7, `users`.`reset_password_sent_at` AS t1_r8, `users`.`remember_created_at` AS t1_r9, `users`.`confirmation_token` AS t1_r10, `users`.`confirmed_at` AS t1_r11, `users`.`confirmation_sent_at` AS t1_r12, `users`.`unconfirmed_email` AS t1_r13, `users`.`omniauth_provider` AS t1_r14, `users`.`omniauth_uid` AS t1_r15, `users`.`onboarded_at` AS t1_r16, `users`.`created_at` AS t1_r17, `users`.`updated_at` AS t1_r18, `users`.`cover_photo_path` AS t1_r19, `users`.`login_token` AS t1_r20, `users`.`login_token_expires_at` AS t1_r21, `users`.`consumed_timestep` AS t1_r22, `users`.`otp_backup_codes` AS t1_r23, `users`.`otp_enabled` AS t1_r24, `users`.`otp_secret` AS t1_r25, `users`.`last_seen_at` AS t1_r26, `users`.`login_token_sso_id` AS t1_r27, `users`.`scheduled_email_notifications_from` AS t1_r28, `users`.`demo` AS t1_r29, `users`.`staff` AS t1_r30, `users`.`referrer` AS t1_r31, `users`.`landing_url` AS t1_r32, `users`.`notification_pause_expires_at` AS t1_r33, `users`.`preferred_timezone` AS t1_r34, `users`.`notifications_paused_at` AS t1_r35 FROM `organization_memberships` INNER JOIN `organizations` ON `organizations`.`id` = `organization_memberships`.`organization_id` LEFT OUTER JOIN `project_memberships` `kept_project_memberships` ON `kept_project_memberships`.`discarded_at` IS NULL AND `kept_project_memberships`.`organization_membership_id` = `organization_memberships`.`id` LEFT OUTER JOIN `projects` ON `projects`.`archived_at` IS NULL AND `projects`.`id` = `kept_project_memberships`.`project_id` LEFT OUTER JOIN `users` ON `users`.`id` = `organization_memberships`.`user_id` WHERE `organization_memberships`.`organization_id` = 3 AND `organization_memberships`.`organization_id` IN (SELECT `organizations`.`id` FROM `organizations` INNER JOIN `organization_memberships` ON `organizations`.`id` = `organization_memberships`.`organization_id` WHERE `organization_memberships`.`user_id` = 15 AND `organization_memberships`.`discarded_at` IS NULL) AND (`organization_memberships`.`role_name` != 'guest' OR `organization_memberships`.`organization_id` IN (SELECT `organizations`.`id` FROM `organizations` INNER JOIN `organization_memberships` ON `organizations`.`id` = `organization_memberships`.`organization_id` WHERE `organization_memberships`.`user_id` = 15 AND `organization_memberships`.`discarded_at` IS NULL AND `organization_memberships`.`role_name` IN ('admin', 'member', 'viewer')) OR `kept_project_memberships`.`project_id` IN (SELECT `projects`.`id` FROM `projects` INNER JOIN `project_memberships` ON `projects`.`id` = `project_memberships`.`project_id` INNER JOIN `organization_memberships` ON `project_memberships`.`organization_membership_id` = `organization_memberships`.`id` WHERE `organization_memberships`.`user_id` = 15 AND `organization_memberships`.`discarded_at` IS NULL AND `project_memberships`.`discarded_at` IS NULL AND `projects`.`archived_at` IS NULL) OR `organization_memberships`.`user_id` = 15) /*action='index',application='CampsiteApi',controller='members'*/[0m
[1;38;5;2mapi-web           [0m | Processing by Api::V1::MessageThreadsController#index as JSON
[1;38;5;2mapi-web           [0m | Cannot render console from 172.68.205.200! Allowed networks: 127.0.0.0/127.255.255.255, ::1
[1;38;5;2mapi-web           [0m |   [1m[35mSQL (16.0ms)[0m  [1m[34mSELECT `organization_memberships`.`id` AS t0_r0, `organization_memberships`.`public_id` AS t0_r1, `organization_memberships`.`organization_id` AS t0_r2, `organization_memberships`.`user_id` AS t0_r3, `organization_memberships`.`created_at` AS t0_r4, `organization_memberships`.`updated_at` AS t0_r5, `organization_memberships`.`discarded_at` AS t0_r6, `organization_memberships`.`last_seen_at` AS t0_r7, `organization_memberships`.`role_name` AS t0_r8, `organization_memberships`.`latest_status_id` AS t0_r9, `organization_memberships`.`position` AS t0_r10, `organization_memberships`.`last_viewed_posts_at` AS t0_r11, `organization_memberships`.`home_last_seen_at` AS t0_r12, `organization_memberships`.`activity_last_seen_at` AS t0_r13, `organization_membership_statuses`.`id` AS t1_r0, `organization_membership_statuses`.`message` AS t1_r1, `organization_membership_statuses`.`emoji` AS t1_r2, `organization_membership_statuses`.`expires_at` AS t1_r3, `organization_membership_statuses`.`organization_membership_id` AS t1_r4, `organization_membership_statuses`.`created_at` AS t1_r5, `organization_membership_statuses`.`updated_at` AS t1_r6, `organization_membership_statuses`.`expiration_setting` AS t1_r7, `organization_membership_statuses`.`pause_notifications` AS t1_r8, `organization`.`id` AS t2_r0, `organization`.`public_id` AS t2_r1, `organization`.`name` AS t2_r2, `organization`.`slug` AS t2_r3, `organization`.`email_domain` AS t2_r4, `organization`.`billing_email` AS t2_r5, `organization`.`avatar_path` AS t2_r6, `organization`.`slack_channel_id` AS t2_r7, `organization`.`invite_token` AS t2_r8, `organization`.`creator_id` AS t2_r9, `organization`.`onboarded_at` AS t2_r10, `organization`.`created_at` AS t2_r11, `organization`.`updated_at` AS t2_r12, `organization`.`plan_name` AS t2_r13, `organization`.`member_count` AS t2_r14, `organization`.`demo` AS t2_r15, `organization`.`creator_role` AS t2_r16, `organization`.`creator_org_size` AS t2_r17, `organization`.`trial_ends_at` AS t2_r18, `organization`.`creator_source` AS t2_r19, `organization`.`creator_why` AS t2_r20, `organization_settings`.`id` AS t3_r0, `organization_settings`.`key` AS t3_r1, `organization_settings`.`value` AS t3_r2, `organization_settings`.`organization_id` AS t3_r3, `organization_settings`.`created_at` AS t3_r4, `organization_settings`.`updated_at` AS t3_r5 FROM `organization_memberships` INNER JOIN `organizations` `organization` ON `organization`.`id` = `organization_memberships`.`organization_id` LEFT OUTER JOIN `organization_settings` ON `organization_settings`.`key` = 'enforce_two_factor_authentication' AND `organization_settings`.`organization_id` = `organization`.`id` LEFT OUTER JOIN `organization_membership_statuses` ON `organization_membership_statuses`.`id` = `organization_memberships`.`latest_status_id` WHERE `organization_memberships`.`user_id` = 15 AND `organization_memberships`.`discarded_at` IS NULL AND `organization`.`slug` = 'cosyland' LIMIT 1 /*action='index',application='CampsiteApi',controller='organization_members'*/[0m
[1;38;5;2mapi-web           [0m | Cannot render console from 172.68.205.200! Allowed networks: 127.0.0.0/127.255.255.255, ::1
[1;38;5;2mapi-web           [0m |   Parameters: {"org_slug"=>"cosyland", "message_thread"=>{}}
[1;38;5;2mapi-web           [0m | Completed 200 OK in 109ms (Views: 0.2ms | ActiveRecord: 34.6ms (4 queries, 0 cached) | GC: 15.2ms)
[1;38;5;2mapi-web           [0m | 
[1;38;5;2mapi-web           [0m | 
[1;38;5;2mapi-web           [0m |   ↳ app/controllers/api/v1/base_controller.rb:110:in `current_organization_membership'
[1;38;5;2mapi-web           [0m |   [1m[36mFlipper::Adapters::ActiveRecord::Gate Pluck (3.6ms)[0m  [1m[34mSELECT `flipper_gates`.`feature_key`, `flipper_gates`.`key`, `flipper_gates`.`value` FROM `flipper_gates` WHERE `flipper_gates`.`feature_key` IN ('slack_auto_publish', 'sidebar_dms', 'my_work', 'max_w_chat', 'archive_notifications', 'relative_time', 'firehose', 'grouped_notifications', 'comfy_compact_layout', 'message_email_notifications', 'integration_dms', 'chat_channels', 'channel_split_view', 'no_emoji_accessories', 'export', 'api_endpoint_list_members', 'api_endpoint_list_posts', 'multi_org_apps') /*action='index',application='CampsiteApi',controller='features'*/[0m
[1;38;5;2mapi-web           [0m |   ↳ app/serializers/api_serializer.rb:111:in `flatten'
[1;38;5;2mapi-web           [0m |   ↳ app/models/organization.rb:414:in `features'
[1;38;5;2mapi-web           [0m |   [1m[36mASYNC Post Load (19.3ms) (db time 18.2ms)[0m  [1m[34mSELECT `posts`.`project_id`, SUM(EXP(-DATEDIFF(NOW(), posts.created_at)/30)) AS _score FROM `posts` WHERE `posts`.`project_id` IN (14, 17, 18, 19, 20, 21, 22, 23, 24) AND `posts`.`organization_membership_id` = 15 AND `posts`.`discarded_at` IS NULL AND `posts`.`created_at` BETWEEN '2024-12-23 23:34:25.439663' AND '2025-01-23 23:34:25.440083' GROUP BY `posts`.`project_id` /*application='CampsiteApi'*/[0m
[1;38;5;2mapi-web           [0m |   [1m[36mFlipper feature(slack_auto_publish) enabled? false (0.0ms)[0m  [ actors=[#<Flipper::Types::Actor:0x00007f32fa9b00d0 @actor=#<Organization id: 3, public_id: "tefy9r4751zw", name: "COSYLAND", slug: "cosyland", email_domain: nil, billing_email: "faiz@cosy.land", avatar_path: "o/tefy9r4751zw/a/3003be93-ed27-44af-ab1a-c0e0bfd18...", slack_channel_id: nil, invite_token: [FILTERED], creator_id: 15, onboarded_at: nil, created_at: "2025-01-20 21:39:20.891431000 +0000", updated_at: "2025-01-20 22:23:10.189602000 +0000", plan_name: "pro", member_count: 5, demo: false, creator_role: "software-engineer", creator_org_size: "2-5", trial_ends_at: "2025-02-03 21:39:20.837882000 +0000", creator_source: "colleague-friend", creator_why: "Building products together as a team">, @value="Organization;3">] ]
[1;38;5;2mapi-web           [0m |   [1m[36mFlipper feature(sidebar_dms) enabled? false (0.0ms)[0m  [ actors=[#<Flipper::Types::Actor:0x00007f32fa9ed390 @actor=#<Organization id: 3, public_id: "tefy9r4751zw", name: "COSYLAND", slug: "cosyland", email_domain: nil, billing_email: "faiz@cosy.land", avatar_path: "o/tefy9r4751zw/a/3003be93-ed27-44af-ab1a-c0e0bfd18...", slack_channel_id: nil, invite_token: [FILTERED], creator_id: 15, onboarded_at: nil, created_at: "2025-01-20 21:39:20.891431000 +0000", updated_at: "2025-01-20 22:23:10.189602000 +0000", plan_name: "pro", member_count: 5, demo: false, creator_role: "software-engineer", creator_org_size: "2-5", trial_ends_at: "2025-02-03 21:39:20.837882000 +0000", creator_source: "colleague-friend", creator_why: "Building products together as a team">, @value="Organization;3">] ]
[1;38;5;2mapi-web           [0m |   [1m[36mUser Load (4.4ms)[0m  [1m[34mSELECT `users`.* FROM `users` WHERE `users`.`id` = 15 ORDER BY `users`.`id` ASC LIMIT 1 /*action='index',application='CampsiteApi',controller='message_threads'*/[0m
[1;38;5;2mapi-web           [0m |   [1m[36mFlipper feature(my_work) enabled? false (0.0ms)[0m  [ actors=[#<Flipper::Types::Actor:0x00007f32fa9e9600 @actor=#<Organization id: 3, public_id: "tefy9r4751zw", name: "COSYLAND", slug: "cosyland", email_domain: nil, billing_email: "faiz@cosy.land", avatar_path: "o/tefy9r4751zw/a/3003be93-ed27-44af-ab1a-c0e0bfd18...", slack_channel_id: nil, invite_token: [FILTERED], creator_id: 15, onboarded_at: nil, created_at: "2025-01-20 21:39:20.891431000 +0000", updated_at: "2025-01-20 22:23:10.189602000 +0000", plan_name: "pro", member_count: 5, demo: false, creator_role: "software-engineer", creator_org_size: "2-5", trial_ends_at: "2025-02-03 21:39:20.837882000 +0000", creator_source: "colleague-friend", creator_why: "Building products together as a team">, @value="Organization;3">] ]
[1;38;5;2mapi-web           [0m |   ↳ app/models/project.rb:156:in `block in viewer_recent_posts_count_async'
[1;38;5;2mapi-web           [0m |   [1m[36mFlipper feature(max_w_chat) enabled? false (0.1ms)[0m  [ actors=[#<Flipper::Types::Actor:0x00007f32fa9e7e40 @actor=#<Organization id: 3, public_id: "tefy9r4751zw", name: "COSYLAND", slug: "cosyland", email_domain: nil, billing_email: "faiz@cosy.land", avatar_path: "o/tefy9r4751zw/a/3003be93-ed27-44af-ab1a-c0e0bfd18...", slack_channel_id: nil, invite_token: [FILTERED], creator_id: 15, onboarded_at: nil, created_at: "2025-01-20 21:39:20.891431000 +0000", updated_at: "2025-01-20 22:23:10.189602000 +0000", plan_name: "pro", member_count: 5, demo: false, creator_role: "software-engineer", creator_org_size: "2-5", trial_ends_at: "2025-02-03 21:39:20.837882000 +0000", creator_source: "colleague-friend", creator_why: "Building products together as a team">, @value="Organization;3">] ]
[1;38;5;2mapi-web           [0m |   [1m[36mFlipper feature(archive_notifications) enabled? false (0.0ms)[0m  [ actors=[#<Flipper::Types::Actor:0x00007f32fa9e2d78 @actor=#<Organization id: 3, public_id: "tefy9r4751zw", name: "COSYLAND", slug: "cosyland", email_domain: nil, billing_email: "faiz@cosy.land", avatar_path: "o/tefy9r4751zw/a/3003be93-ed27-44af-ab1a-c0e0bfd18...", slack_channel_id: nil, invite_token: [FILTERED], creator_id: 15, onboarded_at: nil, created_at: "2025-01-20 21:39:20.891431000 +0000", updated_at: "2025-01-20 22:23:10.189602000 +0000", plan_name: "pro", member_count: 5, demo: false, creator_role: "software-engineer", creator_org_size: "2-5", trial_ends_at: "2025-02-03 21:39:20.837882000 +0000", creator_source: "colleague-friend", creator_why: "Building products together as a team">, @value="Organization;3">] ]
[1;38;5;2mapi-web           [0m |   [1m[36mFlipper feature(relative_time) enabled? false (0.0ms)[0m  [ actors=[#<Flipper::Types::Actor:0x00007f32fa9e1ef0 @actor=#<Organization id: 3, public_id: "tefy9r4751zw", name: "COSYLAND", slug: "cosyland", email_domain: nil, billing_email: "faiz@cosy.land", avatar_path: "o/tefy9r4751zw/a/3003be93-ed27-44af-ab1a-c0e0bfd18...", slack_channel_id: nil, invite_token: [FILTERED], creator_id: 15, onboarded_at: nil, created_at: "2025-01-20 21:39:20.891431000 +0000", updated_at: "2025-01-20 22:23:10.189602000 +0000", plan_name: "pro", member_count: 5, demo: false, creator_role: "software-engineer", creator_org_size: "2-5", trial_ends_at: "2025-02-03 21:39:20.837882000 +0000", creator_source: "colleague-friend", creator_why: "Building products together as a team">, @value="Organization;3">] ]
[1;38;5;2mapi-web           [0m |   [1m[36mFlipper feature(firehose) enabled? false (0.0ms)[0m  [ actors=[#<Flipper::Types::Actor:0x00007f32fa9e0be0 @actor=#<Organization id: 3, public_id: "tefy9r4751zw", name: "COSYLAND", slug: "cosyland", email_domain: nil, billing_email: "faiz@cosy.land", avatar_path: "o/tefy9r4751zw/a/3003be93-ed27-44af-ab1a-c0e0bfd18...", slack_channel_id: nil, invite_token: [FILTERED], creator_id: 15, onboarded_at: nil, created_at: "2025-01-20 21:39:20.891431000 +0000", updated_at: "2025-01-20 22:23:10.189602000 +0000", plan_name: "pro", member_count: 5, demo: false, creator_role: "software-engineer", creator_org_size: "2-5", trial_ends_at: "2025-02-03 21:39:20.837882000 +0000", creator_source: "colleague-friend", creator_why: "Building products together as a team">, @value="Organization;3">] ]
[1;38;5;2mapi-web           [0m |   [1m[36mFlipper feature(grouped_notifications) enabled? false (0.0ms)[0m  [ actors=[#<Flipper::Types::Actor:0x00007f32faa3f6e0 @actor=#<Organization id: 3, public_id: "tefy9r4751zw", name: "COSYLAND", slug: "cosyland", email_domain: nil, billing_email: "faiz@cosy.land", avatar_path: "o/tefy9r4751zw/a/3003be93-ed27-44af-ab1a-c0e0bfd18...", slack_channel_id: nil, invite_token: [FILTERED], creator_id: 15, onboarded_at: nil, created_at: "2025-01-20 21:39:20.891431000 +0000", updated_at: "2025-01-20 22:23:10.189602000 +0000", plan_name: "pro", member_count: 5, demo: false, creator_role: "software-engineer", creator_org_size: "2-5", trial_ends_at: "2025-02-03 21:39:20.837882000 +0000", creator_source: "colleague-friend", creator_why: "Building products together as a team">, @value="Organization;3">] ]
[1;38;5;2mapi-web           [0m |   ↳ app/controllers/concerns/current_attributable.rb:17:in `set_current_user'
[1;38;5;2mapi-web           [0m | Completed 200 OK in 127ms (Views: 0.1ms | ActiveRecord: 39.7ms (5 queries, 0 cached) | GC: 15.2ms)
[1;38;5;2mapi-web           [0m | 
[1;38;5;2mapi-web           [0m | 
[1;38;5;2mapi-web           [0m |   [1m[36mFlipper feature(comfy_compact_layout) enabled? false (0.3ms)[0m  [ actors=[#<Flipper::Types::Actor:0x00007f32faa3e498 @actor=#<Organization id: 3, public_id: "tefy9r4751zw", name: "COSYLAND", slug: "cosyland", email_domain: nil, billing_email: "faiz@cosy.land", avatar_path: "o/tefy9r4751zw/a/3003be93-ed27-44af-ab1a-c0e0bfd18...", slack_channel_id: nil, invite_token: [FILTERED], creator_id: 15, onboarded_at: nil, created_at: "2025-01-20 21:39:20.891431000 +0000", updated_at: "2025-01-20 22:23:10.189602000 +0000", plan_name: "pro", member_count: 5, demo: false, creator_role: "software-engineer", creator_org_size: "2-5", trial_ends_at: "2025-02-03 21:39:20.837882000 +0000", creator_source: "colleague-friend", creator_why: "Building products together as a team">, @value="Organization;3">] ]
[1;38;5;2mapi-web           [0m |   [1m[36mUser Exists? (5.7ms)[0m  [1m[34mSELECT 1 AS one FROM `users` INNER JOIN `organization_memberships` ON `users`.`id` = `organization_memberships`.`user_id` WHERE `organization_memberships`.`organization_id` = 3 AND `organization_memberships`.`discarded_at` IS NULL AND `users`.`id` = 15 LIMIT 1 /*action='index',application='CampsiteApi',controller='organization_members'*/[0m
[1;38;5;2mapi-web           [0m |   ↳ app/policies/organization_policy.rb:200:in `org_member?'
[1;38;5;2mapi-web           [0m |   [1m[35mSQL (2.3ms)[0m  [1m[34mSELECT `organization_memberships`.`id` AS t0_r0, `organization_memberships`.`public_id` AS t0_r1, `organization_memberships`.`organization_id` AS t0_r2, `organization_memberships`.`user_id` AS t0_r3, `organization_memberships`.`created_at` AS t0_r4, `organization_memberships`.`updated_at` AS t0_r5, `organization_memberships`.`discarded_at` AS t0_r6, `organization_memberships`.`last_seen_at` AS t0_r7, `organization_memberships`.`role_name` AS t0_r8, `organization_memberships`.`latest_status_id` AS t0_r9, `organization_memberships`.`position` AS t0_r10, `organization_memberships`.`last_viewed_posts_at` AS t0_r11, `organization_memberships`.`home_last_seen_at` AS t0_r12, `organization_memberships`.`activity_last_seen_at` AS t0_r13, `organization_membership_statuses`.`id` AS t1_r0, `organization_membership_statuses`.`message` AS t1_r1, `organization_membership_statuses`.`emoji` AS t1_r2, `organization_membership_statuses`.`expires_at` AS t1_r3, `organization_membership_statuses`.`organization_membership_id` AS t1_r4, `organization_membership_statuses`.`created_at` AS t1_r5, `organization_membership_statuses`.`updated_at` AS t1_r6, `organization_membership_statuses`.`expiration_setting` AS t1_r7, `organization_membership_statuses`.`pause_notifications` AS t1_r8, `organization`.`id` AS t2_r0, `organization`.`public_id` AS t2_r1, `organization`.`name` AS t2_r2, `organization`.`slug` AS t2_r3, `organization`.`email_domain` AS t2_r4, `organization`.`billing_email` AS t2_r5, `organization`.`avatar_path` AS t2_r6, `organization`.`slack_channel_id` AS t2_r7, `organization`.`invite_token` AS t2_r8, `organization`.`creator_id` AS t2_r9, `organization`.`onboarded_at` AS t2_r10, `organization`.`created_at` AS t2_r11, `organization`.`updated_at` AS t2_r12, `organization`.`plan_name` AS t2_r13, `organization`.`member_count` AS t2_r14, `organization`.`demo` AS t2_r15, `organization`.`creator_role` AS t2_r16, `organization`.`creator_org_size` AS t2_r17, `organization`.`trial_ends_at` AS t2_r18, `organization`.`creator_source` AS t2_r19, `organization`.`creator_why` AS t2_r20, `organization_settings`.`id` AS t3_r0, `organization_settings`.`key` AS t3_r1, `organization_settings`.`value` AS t3_r2, `organization_settings`.`organization_id` AS t3_r3, `organization_settings`.`created_at` AS t3_r4, `organization_settings`.`updated_at` AS t3_r5 FROM `organization_memberships` INNER JOIN `organizations` `organization` ON `organization`.`id` = `organization_memberships`.`organization_id` LEFT OUTER JOIN `organization_settings` ON `organization_settings`.`key` = 'enforce_two_factor_authentication' AND `organization_settings`.`organization_id` = `organization`.`id` LEFT OUTER JOIN `organization_membership_statuses` ON `organization_membership_statuses`.`id` = `organization_memberships`.`latest_status_id` WHERE `organization_memberships`.`user_id` = 15 AND `organization_memberships`.`discarded_at` IS NULL AND `organization`.`slug` = 'cosyland' LIMIT 1 /*action='index',application='CampsiteApi',controller='message_threads'*/[0m
[1;38;5;2mapi-web           [0m |   [1m[36mFlipper feature(message_email_notifications) enabled? false (0.0ms)[0m  [ actors=[#<Flipper::Types::Actor:0x00007f32faa3cff8 @actor=#<Organization id: 3, public_id: "tefy9r4751zw", name: "COSYLAND", slug: "cosyland", email_domain: nil, billing_email: "faiz@cosy.land", avatar_path: "o/tefy9r4751zw/a/3003be93-ed27-44af-ab1a-c0e0bfd18...", slack_channel_id: nil, invite_token: [FILTERED], creator_id: 15, onboarded_at: nil, created_at: "2025-01-20 21:39:20.891431000 +0000", updated_at: "2025-01-20 22:23:10.189602000 +0000", plan_name: "pro", member_count: 5, demo: false, creator_role: "software-engineer", creator_org_size: "2-5", trial_ends_at: "2025-02-03 21:39:20.837882000 +0000", creator_source: "colleague-friend", creator_why: "Building products together as a team">, @value="Organization;3">] ]
[1;38;5;2mapi-web           [0m |   [1m[36mFlipper feature(integration_dms) enabled? false (0.0ms)[0m  [ actors=[#<Flipper::Types::Actor:0x00007f32faa6c9b0 @actor=#<Organization id: 3, public_id: "tefy9r4751zw", name: "COSYLAND", slug: "cosyland", email_domain: nil, billing_email: "faiz@cosy.land", avatar_path: "o/tefy9r4751zw/a/3003be93-ed27-44af-ab1a-c0e0bfd18...", slack_channel_id: nil, invite_token: [FILTERED], creator_id: 15, onboarded_at: nil, created_at: "2025-01-20 21:39:20.891431000 +0000", updated_at: "2025-01-20 22:23:10.189602000 +0000", plan_name: "pro", member_count: 5, demo: false, creator_role: "software-engineer", creator_org_size: "2-5", trial_ends_at: "2025-02-03 21:39:20.837882000 +0000", creator_source: "colleague-friend", creator_why: "Building products together as a team">, @value="Organization;3">] ]
[1;38;5;2mapi-web           [0m |   [1m[36mFlipper feature(chat_channels) enabled? false (0.0ms)[0m  [ actors=[#<Flipper::Types::Actor:0x00007f32faa6bb00 @actor=#<Organization id: 3, public_id: "tefy9r4751zw", name: "COSYLAND", slug: "cosyland", email_domain: nil, billing_email: "faiz@cosy.land", avatar_path: "o/tefy9r4751zw/a/3003be93-ed27-44af-ab1a-c0e0bfd18...", slack_channel_id: nil, invite_token: [FILTERED], creator_id: 15, onboarded_at: nil, created_at: "2025-01-20 21:39:20.891431000 +0000", updated_at: "2025-01-20 22:23:10.189602000 +0000", plan_name: "pro", member_count: 5, demo: false, creator_role: "software-engineer", creator_org_size: "2-5", trial_ends_at: "2025-02-03 21:39:20.837882000 +0000", creator_source: "colleague-friend", creator_why: "Building products together as a team">, @value="Organization;3">] ]
[1;38;5;2mapi-web           [0m |   [1m[36mFlipper feature(channel_split_view) enabled? false (0.0ms)[0m  [ actors=[#<Flipper::Types::Actor:0x00007f32faa6ac50 @actor=#<Organization id: 3, public_id: "tefy9r4751zw", name: "COSYLAND", slug: "cosyland", email_domain: nil, billing_email: "faiz@cosy.land", avatar_path: "o/tefy9r4751zw/a/3003be93-ed27-44af-ab1a-c0e0bfd18...", slack_channel_id: nil, invite_token: [FILTERED], creator_id: 15, onboarded_at: nil, created_at: "2025-01-20 21:39:20.891431000 +0000", updated_at: "2025-01-20 22:23:10.189602000 +0000", plan_name: "pro", member_count: 5, demo: false, creator_role: "software-engineer", creator_org_size: "2-5", trial_ends_at: "2025-02-03 21:39:20.837882000 +0000", creator_source: "colleague-friend", creator_why: "Building products together as a team">, @value="Organization;3">] ]
[1;38;5;2mapi-web           [0m |   [1m[36mFlipper feature(no_emoji_accessories) enabled? false (0.0ms)[0m  [ actors=[#<Flipper::Types::Actor:0x00007f32faa699b8 @actor=#<Organization id: 3, public_id: "tefy9r4751zw", name: "COSYLAND", slug: "cosyland", email_domain: nil, billing_email: "faiz@cosy.land", avatar_path: "o/tefy9r4751zw/a/3003be93-ed27-44af-ab1a-c0e0bfd18...", slack_channel_id: nil, invite_token: [FILTERED], creator_id: 15, onboarded_at: nil, created_at: "2025-01-20 21:39:20.891431000 +0000", updated_at: "2025-01-20 22:23:10.189602000 +0000", plan_name: "pro", member_count: 5, demo: false, creator_role: "software-engineer", creator_org_size: "2-5", trial_ends_at: "2025-02-03 21:39:20.837882000 +0000", creator_source: "colleague-friend", creator_why: "Building products together as a team">, @value="Organization;3">] ]
[1;38;5;2mapi-web           [0m |   [1m[36mFlipper feature(export) enabled? false (1.1ms)[0m  [ actors=[#<Flipper::Types::Actor:0x00007f32faa684f0 @actor=#<Organization id: 3, public_id: "tefy9r4751zw", name: "COSYLAND", slug: "cosyland", email_domain: nil, billing_email: "faiz@cosy.land", avatar_path: "o/tefy9r4751zw/a/3003be93-ed27-44af-ab1a-c0e0bfd18...", slack_channel_id: nil, invite_token: [FILTERED], creator_id: 15, onboarded_at: nil, created_at: "2025-01-20 21:39:20.891431000 +0000", updated_at: "2025-01-20 22:23:10.189602000 +0000", plan_name: "pro", member_count: 5, demo: false, creator_role: "software-engineer", creator_org_size: "2-5", trial_ends_at: "2025-02-03 21:39:20.837882000 +0000", creator_source: "colleague-friend", creator_why: "Building products together as a team">, @value="Organization;3">] ]
[1;38;5;2mapi-web           [0m |   [1m[36mFlipper feature(api_endpoint_list_members) enabled? false (0.0ms)[0m  [ actors=[#<Flipper::Types::Actor:0x00007f32faa67050 @actor=#<Organization id: 3, public_id: "tefy9r4751zw", name: "COSYLAND", slug: "cosyland", email_domain: nil, billing_email: "faiz@cosy.land", avatar_path: "o/tefy9r4751zw/a/3003be93-ed27-44af-ab1a-c0e0bfd18...", slack_channel_id: nil, invite_token: [FILTERED], creator_id: 15, onboarded_at: nil, created_at: "2025-01-20 21:39:20.891431000 +0000", updated_at: "2025-01-20 22:23:10.189602000 +0000", plan_name: "pro", member_count: 5, demo: false, creator_role: "software-engineer", creator_org_size: "2-5", trial_ends_at: "2025-02-03 21:39:20.837882000 +0000", creator_source: "colleague-friend", creator_why: "Building products together as a team">, @value="Organization;3">] ]
[1;38;5;2mapi-web           [0m |   [1m[36mFlipper feature(api_endpoint_list_posts) enabled? false (0.0ms)[0m  [ actors=[#<Flipper::Types::Actor:0x00007f32faa65980 @actor=#<Organization id: 3, public_id: "tefy9r4751zw", name: "COSYLAND", slug: "cosyland", email_domain: nil, billing_email: "faiz@cosy.land", avatar_path: "o/tefy9r4751zw/a/3003be93-ed27-44af-ab1a-c0e0bfd18...", slack_channel_id: nil, invite_token: [FILTERED], creator_id: 15, onboarded_at: nil, created_at: "2025-01-20 21:39:20.891431000 +0000", updated_at: "2025-01-20 22:23:10.189602000 +0000", plan_name: "pro", member_count: 5, demo: false, creator_role: "software-engineer", creator_org_size: "2-5", trial_ends_at: "2025-02-03 21:39:20.837882000 +0000", creator_source: "colleague-friend", creator_why: "Building products together as a team">, @value="Organization;3">] ]
[1;38;5;2mapi-web           [0m |   [1m[36mFlipper feature(multi_org_apps) enabled? false (0.0ms)[0m  [ actors=[#<Flipper::Types::Actor:0x00007f32faa62dc0 @actor=#<Organization id: 3, public_id: "tefy9r4751zw", name: "COSYLAND", slug: "cosyland", email_domain: nil, billing_email: "faiz@cosy.land", avatar_path: "o/tefy9r4751zw/a/3003be93-ed27-44af-ab1a-c0e0bfd18...", slack_channel_id: nil, invite_token: [FILTERED], creator_id: 15, onboarded_at: nil, created_at: "2025-01-20 21:39:20.891431000 +0000", updated_at: "2025-01-20 22:23:10.189602000 +0000", plan_name: "pro", member_count: 5, demo: false, creator_role: "software-engineer", creator_org_size: "2-5", trial_ends_at: "2025-02-03 21:39:20.837882000 +0000", creator_source: "colleague-friend", creator_why: "Building products together as a team">, @value="Organization;3">] ]
[1;38;5;2mapi-web           [0m |   ↳ app/controllers/api/v1/base_controller.rb:110:in `current_organization_membership'
[1;38;5;2mapi-web           [0m | Completed 200 OK in 60ms (Views: 0.2ms | ActiveRecord: 10.9ms (3 queries, 0 cached) | GC: 0.0ms)
[1;38;5;2mapi-web           [0m | 
[1;38;5;2mapi-web           [0m | 
[1;38;5;2mapi-web           [0m |   [1m[35mSQL (3.7ms)[0m  [1m[34mSELECT `project_memberships`.`id` AS t0_r0, `project_memberships`.`public_id` AS t0_r1, `project_memberships`.`position` AS t0_r2, `project_memberships`.`project_id` AS t0_r3, `project_memberships`.`organization_membership_id` AS t0_r4, `project_memberships`.`created_at` AS t0_r5, `project_memberships`.`updated_at` AS t0_r6, `project_memberships`.`discarded_at` AS t0_r7, `project_memberships`.`oauth_application_id` AS t0_r8, `projects`.`id` AS t1_r0, `projects`.`public_id` AS t1_r1, `projects`.`name` AS t1_r2, `projects`.`description` AS t1_r3, `projects`.`slack_channel_id` AS t1_r4, `projects`.`creator_id` AS t1_r5, `projects`.`organization_id` AS t1_r6, `projects`.`archived_at` AS t1_r7, `projects`.`archived_by_id` AS t1_r8, `projects`.`created_at` AS t1_r9, `projects`.`updated_at` AS t1_r10, `projects`.`posts_count` AS t1_r11, `projects`.`cover_photo_path` AS t1_r12, `projects`.`accessory` AS t1_r13, `projects`.`private` AS t1_r14, `projects`.`is_default` AS t1_r15, `projects`.`is_general` AS t1_r16, `projects`.`contributors_count` AS t1_r17, `projects`.`members_count` AS t1_r18, `projects`.`last_activity_at` AS t1_r19, `projects`.`personal` AS t1_r20, `projects`.`invite_token` AS t1_r21, `projects`.`guests_count` AS t1_r22, `projects`.`message_thread_id` AS t1_r23, `projects`.`display_reactions` AS t1_r24, `projects`.`display_attachments` AS t1_r25, `projects`.`display_comments` AS t1_r26, `projects`.`display_resolved` AS t1_r27, `organizations`.`id` AS t2_r0, `organizations`.`public_id` AS t2_r1, `organizations`.`name` AS t2_r2, `organizations`.`slug` AS t2_r3, `organizations`.`email_domain` AS t2_r4, `organizations`.`billing_email` AS t2_r5, `organizations`.`avatar_path` AS t2_r6, `organizations`.`slack_channel_id` AS t2_r7, `organizations`.`invite_token` AS t2_r8, `organizations`.`creator_id` AS t2_r9, `organizations`.`onboarded_at` AS t2_r10, `organizations`.`created_at` AS t2_r11, `organizations`.`updated_at` AS t2_r12, `organizations`.`plan_name` AS t2_r13, `organizations`.`member_count` AS t2_r14, `organizations`.`demo` AS t2_r15, `organizations`.`creator_role` AS t2_r16, `organizations`.`creator_org_size` AS t2_r17, `organizations`.`trial_ends_at` AS t2_r18, `organizations`.`creator_source` AS t2_r19, `organizations`.`creator_why` AS t2_r20, `integration_channels`.`id` AS t3_r0, `integration_channels`.`provider_channel_id` AS t3_r1, `integration_channels`.`name` AS t3_r2, `integration_channels`.`private` AS t3_r3, `integration_channels`.`integration_id` AS t3_r4, `integration_channels`.`created_at` AS t3_r5, `integration_channels`.`updated_at` AS t3_r6, `integration_channels`.`public_id` AS t3_r7, `message_threads`.`id` AS t4_r0, `message_threads`.`owner_id` AS t4_r1, `message_threads`.`public_id` AS t4_r2, `message_threads`.`title` AS t4_r3, `message_threads`.`last_message_at` AS t4_r4, `message_threads`.`latest_message_id` AS t4_r5, `message_threads`.`created_at` AS t4_r6, `message_threads`.`updated_at` AS t4_r7, `message_threads`.`members_count` AS t4_r8, `message_threads`.`image_path` AS t4_r9, `message_threads`.`group` AS t4_r10, `message_threads`.`discarded_at` AS t4_r11, `message_threads`.`notification_forced_at` AS t4_r12, `message_threads`.`owner_type` AS t4_r13, `call_rooms`.`id` AS t5_r0, `call_rooms`.`subject_type` AS t5_r1, `call_rooms`.`subject_id` AS t5_r2, `call_rooms`.`remote_room_id` AS t5_r3, `call_rooms`.`created_at` AS t5_r4, `call_rooms`.`updated_at` AS t5_r5, `call_rooms`.`organization_id` AS t5_r6, `call_rooms`.`public_id` AS t5_r7, `call_rooms`.`source` AS t5_r8, `call_rooms`.`creator_id` AS t5_r9, `organizations_call_rooms`.`id` AS t6_r0, `organizations_call_rooms`.`public_id` AS t6_r1, `organizations_call_rooms`.`name` AS t6_r2, `organizations_call_rooms`.`slug` AS t6_r3, `organizations_call_rooms`.`email_domain` AS t6_r4, `organizations_call_rooms`.`billing_email` AS t6_r5, `organizations_call_rooms`.`avatar_path` AS t6_r6, `organizations_call_rooms`.`slack_channel_id` AS t6_r7, `organizations_call_rooms`.`invite_token` AS t6_r8, `organizations_call_rooms`.`creator_id` AS t6_r9, `organizations_call_rooms`.`onboarded_at` AS t6_r10, `organizations_call_rooms`.`created_at` AS t6_r11, `organizations_call_rooms`.`updated_at` AS t6_r12, `organizations_call_rooms`.`plan_name` AS t6_r13, `organizations_call_rooms`.`member_count` AS t6_r14, `organizations_call_rooms`.`demo` AS t6_r15, `organizations_call_rooms`.`creator_role` AS t6_r16, `organizations_call_rooms`.`creator_org_size` AS t6_r17, `organizations_call_rooms`.`trial_ends_at` AS t6_r18, `organizations_call_rooms`.`creator_source` AS t6_r19, `organizations_call_rooms`.`creator_why` AS t6_r20 FROM `project_memberships` LEFT OUTER JOIN `projects` ON `projects`.`id` = `project_memberships`.`project_id` LEFT OUTER JOIN `organizations` ON `organizations`.`id` = `projects`.`organization_id` LEFT OUTER JOIN `integration_channels` ON `integration_channels`.`provider_channel_id` = `projects`.`slack_channel_id` LEFT OUTER JOIN `message_threads` ON `message_threads`.`id` = `projects`.`message_thread_id` LEFT OUTER JOIN `call_rooms` ON `call_rooms`.`subject_type` = 'Project' AND `call_rooms`.`subject_id` = `projects`.`id` LEFT OUTER JOIN `organizations` `organizations_call_rooms` ON `organizations_call_rooms`.`id` = `call_rooms`.`organization_id` WHERE `project_memberships`.`organization_membership_id` = 15 AND `project_memberships`.`discarded_at` IS NULL ORDER BY `project_memberships`.`position` ASC /*action='index',application='CampsiteApi',controller='project_memberships'*/[0m
[1;38;5;2mapi-web           [0m |   ↳ app/serializers/api_serializer.rb:111:in `flatten'
[1;38;5;2mapi-web           [0m |   [1m[35mSQL (6.2ms)[0m  [1m[34mSELECT DISTINCT organization_memberships.last_seen_at AS alias_0, organization_memberships.id AS alias_1, `organization_memberships`.`id` FROM `organization_memberships` INNER JOIN `users` ON `users`.`id` = `organization_memberships`.`user_id` INNER JOIN `organizations` ON `organizations`.`id` = `organization_memberships`.`organization_id` LEFT OUTER JOIN `project_memberships` `kept_project_memberships` ON `kept_project_memberships`.`discarded_at` IS NULL AND `kept_project_memberships`.`organization_membership_id` = `organization_memberships`.`id` LEFT OUTER JOIN `projects` ON `projects`.`archived_at` IS NULL AND `projects`.`id` = `kept_project_memberships`.`project_id` LEFT OUTER JOIN `organization_membership_statuses` ON `organization_membership_statuses`.`id` = `organization_memberships`.`latest_status_id` WHERE `organization_memberships`.`organization_id` = 3 AND `organization_memberships`.`discarded_at` IS NULL AND (users.username LIKE '%%' OR users.name LIKE '%%' OR users.email LIKE '%%') AND `organization_memberships`.`organization_id` IN (SELECT `organizations`.`id` FROM `organizations` INNER JOIN `organization_memberships` ON `organizations`.`id` = `organization_memberships`.`organization_id` WHERE `organization_memberships`.`user_id` = 15 AND `organization_memberships`.`discarded_at` IS NULL) AND (`organization_memberships`.`role_name` != 'guest' OR `organization_memberships`.`organization_id` IN (SELECT `organizations`.`id` FROM `organizations` INNER JOIN `organization_memberships` ON `organizations`.`id` = `organization_memberships`.`organization_id` WHERE `organization_memberships`.`user_id` = 15 AND `organization_memberships`.`discarded_at` IS NULL AND `organization_memberships`.`role_name` IN ('admin', 'member', 'viewer')) OR `kept_project_memberships`.`project_id` IN (SELECT `projects`.`id` FROM `projects` INNER JOIN `project_memberships` ON `projects`.`id` = `project_memberships`.`project_id` INNER JOIN `organization_memberships` ON `project_memberships`.`organization_membership_id` = `organization_memberships`.`id` WHERE `organization_memberships`.`user_id` = 15 AND `organization_memberships`.`discarded_at` IS NULL AND `project_memberships`.`discarded_at` IS NULL AND `projects`.`archived_at` IS NULL) OR `organization_memberships`.`user_id` = 15) ORDER BY organization_memberships.last_seen_at desc, organization_memberships.id desc LIMIT 51 /*action='index',application='CampsiteApi',controller='organization_members'*/[0m
[1;38;5;2mapi-web           [0m |   ↳ lib/cursor_pagination.rb:67:in `run'
[1;38;5;2mapi-web           [0m |   [1m[36mUser Exists? (3.6ms)[0m  [1m[34mSELECT 1 AS one FROM `users` INNER JOIN `organization_memberships` ON `users`.`id` = `organization_memberships`.`user_id` WHERE `organization_memberships`.`organization_id` = 3 AND `organization_memberships`.`discarded_at` IS NULL AND `users`.`id` = 15 LIMIT 1 /*action='index',application='CampsiteApi',controller='message_threads'*/[0m
[1;38;5;2mapi-web           [0m |   ↳ app/policies/organization_policy.rb:200:in `org_member?'
[1;38;5;2mapi-web           [0m | Started GET "/v1/users/me/notification_schedule" for 87.75.141.139 at 2025-01-24 00:34:25 +0100
[1;38;5;2mapi-web           [0m | Cannot render console from 172.68.205.200! Allowed networks: 127.0.0.0/127.255.255.255, ::1
[1;38;5;2mapi-web           [0m |   [1m[35mSQL (3.0ms)[0m  [1m[34mSELECT `organization_memberships`.`id` AS t0_r0, `organization_memberships`.`public_id` AS t0_r1, `organization_memberships`.`organization_id` AS t0_r2, `organization_memberships`.`user_id` AS t0_r3, `organization_memberships`.`created_at` AS t0_r4, `organization_memberships`.`updated_at` AS t0_r5, `organization_memberships`.`discarded_at` AS t0_r6, `organization_memberships`.`last_seen_at` AS t0_r7, `organization_memberships`.`role_name` AS t0_r8, `organization_memberships`.`latest_status_id` AS t0_r9, `organization_memberships`.`position` AS t0_r10, `organization_memberships`.`last_viewed_posts_at` AS t0_r11, `organization_memberships`.`home_last_seen_at` AS t0_r12, `organization_memberships`.`activity_last_seen_at` AS t0_r13, `users`.`id` AS t1_r0, `users`.`username` AS t1_r1, `users`.`name` AS t1_r2, `users`.`public_id` AS t1_r3, `users`.`avatar_path` AS t1_r4, `users`.`email` AS t1_r5, `users`.`encrypted_password` AS t1_r6, `users`.`reset_password_token` AS t1_r7, `users`.`reset_password_sent_at` AS t1_r8, `users`.`remember_created_at` AS t1_r9, `users`.`confirmation_token` AS t1_r10, `users`.`confirmed_at` AS t1_r11, `users`.`confirmation_sent_at` AS t1_r12, `users`.`unconfirmed_email` AS t1_r13, `users`.`omniauth_provider` AS t1_r14, `users`.`omniauth_uid` AS t1_r15, `users`.`onboarded_at` AS t1_r16, `users`.`created_at` AS t1_r17, `users`.`updated_at` AS t1_r18, `users`.`cover_photo_path` AS t1_r19, `users`.`login_token` AS t1_r20, `users`.`login_token_expires_at` AS t1_r21, `users`.`consumed_timestep` AS t1_r22, `users`.`otp_backup_codes` AS t1_r23, `users`.`otp_enabled` AS t1_r24, `users`.`otp_secret` AS t1_r25, `users`.`last_seen_at` AS t1_r26, `users`.`login_token_sso_id` AS t1_r27, `users`.`scheduled_email_notifications_from` AS t1_r28, `users`.`demo` AS t1_r29, `users`.`staff` AS t1_r30, `users`.`referrer` AS t1_r31, `users`.`landing_url` AS t1_r32, `users`.`notification_pause_expires_at` AS t1_r33, `users`.`preferred_timezone` AS t1_r34, `users`.`notifications_paused_at` AS t1_r35, `organization_membership_statuses`.`id` AS t2_r0, `organization_membership_statuses`.`message` AS t2_r1, `organization_membership_statuses`.`emoji` AS t2_r2, `organization_membership_statuses`.`expires_at` AS t2_r3, `organization_membership_statuses`.`organization_membership_id` AS t2_r4, `organization_membership_statuses`.`created_at` AS t2_r5, `organization_membership_statuses`.`updated_at` AS t2_r6, `organization_membership_statuses`.`expiration_setting` AS t2_r7, `organization_membership_statuses`.`pause_notifications` AS t2_r8 FROM `organization_memberships` INNER JOIN `users` ON `users`.`id` = `organization_memberships`.`user_id` INNER JOIN `organizations` ON `organizations`.`id` = `organization_memberships`.`organization_id` LEFT OUTER JOIN `project_memberships` `kept_project_memberships` ON `kept_project_memberships`.`discarded_at` IS NULL AND `kept_project_memberships`.`organization_membership_id` = `organization_memberships`.`id` LEFT OUTER JOIN `projects` ON `projects`.`archived_at` IS NULL AND `projects`.`id` = `kept_project_memberships`.`project_id` LEFT OUTER JOIN `organization_membership_statuses` ON `organization_membership_statuses`.`id` = `organization_memberships`.`latest_status_id` WHERE `organization_memberships`.`organization_id` = 3 AND `organization_memberships`.`discarded_at` IS NULL AND (users.username LIKE '%%' OR users.name LIKE '%%' OR users.email LIKE '%%') AND `organization_memberships`.`organization_id` IN (SELECT `organizations`.`id` FROM `organizations` INNER JOIN `organization_memberships` ON `organizations`.`id` = `organization_memberships`.`organization_id` WHERE `organization_memberships`.`user_id` = 15 AND `organization_memberships`.`discarded_at` IS NULL) AND (`organization_memberships`.`role_name` != 'guest' OR `organization_memberships`.`organization_id` IN (SELECT `organizations`.`id` FROM `organizations` INNER JOIN `organization_memberships` ON `organizations`.`id` = `organization_memberships`.`organization_id` WHERE `organization_memberships`.`user_id` = 15 AND `organization_memberships`.`discarded_at` IS NULL AND `organization_memberships`.`role_name` IN ('admin', 'member', 'viewer')) OR `kept_project_memberships`.`project_id` IN (SELECT `projects`.`id` FROM `projects` INNER JOIN `project_memberships` ON `projects`.`id` = `project_memberships`.`project_id` INNER JOIN `organization_memberships` ON `project_memberships`.`organization_membership_id` = `organization_memberships`.`id` WHERE `organization_memberships`.`user_id` = 15 AND `organization_memberships`.`discarded_at` IS NULL AND `project_memberships`.`discarded_at` IS NULL AND `projects`.`archived_at` IS NULL) OR `organization_memberships`.`user_id` = 15) AND `organization_memberships`.`id` IN (15, 16, 19, 17, 18) ORDER BY organization_memberships.last_seen_at desc, organization_memberships.id desc /*action='index',application='CampsiteApi',controller='organization_members'*/[0m
[1;38;5;2mapi-web           [0m |   ↳ lib/cursor_pagination.rb:67:in `run'
[1;38;5;2mapi-web           [0m | Completed 200 OK in 148ms (Views: 0.1ms | ActiveRecord: 34.8ms (4 queries, 0 cached) | GC: 16.6ms)
[1;38;5;2mapi-web           [0m | 
[1;38;5;2mapi-web           [0m | 
[1;38;5;2mapi-web           [0m |   [1m[35mSQL (28.3ms)[0m  [1m[34mSELECT `message_threads`.`id` AS t0_r0, `message_threads`.`owner_id` AS t0_r1, `message_threads`.`public_id` AS t0_r2, `message_threads`.`title` AS t0_r3, `message_threads`.`last_message_at` AS t0_r4, `message_threads`.`latest_message_id` AS t0_r5, `message_threads`.`created_at` AS t0_r6, `message_threads`.`updated_at` AS t0_r7, `message_threads`.`members_count` AS t0_r8, `message_threads`.`image_path` AS t0_r9, `message_threads`.`group` AS t0_r10, `message_threads`.`discarded_at` AS t0_r11, `message_threads`.`notification_forced_at` AS t0_r12, `message_threads`.`owner_type` AS t0_r13, `call_rooms`.`id` AS t1_r0, `call_rooms`.`subject_type` AS t1_r1, `call_rooms`.`subject_id` AS t1_r2, `call_rooms`.`remote_room_id` AS t1_r3, `call_rooms`.`created_at` AS t1_r4, `call_rooms`.`updated_at` AS t1_r5, `call_rooms`.`organization_id` AS t1_r6, `call_rooms`.`public_id` AS t1_r7, `call_rooms`.`source` AS t1_r8, `call_rooms`.`creator_id` AS t1_r9, `projects`.`id` AS t2_r0, `projects`.`public_id` AS t2_r1, `projects`.`name` AS t2_r2, `projects`.`description` AS t2_r3, `projects`.`slack_channel_id` AS t2_r4, `projects`.`creator_id` AS t2_r5, `projects`.`organization_id` AS t2_r6, `projects`.`archived_at` AS t2_r7, `projects`.`archived_by_id` AS t2_r8, `projects`.`created_at` AS t2_r9, `projects`.`updated_at` AS t2_r10, `projects`.`posts_count` AS t2_r11, `projects`.`cover_photo_path` AS t2_r12, `projects`.`accessory` AS t2_r13, `projects`.`private` AS t2_r14, `projects`.`is_default` AS t2_r15, `projects`.`is_general` AS t2_r16, `projects`.`contributors_count` AS t2_r17, `projects`.`members_count` AS t2_r18, `projects`.`last_activity_at` AS t2_r19, `projects`.`personal` AS t2_r20, `projects`.`invite_token` AS t2_r21, `projects`.`guests_count` AS t2_r22, `projects`.`message_thread_id` AS t2_r23, `projects`.`display_reactions` AS t2_r24, `projects`.`display_attachments` AS t2_r25, `projects`.`display_comments` AS t2_r26, `projects`.`display_resolved` AS t2_r27, `oauth_applications`.`id` AS t3_r0, `oauth_applications`.`public_id` AS t3_r1, `oauth_applications`.`name` AS t3_r2, `oauth_applications`.`uid` AS t3_r3, `oauth_applications`.`secret` AS t3_r4, `oauth_applications`.`redirect_uri` AS t3_r5, `oauth_applications`.`scopes` AS t3_r6, `oauth_applications`.`confidential` AS t3_r7, `oauth_applications`.`owner_type` AS t3_r8, `oauth_applications`.`owner_id` AS t3_r9, `oauth_applications`.`created_at` AS t3_r10, `oauth_applications`.`updated_at` AS t3_r11, `oauth_applications`.`avatar_path` AS t3_r12, `oauth_applications`.`discarded_at` AS t3_r13, `oauth_applications`.`provider` AS t3_r14, `oauth_applications`.`creator_id` AS t3_r15, `oauth_applications`.`last_copied_secret_at` AS t3_r16, `calls`.`id` AS t4_r0, `calls`.`started_at` AS t4_r1, `calls`.`stopped_at` AS t4_r2, `calls`.`remote_session_id` AS t4_r3, `calls`.`call_room_id` AS t4_r4, `calls`.`created_at` AS t4_r5, `calls`.`updated_at` AS t4_r6, `calls`.`public_id` AS t4_r7, `calls`.`title` AS t4_r8, `calls`.`summary` AS t4_r9, `calls`.`generated_title` AS t4_r10, `calls`.`generated_title_status` AS t4_r11, `calls`.`recordings_duration` AS t4_r12, `calls`.`project_id` AS t4_r13, `calls`.`project_permission` AS t4_r14, `calls`.`generated_summary_status` AS t4_r15, `rooms_calls`.`id` AS t5_r0, `rooms_calls`.`subject_type` AS t5_r1, `rooms_calls`.`subject_id` AS t5_r2, `rooms_calls`.`remote_room_id` AS t5_r3, `rooms_calls`.`created_at` AS t5_r4, `rooms_calls`.`updated_at` AS t5_r5, `rooms_calls`.`organization_id` AS t5_r6, `rooms_calls`.`public_id` AS t5_r7, `rooms_calls`.`source` AS t5_r8, `rooms_calls`.`creator_id` AS t5_r9, `projects_calls`.`id` AS t6_r0, `projects_calls`.`public_id` AS t6_r1, `projects_calls`.`name` AS t6_r2, `projects_calls`.`description` AS t6_r3, `projects_calls`.`slack_channel_id` AS t6_r4, `projects_calls`.`creator_id` AS t6_r5, `projects_calls`.`organization_id` AS t6_r6, `projects_calls`.`archived_at` AS t6_r7, `projects_calls`.`archived_by_id` AS t6_r8, `projects_calls`.`created_at` AS t6_r9, `projects_calls`.`updated_at` AS t6_r10, `projects_calls`.`posts_count` AS t6_r11, `projects_calls`.`cover_photo_path` AS t6_r12, `projects_calls`.`accessory` AS t6_r13, `projects_calls`.`private` AS t6_r14, `projects_calls`.`is_default` AS t6_r15, `projects_calls`.`is_general` AS t6_r16, `projects_calls`.`contributors_count` AS t6_r17, `projects_calls`.`members_count` AS t6_r18, `projects_calls`.`last_activity_at` AS t6_r19, `projects_calls`.`personal` AS t6_r20, `projects_calls`.`invite_token` AS t6_r21, `projects_calls`.`guests_count` AS t6_r22, `projects_calls`.`message_thread_id` AS t6_r23, `projects_calls`.`display_reactions` AS t6_r24, `projects_calls`.`display_attachments` AS t6_r25, `projects_calls`.`display_comments` AS t6_r26, `projects_calls`.`display_resolved` AS t6_r27, `follow_ups`.`id` AS t7_r0, `follow_ups`.`public_id` AS t7_r1, `follow_ups`.`organization_membership_id` AS t7_r2, `follow_ups`.`subject_type` AS t7_r3, `follow_ups`.`subject_id` AS t7_r4, `follow_ups`.`show_at` AS t7_r5, `follow_ups`.`created_at` AS t7_r6, `follow_ups`.`updated_at` AS t7_r7, `follow_ups`.`shown_at` AS t7_r8, `call_peers`.`id` AS t8_r0, `call_peers`.`call_id` AS t8_r1, `call_peers`.`organization_membership_id` AS t8_r2, `call_peers`.`joined_at` AS t8_r3, `call_peers`.`left_at` AS t8_r4, `call_peers`.`remote_peer_id` AS t8_r5, `call_peers`.`created_at` AS t8_r6, `call_peers`.`updated_at` AS t8_r7, `call_peers`.`name` AS t8_r8, `call_peers`.`user_id` AS t8_r9, `users`.`id` AS t9_r0, `users`.`username` AS t9_r1, `users`.`name` AS t9_r2, `users`.`public_id` AS t9_r3, `users`.`avatar_path` AS t9_r4, `users`.`email` AS t9_r5, `users`.`encrypted_password` AS t9_r6, `users`.`reset_password_token` AS t9_r7, `users`.`reset_password_sent_at` AS t9_r8, `users`.`remember_created_at` AS t9_r9, `users`.`confirmation_token` AS t9_r10, `users`.`confirmed_at` AS t9_r11, `users`.`confirmation_sent_at` AS t9_r12, `users`.`unconfirmed_email` AS t9_r13, `users`.`omniauth_provider` AS t9_r14, `users`.`omniauth_uid` AS t9_r15, `users`.`onboarded_at` AS t9_r16, `users`.`created_at` AS t9_r17, `users`.`updated_at` AS t9_r18, `users`.`cover_photo_path` AS t9_r19, `users`.`login_token` AS t9_r20, `users`.`login_token_expires_at` AS t9_r21, `users`.`consumed_timestep` AS t9_r22, `users`.`otp_backup_codes` AS t9_r23, `users`.`otp_enabled` AS t9_r24, `users`.`otp_secret` AS t9_r25, `users`.`last_seen_at` AS t9_r26, `users`.`login_token_sso_id` AS t9_r27, `users`.`scheduled_email_notifications_from` AS t9_r28, `users`.`demo` AS t9_r29, `users`.`staff` AS t9_r30, `users`.`referrer` AS t9_r31, `users`.`landing_url` AS t9_r32, `users`.`notification_pause_expires_at` AS t9_r33, `users`.`preferred_timezone` AS t9_r34, `users`.`notifications_paused_at` AS t9_r35, `organization_memberships`.`id` AS t10_r0, `organization_memberships`.`public_id` AS t10_r1, `organization_memberships`.`organization_id` AS t10_r2, `organization_memberships`.`user_id` AS t10_r3, `organization_memberships`.`created_at` AS t10_r4, `organization_memberships`.`updated_at` AS t10_r5, `organization_memberships`.`discarded_at` AS t10_r6, `organization_memberships`.`last_seen_at` AS t10_r7, `organization_memberships`.`role_name` AS t10_r8, `organization_memberships`.`latest_status_id` AS t10_r9, `organization_memberships`.`position` AS t10_r10, `organization_memberships`.`last_viewed_posts_at` AS t10_r11, `organization_memberships`.`home_last_seen_at` AS t10_r12, `organization_memberships`.`activity_last_seen_at` AS t10_r13, `users_organization_memberships`.`id` AS t11_r0, `users_organization_memberships`.`username` AS t11_r1, `users_organization_memberships`.`name` AS t11_r2, `users_organization_memberships`.`public_id` AS t11_r3, `users_organization_memberships`.`avatar_path` AS t11_r4, `users_organization_memberships`.`email` AS t11_r5, `users_organization_memberships`.`encrypted_password` AS t11_r6, `users_organization_memberships`.`reset_password_token` AS t11_r7, `users_organization_memberships`.`reset_password_sent_at` AS t11_r8, `users_organization_memberships`.`remember_created_at` AS t11_r9, `users_organization_memberships`.`confirmation_token` AS t11_r10, `users_organization_memberships`.`confirmed_at` AS t11_r11, `users_organization_memberships`.`confirmation_sent_at` AS t11_r12, `users_organization_memberships`.`unconfirmed_email` AS t11_r13, `users_organization_memberships`.`omniauth_provider` AS t11_r14, `users_organization_memberships`.`omniauth_uid` AS t11_r15, `users_organization_memberships`.`onboarded_at` AS t11_r16, `users_organization_memberships`.`created_at` AS t11_r17, `users_organization_memberships`.`updated_at` AS t11_r18, `users_organization_memberships`.`cover_photo_path` AS t11_r19, `users_organization_memberships`.`login_token` AS t11_r20, `users_organization_memberships`.`login_token_expires_at` AS t11_r21, `users_organization_memberships`.`consumed_timestep` AS t11_r22, `users_organization_memberships`.`otp_backup_codes` AS t11_r23, `users_organization_memberships`.`otp_enabled` AS t11_r24, `users_organization_memberships`.`otp_secret` AS t11_r25, `users_organization_memberships`.`last_seen_at` AS t11_r26, `users_organization_memberships`.`login_token_sso_id` AS t11_r27, `users_organization_memberships`.`scheduled_email_notifications_from` AS t11_r28, `users_organization_memberships`.`demo` AS t11_r29, `users_organization_memberships`.`staff` AS t11_r30, `users_organization_memberships`.`referrer` AS t11_r31, `users_organization_memberships`.`landing_url` AS t11_r32, `users_organization_memberships`.`notification_pause_expires_at` AS t11_r33, `users_organization_memberships`.`preferred_timezone` AS t11_r34, `users_organization_memberships`.`notifications_paused_at` AS t11_r35, `organization_membership_statuses`.`id` AS t12_r0, `organization_membership_statuses`.`message` AS t12_r1, `organization_membership_statuses`.`emoji` AS t12_r2, `organization_membership_statuses`.`expires_at` AS t12_r3, `organization_membership_statuses`.`organization_membership_id` AS t12_r4, `organization_membership_statuses`.`created_at` AS t12_r5, `organization_membership_statuses`.`updated_at` AS t12_r6, `organization_membership_statuses`.`expiration_setting` AS t12_r7, `organization_membership_statuses`.`pause_notifications` AS t12_r8, `messages`.`id` AS t13_r0, `messages`.`message_thread_id` AS t13_r1, `messages`.`sender_id` AS t13_r2, `messages`.`content` AS t13_r3, `messages`.`public_id` AS t13_r4, `messages`.`created_at` AS t13_r5, `messages`.`updated_at` AS t13_r6, `messages`.`reply_to_id` AS t13_r7, `messages`.`unfurled_link` AS t13_r8, `messages`.`discarded_at` AS t13_r9, `messages`.`call_id` AS t13_r10, `messages`.`integration_id` AS t13_r11, `messages`.`oauth_application_id` AS t13_r12, `messages`.`system_shared_post_id` AS t13_r13, `senders_messages`.`id` AS t14_r0, `senders_messages`.`public_id` AS t14_r1, `senders_messages`.`organization_id` AS t14_r2, `senders_messages`.`user_id` AS t14_r3, `senders_messages`.`created_at` AS t14_r4, `senders_messages`.`updated_at` AS t14_r5, `senders_messages`.`discarded_at` AS t14_r6, `senders_messages`.`last_seen_at` AS t14_r7, `senders_messages`.`role_name` AS t14_r8, `senders_messages`.`latest_status_id` AS t14_r9, `senders_messages`.`position` AS t14_r10, `senders_messages`.`last_viewed_posts_at` AS t14_r11, `senders_messages`.`home_last_seen_at` AS t14_r12, `senders_messages`.`activity_last_seen_at` AS t14_r13, `users_organization_memberships_2`.`id` AS t15_r0, `users_organization_memberships_2`.`username` AS t15_r1, `users_organization_memberships_2`.`name` AS t15_r2, `users_organization_memberships_2`.`public_id` AS t15_r3, `users_organization_memberships_2`.`avatar_path` AS t15_r4, `users_organization_memberships_2`.`email` AS t15_r5, `users_organization_memberships_2`.`encrypted_password` AS t15_r6, `users_organization_memberships_2`.`reset_password_token` AS t15_r7, `users_organization_memberships_2`.`reset_password_sent_at` AS t15_r8, `users_organization_memberships_2`.`remember_created_at` AS t15_r9, `users_organization_memberships_2`.`confirmation_token` AS t15_r10, `users_organization_memberships_2`.`confirmed_at` AS t15_r11, `users_organization_memberships_2`.`confirmation_sent_at` AS t15_r12, `users_organization_memberships_2`.`unconfirmed_email` AS t15_r13, `users_organization_memberships_2`.`omniauth_provider` AS t15_r14, `users_organization_memberships_2`.`omniauth_uid` AS t15_r15, `users_organization_memberships_2`.`onboarded_at` AS t15_r16, `users_organization_memberships_2`.`created_at` AS t15_r17, `users_organization_memberships_2`.`updated_at` AS t15_r18, `users_organization_memberships_2`.`cover_photo_path` AS t15_r19, `users_organization_memberships_2`.`login_token` AS t15_r20, `users_organization_memberships_2`.`login_token_expires_at` AS t15_r21, `users_organization_memberships_2`.`consumed_timestep` AS t15_r22, `users_organization_memberships_2`.`otp_backup_codes` AS t15_r23, `users_organization_memberships_2`.`otp_enabled` AS t15_r24, `users_organization_memberships_2`.`otp_secret` AS t15_r25, `users_organization_memberships_2`.`last_seen_at` AS t15_r26, `users_organization_memberships_2`.`login_token_sso_id` AS t15_r27, `users_organization_memberships_2`.`scheduled_email_notifications_from` AS t15_r28, `users_organization_memberships_2`.`demo` AS t15_r29, `users_organization_memberships_2`.`staff` AS t15_r30, `users_organization_memberships_2`.`referrer` AS t15_r31, `users_organization_memberships_2`.`landing_url` AS t15_r32, `users_organization_memberships_2`.`notification_pause_expires_at` AS t15_r33, `users_organization_memberships_2`.`preferred_timezone` AS t15_r34, `users_organization_memberships_2`.`notifications_paused_at` AS t15_r35, `latest_statuses_organization_memberships`.`id` AS t16_r0, `latest_statuses_organization_memberships`.`message` AS t16_r1, `latest_statuses_organization_memberships`.`emoji` AS t16_r2, `latest_statuses_organization_memberships`.`expires_at` AS t16_r3, `latest_statuses_organization_memberships`.`organization_membership_id` AS t16_r4, `latest_statuses_organization_memberships`.`created_at` AS t16_r5, `latest_statuses_organization_memberships`.`updated_at` AS t16_r6, `latest_statuses_organization_memberships`.`expiration_setting` AS t16_r7, `latest_statuses_organization_memberships`.`pause_notifications` AS t16_r8, `organization_memberships_message_threads`.`id` AS t17_r0, `organization_memberships_message_threads`.`public_id` AS t17_r1, `organization_memberships_message_threads`.`organization_id` AS t17_r2, `organization_memberships_message_threads`.`user_id` AS t17_r3, `organization_memberships_message_threads`.`created_at` AS t17_r4, `organization_memberships_message_threads`.`updated_at` AS t17_r5, `organization_memberships_message_threads`.`discarded_at` AS t17_r6, `organization_memberships_message_threads`.`last_seen_at` AS t17_r7, `organization_memberships_message_threads`.`role_name` AS t17_r8, `organization_memberships_message_threads`.`latest_status_id` AS t17_r9, `organization_memberships_message_threads`.`position` AS t17_r10, `organization_memberships_message_threads`.`last_viewed_posts_at` AS t17_r11, `organization_memberships_message_threads`.`home_last_seen_at` AS t17_r12, `organization_memberships_message_threads`.`activity_last_seen_at` AS t17_r13, `users_organization_memberships_3`.`id` AS t18_r0, `users_organization_memberships_3`.`username` AS t18_r1, `users_organization_memberships_3`.`name` AS t18_r2, `users_organization_memberships_3`.`public_id` AS t18_r3, `users_organization_memberships_3`.`avatar_path` AS t18_r4, `users_organization_memberships_3`.`email` AS t18_r5, `users_organization_memberships_3`.`encrypted_password` AS t18_r6, `users_organization_memberships_3`.`reset_password_token` AS t18_r7, `users_organization_memberships_3`.`reset_password_sent_at` AS t18_r8, `users_organization_memberships_3`.`remember_created_at` AS t18_r9, `users_organization_memberships_3`.`confirmation_token` AS t18_r10, `users_organization_memberships_3`.`confirmed_at` AS t18_r11, `users_organization_memberships_3`.`confirmation_sent_at` AS t18_r12, `users_organization_memberships_3`.`unconfirmed_email` AS t18_r13, `users_organization_memberships_3`.`omniauth_provider` AS t18_r14, `users_organization_memberships_3`.`omniauth_uid` AS t18_r15, `users_organization_memberships_3`.`onboarded_at` AS t18_r16, `users_organization_memberships_3`.`created_at` AS t18_r17, `users_organization_memberships_3`.`updated_at` AS t18_r18, `users_organization_memberships_3`.`cover_photo_path` AS t18_r19, `users_organization_memberships_3`.`login_token` AS t18_r20, `users_organization_memberships_3`.`login_token_expires_at` AS t18_r21, `users_organization_memberships_3`.`consumed_timestep` AS t18_r22, `users_organization_memberships_3`.`otp_backup_codes` AS t18_r23, `users_organization_memberships_3`.`otp_enabled` AS t18_r24, `users_organization_memberships_3`.`otp_secret` AS t18_r25, `users_organization_memberships_3`.`last_seen_at` AS t18_r26, `users_organization_memberships_3`.`login_token_sso_id` AS t18_r27, `users_organization_memberships_3`.`scheduled_email_notifications_from` AS t18_r28, `users_organization_memberships_3`.`demo` AS t18_r29, `users_organization_memberships_3`.`staff` AS t18_r30, `users_organization_memberships_3`.`referrer` AS t18_r31, `users_organization_memberships_3`.`landing_url` AS t18_r32, `users_organization_memberships_3`.`notification_pause_expires_at` AS t18_r33, `users_organization_memberships_3`.`preferred_timezone` AS t18_r34, `users_organization_memberships_3`.`notifications_paused_at` AS t18_r35, `latest_statuses_organization_memberships_2`.`id` AS t19_r0, `latest_statuses_organization_memberships_2`.`message` AS t19_r1, `latest_statuses_organization_memberships_2`.`emoji` AS t19_r2, `latest_statuses_organization_memberships_2`.`expires_at` AS t19_r3, `latest_statuses_organization_memberships_2`.`organization_membership_id` AS t19_r4, `latest_statuses_organization_memberships_2`.`created_at` AS t19_r5, `latest_statuses_organization_memberships_2`.`updated_at` AS t19_r6, `latest_statuses_organization_memberships_2`.`expiration_setting` AS t19_r7, `latest_statuses_organization_memberships_2`.`pause_notifications` AS t19_r8 FROM `message_threads` INNER JOIN `message_thread_memberships` ON `message_threads`.`id` = `message_thread_memberships`.`message_thread_id` LEFT OUTER JOIN `call_rooms` ON `call_rooms`.`subject_type` = 'MessageThread' AND `call_rooms`.`subject_id` = `message_threads`.`id` LEFT OUTER JOIN `projects` ON `projects`.`message_thread_id` = `message_threads`.`id` LEFT OUTER JOIN `message_thread_memberships` `memberships_message_threads_join` ON `memberships_message_threads_join`.`message_thread_id` = `message_threads`.`id` LEFT OUTER JOIN `oauth_applications` ON `oauth_applications`.`id` = `memberships_message_threads_join`.`oauth_application_id` LEFT OUTER JOIN `calls` ON `calls`.`stopped_at` IS NULL AND `calls`.`call_room_id` = `call_rooms`.`id` LEFT OUTER JOIN `call_rooms` `rooms_calls` ON `rooms_calls`.`id` = `calls`.`call_room_id` LEFT OUTER JOIN `projects` `projects_calls` ON `projects_calls`.`id` = `calls`.`project_id` LEFT OUTER JOIN `follow_ups` ON `follow_ups`.`subject_type` = 'Call' AND `follow_ups`.`shown_at` IS NULL AND `follow_ups`.`subject_id` = `calls`.`id` LEFT OUTER JOIN `call_peers` ON `call_peers`.`call_id` = `calls`.`id` LEFT OUTER JOIN `users` ON `users`.`id` = `call_peers`.`user_id` LEFT OUTER JOIN `organization_memberships` ON `organization_memberships`.`id` = `call_peers`.`organization_membership_id` LEFT OUTER JOIN `users` `users_organization_memberships` ON `users_organization_memberships`.`id` = `organization_memberships`.`user_id` LEFT OUTER JOIN `organization_membership_statuses` ON `organization_membership_statuses`.`id` = `organization_memberships`.`latest_status_id` LEFT OUTER JOIN `messages` ON `messages`.`id` = `message_threads`.`latest_message_id` LEFT OUTER JOIN `organization_memberships` `senders_messages` ON `senders_messages`.`id` = `messages`.`sender_id` LEFT OUTER JOIN `users` `users_organization_memberships_2` ON `users_organization_memberships_2`.`id` = `senders_messages`.`user_id` LEFT OUTER JOIN `organization_membership_statuses` `latest_statuses_organization_memberships` ON `latest_statuses_organization_memberships`.`id` = `senders_messages`.`latest_status_id` LEFT OUTER JOIN `organization_memberships` `organization_memberships_message_threads` ON `organization_memberships_message_threads`.`id` = `memberships_message_threads_join`.`organization_membership_id` LEFT OUTER JOIN `users` `users_organization_memberships_3` ON `users_organization_memberships_3`.`id` = `organization_memberships_message_threads`.`user_id` LEFT OUTER JOIN `organization_membership_statuses` `latest_statuses_organization_memberships_2` ON `latest_statuses_organization_memberships_2`.`id` = `organization_memberships_message_threads`.`latest_status_id` WHERE `message_thread_memberships`.`organization_membership_id` = 15 AND (NOT EXISTS ( SELECT 1 FROM projects WHERE projects.message_thread_id = message_threads.id LIMIT 1 )) ORDER BY `message_threads`.`last_message_at` DESC, `message_threads`.`id` DESC /*action='index',application='CampsiteApi',controller='message_threads'*/[0m
[1;38;5;2mapi-web           [0m |   [1m[36mOrganizationMembership Count (3.2ms)[0m  [1m[34mSELECT COUNT(*) FROM (SELECT DISTINCT `organization_memberships`.`id` FROM `organization_memberships` INNER JOIN `users` ON `users`.`id` = `organization_memberships`.`user_id` INNER JOIN `organizations` ON `organizations`.`id` = `organization_memberships`.`organization_id` LEFT OUTER JOIN `project_memberships` `kept_project_memberships` ON `kept_project_memberships`.`discarded_at` IS NULL AND `kept_project_memberships`.`organization_membership_id` = `organization_memberships`.`id` LEFT OUTER JOIN `projects` ON `projects`.`archived_at` IS NULL AND `projects`.`id` = `kept_project_memberships`.`project_id` LEFT OUTER JOIN `organization_membership_statuses` ON `organization_membership_statuses`.`id` = `organization_memberships`.`latest_status_id` WHERE `organization_memberships`.`organization_id` = 3 AND `organization_memberships`.`discarded_at` IS NULL AND (users.username LIKE '%%' OR users.name LIKE '%%' OR users.email LIKE '%%') AND `organization_memberships`.`organization_id` IN (SELECT `organizations`.`id` FROM `organizations` INNER JOIN `organization_memberships` ON `organizations`.`id` = `organization_memberships`.`organization_id` WHERE `organization_memberships`.`user_id` = 15 AND `organization_memberships`.`discarded_at` IS NULL) AND (`organization_memberships`.`role_name` != 'guest' OR `organization_memberships`.`organization_id` IN (SELECT `organizations`.`id` FROM `organizations` INNER JOIN `organization_memberships` ON `organizations`.`id` = `organization_memberships`.`organization_id` WHERE `organization_memberships`.`user_id` = 15 AND `organization_memberships`.`discarded_at` IS NULL AND `organization_memberships`.`role_name` IN ('admin', 'member', 'viewer')) OR `kept_project_memberships`.`project_id` IN (SELECT `projects`.`id` FROM `projects` INNER JOIN `project_memberships` ON `projects`.`id` = `project_memberships`.`project_id` INNER JOIN `organization_memberships` ON `project_memberships`.`organization_membership_id` = `organization_memberships`.`id` WHERE `organization_memberships`.`user_id` = 15 AND `organization_memberships`.`discarded_at` IS NULL AND `project_memberships`.`discarded_at` IS NULL AND `projects`.`archived_at` IS NULL) OR `organization_memberships`.`user_id` = 15)) subquery_for_count /*action='index',application='CampsiteApi',controller='organization_members'*/[0m
[1;38;5;2mapi-web           [0m |   ↳ app/serializers/api_serializer.rb:111:in `flatten'
[1;38;5;2mapi-web           [0m |   ↳ lib/cursor_pagination.rb:117:in `total_count'
[1;38;5;2mapi-web           [0m | Completed 200 OK in 74ms (Views: 0.1ms | ActiveRecord: 36.0ms (4 queries, 0 cached) | GC: 2.1ms)
[1;38;5;2mapi-web           [0m | 
[1;38;5;2mapi-web           [0m | 
[1;38;5;2mapi-web           [0m | Completed 200 OK in 139ms (Views: 0.1ms | ActiveRecord: 32.5ms (6 queries, 0 cached) | GC: 17.3ms)
[1;38;5;2mapi-web           [0m | 
[1;38;5;2mapi-web           [0m | 
[1;38;5;2mapi-web           [0m | Processing by Api::V1::OrganizationMemberships::ForMePostsController#index as JSON
[1;38;5;2mapi-web           [0m |   Parameters: {"order"=>{"by"=>"last_activity_at", "direction"=>"desc"}, "q"=>"", "limit"=>"20", "hide_resolved"=>"false", "org_slug"=>"cosyland", "for_me_post"=>{}}
[1;38;5;2mapi-web           [0m | Processing by Api::V1::Users::NotificationSchedulesController#show as JSON
[1;38;5;2mapi-web           [0m |   Parameters: {"notification_schedule"=>{}}
[1;38;5;2mapi-web           [0m |   [1m[36mUser Load (3.6ms)[0m  [1m[34mSELECT `users`.* FROM `users` WHERE `users`.`id` = 15 ORDER BY `users`.`id` ASC LIMIT 1 /*action='index',application='CampsiteApi',controller='for_me_posts'*/[0m
[1;38;5;2mapi-web           [0m |   [1m[36mUser Load (0.9ms)[0m  [1m[34mSELECT `users`.* FROM `users` WHERE `users`.`id` = 15 ORDER BY `users`.`id` ASC LIMIT 1 /*action='show',application='CampsiteApi',controller='notification_schedules'*/[0m
[1;38;5;2mapi-web           [0m |   ↳ app/controllers/concerns/current_attributable.rb:17:in `set_current_user'
[1;38;5;2mapi-web           [0m |   ↳ app/controllers/concerns/current_attributable.rb:17:in `set_current_user'
[1;38;5;2mapi-web           [0m |   [1m[35mSQL (1.0ms)[0m  [1m[34mSELECT `organization_memberships`.`id` AS t0_r0, `organization_memberships`.`public_id` AS t0_r1, `organization_memberships`.`organization_id` AS t0_r2, `organization_memberships`.`user_id` AS t0_r3, `organization_memberships`.`created_at` AS t0_r4, `organization_memberships`.`updated_at` AS t0_r5, `organization_memberships`.`discarded_at` AS t0_r6, `organization_memberships`.`last_seen_at` AS t0_r7, `organization_memberships`.`role_name` AS t0_r8, `organization_memberships`.`latest_status_id` AS t0_r9, `organization_memberships`.`position` AS t0_r10, `organization_memberships`.`last_viewed_posts_at` AS t0_r11, `organization_memberships`.`home_last_seen_at` AS t0_r12, `organization_memberships`.`activity_last_seen_at` AS t0_r13, `organization_membership_statuses`.`id` AS t1_r0, `organization_membership_statuses`.`message` AS t1_r1, `organization_membership_statuses`.`emoji` AS t1_r2, `organization_membership_statuses`.`expires_at` AS t1_r3, `organization_membership_statuses`.`organization_membership_id` AS t1_r4, `organization_membership_statuses`.`created_at` AS t1_r5, `organization_membership_statuses`.`updated_at` AS t1_r6, `organization_membership_statuses`.`expiration_setting` AS t1_r7, `organization_membership_statuses`.`pause_notifications` AS t1_r8, `organization`.`id` AS t2_r0, `organization`.`public_id` AS t2_r1, `organization`.`name` AS t2_r2, `organization`.`slug` AS t2_r3, `organization`.`email_domain` AS t2_r4, `organization`.`billing_email` AS t2_r5, `organization`.`avatar_path` AS t2_r6, `organization`.`slack_channel_id` AS t2_r7, `organization`.`invite_token` AS t2_r8, `organization`.`creator_id` AS t2_r9, `organization`.`onboarded_at` AS t2_r10, `organization`.`created_at` AS t2_r11, `organization`.`updated_at` AS t2_r12, `organization`.`plan_name` AS t2_r13, `organization`.`member_count` AS t2_r14, `organization`.`demo` AS t2_r15, `organization`.`creator_role` AS t2_r16, `organization`.`creator_org_size` AS t2_r17, `organization`.`trial_ends_at` AS t2_r18, `organization`.`creator_source` AS t2_r19, `organization`.`creator_why` AS t2_r20, `organization_settings`.`id` AS t3_r0, `organization_settings`.`key` AS t3_r1, `organization_settings`.`value` AS t3_r2, `organization_settings`.`organization_id` AS t3_r3, `organization_settings`.`created_at` AS t3_r4, `organization_settings`.`updated_at` AS t3_r5 FROM `organization_memberships` INNER JOIN `organizations` `organization` ON `organization`.`id` = `organization_memberships`.`organization_id` LEFT OUTER JOIN `organization_settings` ON `organization_settings`.`key` = 'enforce_two_factor_authentication' AND `organization_settings`.`organization_id` = `organization`.`id` LEFT OUTER JOIN `organization_membership_statuses` ON `organization_membership_statuses`.`id` = `organization_memberships`.`latest_status_id` WHERE `organization_memberships`.`user_id` = 15 AND `organization_memberships`.`discarded_at` IS NULL AND `organization`.`slug` IS NULL LIMIT 1 /*action='show',application='CampsiteApi',controller='notification_schedules'*/[0m
[1;38;5;2mapi-web           [0m |   ↳ app/controllers/api/v1/base_controller.rb:110:in `current_organization_membership'
[1;38;5;2mapi-web           [0m |   [1m[35mCACHE SQL (0.4ms)[0m  [1m[34mSELECT `organization_memberships`.`id` AS t0_r0, `organization_memberships`.`public_id` AS t0_r1, `organization_memberships`.`organization_id` AS t0_r2, `organization_memberships`.`user_id` AS t0_r3, `organization_memberships`.`created_at` AS t0_r4, `organization_memberships`.`updated_at` AS t0_r5, `organization_memberships`.`discarded_at` AS t0_r6, `organization_memberships`.`last_seen_at` AS t0_r7, `organization_memberships`.`role_name` AS t0_r8, `organization_memberships`.`latest_status_id` AS t0_r9, `organization_memberships`.`position` AS t0_r10, `organization_memberships`.`last_viewed_posts_at` AS t0_r11, `organization_memberships`.`home_last_seen_at` AS t0_r12, `organization_memberships`.`activity_last_seen_at` AS t0_r13, `organization_membership_statuses`.`id` AS t1_r0, `organization_membership_statuses`.`message` AS t1_r1, `organization_membership_statuses`.`emoji` AS t1_r2, `organization_membership_statuses`.`expires_at` AS t1_r3, `organization_membership_statuses`.`organization_membership_id` AS t1_r4, `organization_membership_statuses`.`created_at` AS t1_r5, `organization_membership_statuses`.`updated_at` AS t1_r6, `organization_membership_statuses`.`expiration_setting` AS t1_r7, `organization_membership_statuses`.`pause_notifications` AS t1_r8, `organization`.`id` AS t2_r0, `organization`.`public_id` AS t2_r1, `organization`.`name` AS t2_r2, `organization`.`slug` AS t2_r3, `organization`.`email_domain` AS t2_r4, `organization`.`billing_email` AS t2_r5, `organization`.`avatar_path` AS t2_r6, `organization`.`slack_channel_id` AS t2_r7, `organization`.`invite_token` AS t2_r8, `organization`.`creator_id` AS t2_r9, `organization`.`onboarded_at` AS t2_r10, `organization`.`created_at` AS t2_r11, `organization`.`updated_at` AS t2_r12, `organization`.`plan_name` AS t2_r13, `organization`.`member_count` AS t2_r14, `organization`.`demo` AS t2_r15, `organization`.`creator_role` AS t2_r16, `organization`.`creator_org_size` AS t2_r17, `organization`.`trial_ends_at` AS t2_r18, `organization`.`creator_source` AS t2_r19, `organization`.`creator_why` AS t2_r20, `organization_settings`.`id` AS t3_r0, `organization_settings`.`key` AS t3_r1, `organization_settings`.`value` AS t3_r2, `organization_settings`.`organization_id` AS t3_r3, `organization_settings`.`created_at` AS t3_r4, `organization_settings`.`updated_at` AS t3_r5 FROM `organization_memberships` INNER JOIN `organizations` `organization` ON `organization`.`id` = `organization_memberships`.`organization_id` LEFT OUTER JOIN `organization_settings` ON `organization_settings`.`key` = 'enforce_two_factor_authentication' AND `organization_settings`.`organization_id` = `organization`.`id` LEFT OUTER JOIN `organization_membership_statuses` ON `organization_membership_statuses`.`id` = `organization_memberships`.`latest_status_id` WHERE `organization_memberships`.`user_id` = 15 AND `organization_memberships`.`discarded_at` IS NULL AND `organization`.`slug` IS NULL LIMIT 1[0m
[1;38;5;2mapi-web           [0m |   ↳ app/controllers/api/v1/base_controller.rb:110:in `current_organization_membership'
[1;38;5;2mapi-web           [0m |   [1m[36mNotificationSchedule Load (2.3ms)[0m  [1m[34mSELECT `notification_schedules`.* FROM `notification_schedules` WHERE `notification_schedules`.`user_id` = 15 LIMIT 1 /*action='show',application='CampsiteApi',controller='notification_schedules'*/[0m
[1;38;5;2mapi-web           [0m |   ↳ app/controllers/api/v1/users/notification_schedules_controller.rb:16:in `show'
[1;38;5;2mapi-web           [0m | Completed 200 OK in 18ms (Views: 0.2ms | ActiveRecord: 5.2ms (4 queries, 1 cached) | GC: 0.0ms)
[1;38;5;2mapi-web           [0m | 
[1;38;5;2mapi-web           [0m | 
[1;38;5;2mapi-web           [0m |   [1m[35mSQL (16.4ms)[0m  [1m[34mSELECT `organization_memberships`.`id` AS t0_r0, `organization_memberships`.`public_id` AS t0_r1, `organization_memberships`.`organization_id` AS t0_r2, `organization_memberships`.`user_id` AS t0_r3, `organization_memberships`.`created_at` AS t0_r4, `organization_memberships`.`updated_at` AS t0_r5, `organization_memberships`.`discarded_at` AS t0_r6, `organization_memberships`.`last_seen_at` AS t0_r7, `organization_memberships`.`role_name` AS t0_r8, `organization_memberships`.`latest_status_id` AS t0_r9, `organization_memberships`.`position` AS t0_r10, `organization_memberships`.`last_viewed_posts_at` AS t0_r11, `organization_memberships`.`home_last_seen_at` AS t0_r12, `organization_memberships`.`activity_last_seen_at` AS t0_r13, `organization_membership_statuses`.`id` AS t1_r0, `organization_membership_statuses`.`message` AS t1_r1, `organization_membership_statuses`.`emoji` AS t1_r2, `organization_membership_statuses`.`expires_at` AS t1_r3, `organization_membership_statuses`.`organization_membership_id` AS t1_r4, `organization_membership_statuses`.`created_at` AS t1_r5, `organization_membership_statuses`.`updated_at` AS t1_r6, `organization_membership_statuses`.`expiration_setting` AS t1_r7, `organization_membership_statuses`.`pause_notifications` AS t1_r8, `organization`.`id` AS t2_r0, `organization`.`public_id` AS t2_r1, `organization`.`name` AS t2_r2, `organization`.`slug` AS t2_r3, `organization`.`email_domain` AS t2_r4, `organization`.`billing_email` AS t2_r5, `organization`.`avatar_path` AS t2_r6, `organization`.`slack_channel_id` AS t2_r7, `organization`.`invite_token` AS t2_r8, `organization`.`creator_id` AS t2_r9, `organization`.`onboarded_at` AS t2_r10, `organization`.`created_at` AS t2_r11, `organization`.`updated_at` AS t2_r12, `organization`.`plan_name` AS t2_r13, `organization`.`member_count` AS t2_r14, `organization`.`demo` AS t2_r15, `organization`.`creator_role` AS t2_r16, `organization`.`creator_org_size` AS t2_r17, `organization`.`trial_ends_at` AS t2_r18, `organization`.`creator_source` AS t2_r19, `organization`.`creator_why` AS t2_r20, `organization_settings`.`id` AS t3_r0, `organization_settings`.`key` AS t3_r1, `organization_settings`.`value` AS t3_r2, `organization_settings`.`organization_id` AS t3_r3, `organization_settings`.`created_at` AS t3_r4, `organization_settings`.`updated_at` AS t3_r5 FROM `organization_memberships` INNER JOIN `organizations` `organization` ON `organization`.`id` = `organization_memberships`.`organization_id` LEFT OUTER JOIN `organization_settings` ON `organization_settings`.`key` = 'enforce_two_factor_authentication' AND `organization_settings`.`organization_id` = `organization`.`id` LEFT OUTER JOIN `organization_membership_statuses` ON `organization_membership_statuses`.`id` = `organization_memberships`.`latest_status_id` WHERE `organization_memberships`.`user_id` = 15 AND `organization_memberships`.`discarded_at` IS NULL AND `organization`.`slug` = 'cosyland' LIMIT 1 /*action='index',application='CampsiteApi',controller='for_me_posts'*/[0m
[1;38;5;2mapi-web           [0m |   ↳ app/controllers/api/v1/base_controller.rb:110:in `current_organization_membership'
[1;38;5;2mapi-web           [0m | Started GET "/v1/organizations/cosyland/members/faiz" for 87.75.141.139 at 2025-01-24 00:34:25 +0100
[1;38;5;2mapi-web           [0m | Cannot render console from 172.68.205.201! Allowed networks: 127.0.0.0/127.255.255.255, ::1
[1;38;5;2mapi-web           [0m | Started GET "/v1/organizations/cosyland/members/haider" for 87.75.141.139 at 2025-01-24 00:34:25 +0100
[1;38;5;2mapi-web           [0m | Cannot render console from 172.68.205.201! Allowed networks: 127.0.0.0/127.255.255.255, ::1
[1;38;5;2mapi-web           [0m | Started GET "/v1/organizations/cosyland/threads/dms/haider" for 87.75.141.139 at 2025-01-24 00:34:25 +0100
[1;38;5;2mapi-web           [0m | Cannot render console from 172.68.205.201! Allowed networks: 127.0.0.0/127.255.255.255, ::1
[1;38;5;2mapi-web           [0m |   [1m[35mSQL (5.6ms)[0m  [1m[34mSELECT DISTINCT posts.last_activity_at AS alias_0, posts.id AS alias_1, `posts`.`id` FROM `posts` LEFT OUTER JOIN `projects` `project` ON `project`.`id` = `posts`.`project_id` LEFT OUTER JOIN `organization_memberships` `member` ON `member`.`id` = `posts`.`organization_membership_id` LEFT OUTER JOIN `post_links` ON `post_links`.`post_id` = `posts`.`id` LEFT OUTER JOIN `projects` `projects_posts` ON `projects_posts`.`id` = `posts`.`project_id` LEFT OUTER JOIN `post_taggings` ON `post_taggings`.`post_id` = `posts`.`id` LEFT OUTER JOIN `tags` ON `tags`.`id` = `post_taggings`.`tag_id` LEFT OUTER JOIN `integrations` ON `integrations`.`id` = `posts`.`integration_id` LEFT OUTER JOIN `oauth_applications` ON `oauth_applications`.`id` = `posts`.`oauth_application_id` LEFT OUTER JOIN `organizations` ON `organizations`.`id` = `posts`.`organization_id` LEFT OUTER JOIN `organization_memberships` ON `organization_memberships`.`role_name` = 'admin' AND `organization_memberships`.`discarded_at` IS NULL AND `organization_memberships`.`organization_id` = `organizations`.`id` LEFT OUTER JOIN `users` ON `users`.`id` = `organization_memberships`.`user_id` LEFT OUTER JOIN `polls` ON `polls`.`post_id` = `posts`.`id` LEFT OUTER JOIN `poll_options` ON `poll_options`.`poll_id` = `polls`.`id` LEFT OUTER JOIN `attachments` ON `attachments`.`subject_type` = 'Post' AND `attachments`.`subject_id` = `posts`.`id` LEFT OUTER JOIN `figma_files` ON `figma_files`.`id` = `attachments`.`figma_file_id` LEFT OUTER JOIN `organization_memberships` `members_posts` ON `members_posts`.`id` = `posts`.`organization_membership_id` LEFT OUTER JOIN `users` `users_organization_memberships` ON `users_organization_memberships`.`id` = `members_posts`.`user_id` LEFT OUTER JOIN `organization_membership_statuses` ON `organization_membership_statuses`.`id` = `members_posts`.`latest_status_id` LEFT OUTER JOIN `post_feedback_requests` ON `post_feedback_requests`.`discarded_at` IS NULL AND `post_feedback_requests`.`dismissed_at` IS NULL AND `post_feedback_requests`.`post_id` = `posts`.`id` LEFT OUTER JOIN `organization_memberships` `members_post_feedback_requests` ON `members_post_feedback_requests`.`id` = `post_feedback_requests`.`organization_membership_id` LEFT OUTER JOIN `users` `users_organization_memberships_2` ON `users_organization_memberships_2`.`id` = `members_post_feedback_requests`.`user_id` LEFT OUTER JOIN `organization_membership_statuses` `latest_statuses_organization_memberships` ON `latest_statuses_organization_memberships`.`id` = `members_post_feedback_requests`.`latest_status_id` LEFT OUTER JOIN `follow_ups` ON `follow_ups`.`subject_type` = 'Post' AND `follow_ups`.`shown_at` IS NULL AND `follow_ups`.`subject_id` = `posts`.`id` LEFT OUTER JOIN `organization_memberships` `organization_memberships_follow_ups` ON `organization_memberships_follow_ups`.`id` = `follow_ups`.`organization_membership_id` LEFT OUTER JOIN `users` `users_organization_memberships_3` ON `users_organization_memberships_3`.`id` = `organization_memberships_follow_ups`.`user_id` LEFT OUTER JOIN `organization_membership_statuses` `latest_statuses_organization_memberships_2` ON `latest_statuses_organization_memberships_2`.`id` = `organization_memberships_follow_ups`.`latest_status_id` LEFT OUTER JOIN `comments` ON `comments`.`id` = `posts`.`resolved_comment_id` LEFT OUTER JOIN `integrations` `integrations_comments` ON `integrations_comments`.`id` = `comments`.`integration_id` LEFT OUTER JOIN `oauth_applications` `oauth_applications_comments` ON `oauth_applications_comments`.`id` = `comments`.`oauth_application_id` LEFT OUTER JOIN `organization_memberships` `members_comments` ON `members_comments`.`id` = `comments`.`organization_membership_id` LEFT OUTER JOIN `users` `users_organization_memberships_4` ON `users_organization_memberships_4`.`id` = `members_comments`.`user_id` LEFT OUTER JOIN `organization_membership_statuses` `latest_statuses_organization_memberships_3` ON `latest_statuses_organization_memberships_3`.`id` = `members_comments`.`latest_status_id` WHERE (posts.workflow_state = 'published') AND ((EXISTS ( SELECT 1 FROM project_memberships JOIN organization_memberships ON organization_memberships.id = project_memberships.organization_membership_id WHERE project_memberships.project_id = posts.project_id AND project_memberships.discarded_at IS NULL AND organization_memberships.user_id = '15' AND organization_memberships.discarded_at IS NULL )) OR (EXISTS ( SELECT 1 FROM user_subscriptions WHERE user_subscriptions.subscribable_type = 'Post' AND user_subscriptions.subscribable_id = posts.id AND user_subscriptions.user_id = '15' ))) AND ((`posts`.`project_id` IS NULL OR `project`.`private` = FALSE) AND (EXISTS( SELECT 1 FROM organization_memberships WHERE organization_memberships.user_id = '15' AND organization_memberships.organization_id = project.organization_id AND organization_memberships.discarded_at IS NULL AND organization_memberships.role_name in ('admin', 'member', 'viewer') LIMIT 1 )) OR (EXISTS ( SELECT 1 FROM project_memberships JOIN organization_memberships ON organization_memberships.id = project_memberships.organization_membership_id WHERE project_memberships.project_id = posts.project_id AND project_memberships.discarded_at IS NULL AND organization_memberships.user_id = '15' AND organization_memberships.discarded_at IS NULL ))) AND `posts`.`organization_id` = 3 AND `posts`.`discarded_at` IS NULL AND `project`.`archived_at` IS NULL AND `posts`.`stale` = FALSE ORDER BY posts.last_activity_at desc, posts.id desc LIMIT 21 /*action='index',application='CampsiteApi',controller='for_me_posts'*/[0m
[1;38;5;2mapi-web           [0m |   ↳ lib/cursor_pagination.rb:67:in `run'
[1;38;5;2mapi-web           [0m | Started GET "/v1/organizations/cosyland/threads/dms/mahnaz" for 87.75.141.139 at 2025-01-24 00:34:25 +0100
[1;38;5;2mapi-web           [0m | Cannot render console from 172.68.205.201! Allowed networks: 127.0.0.0/127.255.255.255, ::1
[1;38;5;2mapi-web           [0m | Started GET "/v1/organizations/cosyland/threads/dms/faiz" for 87.75.141.139 at 2025-01-24 00:34:25 +0100
[1;38;5;2mapi-web           [0m |   [1m[36mASYNC Favorite Count (0.0ms) (db time 2.4ms)[0m  [1m[34mSELECT COUNT(*) AS `count_all`, `favorites`.`favoritable_id` AS `favorites_favoritable_id` FROM `favorites` WHERE `favorites`.`favoritable_type` = 'Project' AND `favorites`.`favoritable_id` IN (14, 17, 18, 19, 20, 21, 22, 23, 24) AND `favorites`.`organization_membership_id` = 15 GROUP BY `favorites`.`favoritable_id` /*application='CampsiteApi'*/[0m
[1;38;5;2mapi-web           [0m | Cannot render console from 172.68.205.200! Allowed networks: 127.0.0.0/127.255.255.255, ::1
[1;38;5;2mapi-web           [0m |   ↳ lib/async_preloader.rb:14:in `value'
[1;38;5;2mapi-web           [0m | Started GET "/v1/organizations/cosyland/threads/dms/martyna" for 87.75.141.139 at 2025-01-24 00:34:25 +0100
[1;38;5;2mapi-web           [0m | Cannot render console from 172.68.205.200! Allowed networks: 127.0.0.0/127.255.255.255, ::1
[1;38;5;2mapi-web           [0m |   [1m[36mASYNC UserSubscription Load (0.0ms) (db time 3.4ms)[0m  [1m[34mSELECT `user_subscriptions`.* FROM `user_subscriptions` WHERE `user_subscriptions`.`subscribable_type` = 'Project' AND `user_subscriptions`.`subscribable_id` IN (14, 17, 18, 19, 20, 21, 22, 23, 24) AND `user_subscriptions`.`user_id` = 15 GROUP BY `user_subscriptions`.`subscribable_id` /*application='CampsiteApi'*/[0m
[1;38;5;2mapi-web           [0m |   ↳ app/models/project.rb:214:in `block in viewer_subscription_async'
[1;38;5;2mapi-web           [0m |   [1m[36mASYNC ProjectMembership Count (0.0ms) (db time 2.1ms)[0m  [1m[34mSELECT COUNT(*) AS `count_all`, `project_memberships`.`project_id` AS `project_memberships_project_id` FROM `project_memberships` WHERE `project_memberships`.`project_id` IN (14, 17, 18, 19, 20, 21, 22, 23, 24) AND `project_memberships`.`organization_membership_id` = 15 AND `project_memberships`.`discarded_at` IS NULL GROUP BY `project_memberships`.`project_id` /*application='CampsiteApi'*/[0m
[1;38;5;2mapi-web           [0m |   ↳ lib/async_preloader.rb:14:in `value'
[1;38;5;2mapi-web           [0m |   [1m[36mASYNC Project Count (0.0ms) (db time 5.6ms)[0m  [1m[34mSELECT COUNT(*) AS `count_all`, `projects`.`id` AS `projects_id` FROM `projects` LEFT OUTER JOIN `project_views` `views` ON `views`.`project_id` = `projects`.`id` LEFT OUTER JOIN `posts` ON `posts`.`discarded_at` IS NULL AND `posts`.`project_id` = `projects`.`id` AND (posts.workflow_state = 'published') LEFT OUTER JOIN `message_threads` ON `message_threads`.`id` = `projects`.`message_thread_id` LEFT OUTER JOIN `message_thread_memberships` `memberships` ON `memberships`.`message_thread_id` = `message_threads`.`id` WHERE `projects`.`id` IN (14, 17, 18, 19, 20, 21, 22, 23, 24) AND (`views`.`organization_membership_id` = 15 AND (`views`.`manually_marked_unread_at` IS NOT NULL OR NOT ((posts.organization_membership_id <=> '15')) AND (posts.created_at > views.last_viewed_at) AND (NOT EXISTS ( SELECT 1 FROM post_views WHERE post_views.post_id = posts.id AND post_views.organization_membership_id = '15' ))) OR (EXISTS( SELECT 1 from messages WHERE messages.message_thread_id = memberships.message_thread_id AND (memberships.last_read_at IS NULL OR messages.created_at > memberships.last_read_at) AND NOT messages.sender_id <=> memberships.organization_membership_id AND messages.discarded_at IS NULL LIMIT 1 )) AND `memberships`.`organization_membership_id` = 15) GROUP BY `projects`.`id` /*application='CampsiteApi'*/[0m
[1;38;5;2mapi-web           [0m |   ↳ lib/async_preloader.rb:14:in `value'
[1;38;5;2mapi-web           [0m |   [1m[36mASYNC ProjectDisplayPreference Load (0.0ms) (db time 5.0ms)[0m  [1m[34mSELECT `project_display_preferences`.* FROM `project_display_preferences` WHERE `project_display_preferences`.`project_id` IN (14, 17, 18, 19, 20, 21, 22, 23, 24) AND `project_display_preferences`.`organization_membership_id` = 15 /*application='CampsiteApi'*/[0m
[1;38;5;2mapi-web           [0m |   ↳ app/models/project.rb:272:in `block in display_preferences_async'
[1;38;5;2mapi-web           [0m | Completed 200 OK in 265ms (Views: 0.1ms | ActiveRecord: 62.4ms (9 queries, 0 cached) | GC: 18.9ms)
[1;38;5;2mapi-web           [0m | 
[1;38;5;2mapi-web           [0m | 
[1;38;5;2mapi-web           [0m |   [1m[35mSQL (6.4ms)[0m  [1m[34mSELECT `posts`.`id` AS t0_r0, `posts`.`public_id` AS t0_r1, `posts`.`slack_message_ts` AS t0_r2, `posts`.`organization_id` AS t0_r3, `posts`.`created_at` AS t0_r4, `posts`.`updated_at` AS t0_r5, `posts`.`project_id` AS t0_r6, `posts`.`comments_count` AS t0_r7, `posts`.`parent_id` AS t0_r8, `posts`.`version` AS t0_r9, `posts`.`discarded_at` AS t0_r10, `posts`.`organization_membership_id` AS t0_r11, `posts`.`title` AS t0_r12, `posts`.`previous_parent_id` AS t0_r13, `posts`.`views_count` AS t0_r14, `posts`.`stale` AS t0_r15, `posts`.`child_id` AS t0_r16, `posts`.`root_id` AS t0_r17, `posts`.`post_parent_id` AS t0_r18, `posts`.`status` AS t0_r19, `posts`.`visibility` AS t0_r20, `posts`.`non_member_views_count` AS t0_r21, `posts`.`bias_reduced_at` AS t0_r22, `posts`.`description_html` AS t0_r23, `posts`.`published_at` AS t0_r24, `posts`.`unfurled_link` AS t0_r25, `posts`.`resolved_comments_count` AS t0_r26, `posts`.`integration_id` AS t0_r27, `posts`.`oauth_application_id` AS t0_r28, `posts`.`from_message_id` AS t0_r29, `posts`.`last_activity_at` AS t0_r30, `posts`.`resolved_at` AS t0_r31, `posts`.`resolved_by_id` AS t0_r32, `posts`.`resolved_html` AS t0_r33, `posts`.`resolved_comment_id` AS t0_r34, `posts`.`workflow_state` AS t0_r35, `posts`.`resolved_by_type` AS t0_r36, `post_links`.`id` AS t1_r0, `post_links`.`public_id` AS t1_r1, `post_links`.`url` AS t1_r2, `post_links`.`name` AS t1_r3, `post_links`.`post_id` AS t1_r4, `post_links`.`created_at` AS t1_r5, `post_links`.`updated_at` AS t1_r6, `projects_posts`.`id` AS t2_r0, `projects_posts`.`public_id` AS t2_r1, `projects_posts`.`name` AS t2_r2, `projects_posts`.`description` AS t2_r3, `projects_posts`.`slack_channel_id` AS t2_r4, `projects_posts`.`creator_id` AS t2_r5, `projects_posts`.`organization_id` AS t2_r6, `projects_posts`.`archived_at` AS t2_r7, `projects_posts`.`archived_by_id` AS t2_r8, `projects_posts`.`created_at` AS t2_r9, `projects_posts`.`updated_at` AS t2_r10, `projects_posts`.`posts_count` AS t2_r11, `projects_posts`.`cover_photo_path` AS t2_r12, `projects_posts`.`accessory` AS t2_r13, `projects_posts`.`private` AS t2_r14, `projects_posts`.`is_default` AS t2_r15, `projects_posts`.`is_general` AS t2_r16, `projects_posts`.`contributors_count` AS t2_r17, `projects_posts`.`members_count` AS t2_r18, `projects_posts`.`last_activity_at` AS t2_r19, `projects_posts`.`personal` AS t2_r20, `projects_posts`.`invite_token` AS t2_r21, `projects_posts`.`guests_count` AS t2_r22, `projects_posts`.`message_thread_id` AS t2_r23, `projects_posts`.`display_reactions` AS t2_r24, `projects_posts`.`display_attachments` AS t2_r25, `projects_posts`.`display_comments` AS t2_r26, `projects_posts`.`display_resolved` AS t2_r27, `tags`.`id` AS t3_r0, `tags`.`public_id` AS t3_r1, `tags`.`name` AS t3_r2, `tags`.`organization_id` AS t3_r3, `tags`.`created_at` AS t3_r4, `tags`.`updated_at` AS t3_r5, `tags`.`posts_count` AS t3_r6, `integrations`.`id` AS t4_r0, `integrations`.`public_id` AS t4_r1, `integrations`.`provider` AS t4_r2, `integrations`.`token` AS t4_r3, `integrations`.`creator_id` AS t4_r4, `integrations`.`created_at` AS t4_r5, `integrations`.`updated_at` AS t4_r6, `integrations`.`owner_id` AS t4_r7, `integrations`.`owner_type` AS t4_r8, `integrations`.`refresh_token` AS t4_r9, `integrations`.`token_expires_at` AS t4_r10, `oauth_applications`.`id` AS t5_r0, `oauth_applications`.`public_id` AS t5_r1, `oauth_applications`.`name` AS t5_r2, `oauth_applications`.`uid` AS t5_r3, `oauth_applications`.`secret` AS t5_r4, `oauth_applications`.`redirect_uri` AS t5_r5, `oauth_applications`.`scopes` AS t5_r6, `oauth_applications`.`confidential` AS t5_r7, `oauth_applications`.`owner_type` AS t5_r8, `oauth_applications`.`owner_id` AS t5_r9, `oauth_applications`.`created_at` AS t5_r10, `oauth_applications`.`updated_at` AS t5_r11, `oauth_applications`.`avatar_path` AS t5_r12, `oauth_applications`.`discarded_at` AS t5_r13, `oauth_applications`.`provider` AS t5_r14, `oauth_applications`.`creator_id` AS t5_r15, `oauth_applications`.`last_copied_secret_at` AS t5_r16, `organizations`.`id` AS t6_r0, `organizations`.`public_id` AS t6_r1, `organizations`.`name` AS t6_r2, `organizations`.`slug` AS t6_r3, `organizations`.`email_domain` AS t6_r4, `organizations`.`billing_email` AS t6_r5, `organizations`.`avatar_path` AS t6_r6, `organizations`.`slack_channel_id` AS t6_r7, `organizations`.`invite_token` AS t6_r8, `organizations`.`creator_id` AS t6_r9, `organizations`.`onboarded_at` AS t6_r10, `organizations`.`created_at` AS t6_r11, `organizations`.`updated_at` AS t6_r12, `organizations`.`plan_name` AS t6_r13, `organizations`.`member_count` AS t6_r14, `organizations`.`demo` AS t6_r15, `organizations`.`creator_role` AS t6_r16, `organizations`.`creator_org_size` AS t6_r17, `organizations`.`trial_ends_at` AS t6_r18, `organizations`.`creator_source` AS t6_r19, `organizations`.`creator_why` AS t6_r20, `users`.`id` AS t7_r0, `users`.`username` AS t7_r1, `users`.`name` AS t7_r2, `users`.`public_id` AS t7_r3, `users`.`avatar_path` AS t7_r4, `users`.`email` AS t7_r5, `users`.`encrypted_password` AS t7_r6, `users`.`reset_password_token` AS t7_r7, `users`.`reset_password_sent_at` AS t7_r8, `users`.`remember_created_at` AS t7_r9, `users`.`confirmation_token` AS t7_r10, `users`.`confirmed_at` AS t7_r11, `users`.`confirmation_sent_at` AS t7_r12, `users`.`unconfirmed_email` AS t7_r13, `users`.`omniauth_provider` AS t7_r14, `users`.`omniauth_uid` AS t7_r15, `users`.`onboarded_at` AS t7_r16, `users`.`created_at` AS t7_r17, `users`.`updated_at` AS t7_r18, `users`.`cover_photo_path` AS t7_r19, `users`.`login_token` AS t7_r20, `users`.`login_token_expires_at` AS t7_r21, `users`.`consumed_timestep` AS t7_r22, `users`.`otp_backup_codes` AS t7_r23, `users`.`otp_enabled` AS t7_r24, `users`.`otp_secret` AS t7_r25, `users`.`last_seen_at` AS t7_r26, `users`.`login_token_sso_id` AS t7_r27, `users`.`scheduled_email_notifications_from` AS t7_r28, `users`.`demo` AS t7_r29, `users`.`staff` AS t7_r30, `users`.`referrer` AS t7_r31, `users`.`landing_url` AS t7_r32, `users`.`notification_pause_expires_at` AS t7_r33, `users`.`preferred_timezone` AS t7_r34, `users`.`notifications_paused_at` AS t7_r35, `polls`.`id` AS t8_r0, `polls`.`public_id` AS t8_r1, `polls`.`description` AS t8_r2, `polls`.`votes_count` AS t8_r3, `polls`.`post_id` AS t8_r4, `polls`.`created_at` AS t8_r5, `polls`.`updated_at` AS t8_r6, `poll_options`.`id` AS t9_r0, `poll_options`.`public_id` AS t9_r1, `poll_options`.`description` AS t9_r2, `poll_options`.`votes_count` AS t9_r3, `poll_options`.`poll_id` AS t9_r4, `attachments`.`id` AS t10_r0, `attachments`.`public_id` AS t10_r1, `attachments`.`file_path` AS t10_r2, `attachments`.`file_type` AS t10_r3, `attachments`.`subject_type` AS t10_r4, `attachments`.`subject_id` AS t10_r5, `attachments`.`preview_file_path` AS t10_r6, `attachments`.`width` AS t10_r7, `attachments`.`height` AS t10_r8, `attachments`.`created_at` AS t10_r9, `attachments`.`updated_at` AS t10_r10, `attachments`.`duration` AS t10_r11, `attachments`.`transcription_job_id` AS t10_r12, `attachments`.`transcription_job_status` AS t10_r13, `attachments`.`transcription_vtt` AS t10_r14, `attachments`.`position` AS t10_r15, `attachments`.`name` AS t10_r16, `attachments`.`size` AS t10_r17, `attachments`.`remote_figma_node_id` AS t10_r18, `attachments`.`remote_figma_node_type` AS t10_r19, `attachments`.`remote_figma_node_name` AS t10_r20, `attachments`.`figma_file_id` AS t10_r21, `attachments`.`comments_count` AS t10_r22, `attachments`.`figma_share_url` AS t10_r23, `attachments`.`imgix_video_file_path` AS t10_r24, `attachments`.`no_video_track` AS t10_r25, `attachments`.`gallery_id` AS t10_r26, `figma_files`.`id` AS t11_r0, `figma_files`.`remote_file_key` AS t11_r1, `figma_files`.`name` AS t11_r2, `figma_files`.`created_at` AS t11_r3, `figma_files`.`updated_at` AS t11_r4, `members_posts`.`id` AS t12_r0, `members_posts`.`public_id` AS t12_r1, `members_posts`.`organization_id` AS t12_r2, `members_posts`.`user_id` AS t12_r3, `members_posts`.`created_at` AS t12_r4, `members_posts`.`updated_at` AS t12_r5, `members_posts`.`discarded_at` AS t12_r6, `members_posts`.`last_seen_at` AS t12_r7, `members_posts`.`role_name` AS t12_r8, `members_posts`.`latest_status_id` AS t12_r9, `members_posts`.`position` AS t12_r10, `members_posts`.`last_viewed_posts_at` AS t12_r11, `members_posts`.`home_last_seen_at` AS t12_r12, `members_posts`.`activity_last_seen_at` AS t12_r13, `users_organization_memberships`.`id` AS t13_r0, `users_organization_memberships`.`username` AS t13_r1, `users_organization_memberships`.`name` AS t13_r2, `users_organization_memberships`.`public_id` AS t13_r3, `users_organization_memberships`.`avatar_path` AS t13_r4, `users_organization_memberships`.`email` AS t13_r5, `users_organization_memberships`.`encrypted_password` AS t13_r6, `users_organization_memberships`.`reset_password_token` AS t13_r7, `users_organization_memberships`.`reset_password_sent_at` AS t13_r8, `users_organization_memberships`.`remember_created_at` AS t13_r9, `users_organization_memberships`.`confirmation_token` AS t13_r10, `users_organization_memberships`.`confirmed_at` AS t13_r11, `users_organization_memberships`.`confirmation_sent_at` AS t13_r12, `users_organization_memberships`.`unconfirmed_email` AS t13_r13, `users_organization_memberships`.`omniauth_provider` AS t13_r14, `users_organization_memberships`.`omniauth_uid` AS t13_r15, `users_organization_memberships`.`onboarded_at` AS t13_r16, `users_organization_memberships`.`created_at` AS t13_r17, `users_organization_memberships`.`updated_at` AS t13_r18, `users_organization_memberships`.`cover_photo_path` AS t13_r19, `users_organization_memberships`.`login_token` AS t13_r20, `users_organization_memberships`.`login_token_expires_at` AS t13_r21, `users_organization_memberships`.`consumed_timestep` AS t13_r22, `users_organization_memberships`.`otp_backup_codes` AS t13_r23, `users_organization_memberships`.`otp_enabled` AS t13_r24, `users_organization_memberships`.`otp_secret` AS t13_r25, `users_organization_memberships`.`last_seen_at` AS t13_r26, `users_organization_memberships`.`login_token_sso_id` AS t13_r27, `users_organization_memberships`.`scheduled_email_notifications_from` AS t13_r28, `users_organization_memberships`.`demo` AS t13_r29, `users_organization_memberships`.`staff` AS t13_r30, `users_organization_memberships`.`referrer` AS t13_r31, `users_organization_memberships`.`landing_url` AS t13_r32, `users_organization_memberships`.`notification_pause_expires_at` AS t13_r33, `users_organization_memberships`.`preferred_timezone` AS t13_r34, `users_organization_memberships`.`notifications_paused_at` AS t13_r35, `organization_membership_statuses`.`id` AS t14_r0, `organization_membership_statuses`.`message` AS t14_r1, `organization_membership_statuses`.`emoji` AS t14_r2, `organization_membership_statuses`.`expires_at` AS t14_r3, `organization_membership_statuses`.`organization_membership_id` AS t14_r4, `organization_membership_statuses`.`created_at` AS t14_r5, `organization_membership_statuses`.`updated_at` AS t14_r6, `organization_membership_statuses`.`expiration_setting` AS t14_r7, `organization_membership_statuses`.`pause_notifications` AS t14_r8, `post_feedback_requests`.`id` AS t15_r0, `post_feedback_requests`.`public_id` AS t15_r1, `post_feedback_requests`.`has_replied` AS t15_r2, `post_feedback_requests`.`created_at` AS t15_r3, `post_feedback_requests`.`updated_at` AS t15_r4, `post_feedback_requests`.`organization_membership_id` AS t15_r5, `post_feedback_requests`.`post_id` AS t15_r6, `post_feedback_requests`.`discarded_at` AS t15_r7, `post_feedback_requests`.`dismissed_at` AS t15_r8, `members_post_feedback_requests`.`id` AS t16_r0, `members_post_feedback_requests`.`public_id` AS t16_r1, `members_post_feedback_requests`.`organization_id` AS t16_r2, `members_post_feedback_requests`.`user_id` AS t16_r3, `members_post_feedback_requests`.`created_at` AS t16_r4, `members_post_feedback_requests`.`updated_at` AS t16_r5, `members_post_feedback_requests`.`discarded_at` AS t16_r6, `members_post_feedback_requests`.`last_seen_at` AS t16_r7, `members_post_feedback_requests`.`role_name` AS t16_r8, `members_post_feedback_requests`.`latest_status_id` AS t16_r9, `members_post_feedback_requests`.`position` AS t16_r10, `members_post_feedback_requests`.`last_viewed_posts_at` AS t16_r11, `members_post_feedback_requests`.`home_last_seen_at` AS t16_r12, `members_post_feedback_requests`.`activity_last_seen_at` AS t16_r13, `users_organization_memberships_2`.`id` AS t17_r0, `users_organization_memberships_2`.`username` AS t17_r1, `users_organization_memberships_2`.`name` AS t17_r2, `users_organization_memberships_2`.`public_id` AS t17_r3, `users_organization_memberships_2`.`avatar_path` AS t17_r4, `users_organization_memberships_2`.`email` AS t17_r5, `users_organization_memberships_2`.`encrypted_password` AS t17_r6, `users_organization_memberships_2`.`reset_password_token` AS t17_r7, `users_organization_memberships_2`.`reset_password_sent_at` AS t17_r8, `users_organization_memberships_2`.`remember_created_at` AS t17_r9, `users_organization_memberships_2`.`confirmation_token` AS t17_r10, `users_organization_memberships_2`.`confirmed_at` AS t17_r11, `users_organization_memberships_2`.`confirmation_sent_at` AS t17_r12, `users_organization_memberships_2`.`unconfirmed_email` AS t17_r13, `users_organization_memberships_2`.`omniauth_provider` AS t17_r14, `users_organization_memberships_2`.`omniauth_uid` AS t17_r15, `users_organization_memberships_2`.`onboarded_at` AS t17_r16, `users_organization_memberships_2`.`created_at` AS t17_r17, `users_organization_memberships_2`.`updated_at` AS t17_r18, `users_organization_memberships_2`.`cover_photo_path` AS t17_r19, `users_organization_memberships_2`.`login_token` AS t17_r20, `users_organization_memberships_2`.`login_token_expires_at` AS t17_r21, `users_organization_memberships_2`.`consumed_timestep` AS t17_r22, `users_organization_memberships_2`.`otp_backup_codes` AS t17_r23, `users_organization_memberships_2`.`otp_enabled` AS t17_r24, `users_organization_memberships_2`.`otp_secret` AS t17_r25, `users_organization_memberships_2`.`last_seen_at` AS t17_r26, `users_organization_memberships_2`.`login_token_sso_id` AS t17_r27, `users_organization_memberships_2`.`scheduled_email_notifications_from` AS t17_r28, `users_organization_memberships_2`.`demo` AS t17_r29, `users_organization_memberships_2`.`staff` AS t17_r30, `users_organization_memberships_2`.`referrer` AS t17_r31, `users_organization_memberships_2`.`landing_url` AS t17_r32, `users_organization_memberships_2`.`notification_pause_expires_at` AS t17_r33, `users_organization_memberships_2`.`preferred_timezone` AS t17_r34, `users_organization_memberships_2`.`notifications_paused_at` AS t17_r35, `latest_statuses_organization_memberships`.`id` AS t18_r0, `latest_statuses_organization_memberships`.`message` AS t18_r1, `latest_statuses_organization_memberships`.`emoji` AS t18_r2, `latest_statuses_organization_memberships`.`expires_at` AS t18_r3, `latest_statuses_organization_memberships`.`organization_membership_id` AS t18_r4, `latest_statuses_organization_memberships`.`created_at` AS t18_r5, `latest_statuses_organization_memberships`.`updated_at` AS t18_r6, `latest_statuses_organization_memberships`.`expiration_setting` AS t18_r7, `latest_statuses_organization_memberships`.`pause_notifications` AS t18_r8, `follow_ups`.`id` AS t19_r0, `follow_ups`.`public_id` AS t19_r1, `follow_ups`.`organization_membership_id` AS t19_r2, `follow_ups`.`subject_type` AS t19_r3, `follow_ups`.`subject_id` AS t19_r4, `follow_ups`.`show_at` AS t19_r5, `follow_ups`.`created_at` AS t19_r6, `follow_ups`.`updated_at` AS t19_r7, `follow_ups`.`shown_at` AS t19_r8, `organization_memberships_follow_ups`.`id` AS t20_r0, `organization_memberships_follow_ups`.`public_id` AS t20_r1, `organization_memberships_follow_ups`.`organization_id` AS t20_r2, `organization_memberships_follow_ups`.`user_id` AS t20_r3, `organization_memberships_follow_ups`.`created_at` AS t20_r4, `organization_memberships_follow_ups`.`updated_at` AS t20_r5, `organization_memberships_follow_ups`.`discarded_at` AS t20_r6, `organization_memberships_follow_ups`.`last_seen_at` AS t20_r7, `organization_memberships_follow_ups`.`role_name` AS t20_r8, `organization_memberships_follow_ups`.`latest_status_id` AS t20_r9, `organization_memberships_follow_ups`.`position` AS t20_r10, `organization_memberships_follow_ups`.`last_viewed_posts_at` AS t20_r11, `organization_memberships_follow_ups`.`home_last_seen_at` AS t20_r12, `organization_memberships_follow_ups`.`activity_last_seen_at` AS t20_r13, `users_organization_memberships_3`.`id` AS t21_r0, `users_organization_memberships_3`.`username` AS t21_r1, `users_organization_memberships_3`.`name` AS t21_r2, `users_organization_memberships_3`.`public_id` AS t21_r3, `users_organization_memberships_3`.`avatar_path` AS t21_r4, `users_organization_memberships_3`.`email` AS t21_r5, `users_organization_memberships_3`.`encrypted_password` AS t21_r6, `users_organization_memberships_3`.`reset_password_token` AS t21_r7, `users_organization_memberships_3`.`reset_password_sent_at` AS t21_r8, `users_organization_memberships_3`.`remember_created_at` AS t21_r9, `users_organization_memberships_3`.`confirmation_token` AS t21_r10, `users_organization_memberships_3`.`confirmed_at` AS t21_r11, `users_organization_memberships_3`.`confirmation_sent_at` AS t21_r12, `users_organization_memberships_3`.`unconfirmed_email` AS t21_r13, `users_organization_memberships_3`.`omniauth_provider` AS t21_r14, `users_organization_memberships_3`.`omniauth_uid` AS t21_r15, `users_organization_memberships_3`.`onboarded_at` AS t21_r16, `users_organization_memberships_3`.`created_at` AS t21_r17, `users_organization_memberships_3`.`updated_at` AS t21_r18, `users_organization_memberships_3`.`cover_photo_path` AS t21_r19, `users_organization_memberships_3`.`login_token` AS t21_r20, `users_organization_memberships_3`.`login_token_expires_at` AS t21_r21, `users_organization_memberships_3`.`consumed_timestep` AS t21_r22, `users_organization_memberships_3`.`otp_backup_codes` AS t21_r23, `users_organization_memberships_3`.`otp_enabled` AS t21_r24, `users_organization_memberships_3`.`otp_secret` AS t21_r25, `users_organization_memberships_3`.`last_seen_at` AS t21_r26, `users_organization_memberships_3`.`login_token_sso_id` AS t21_r27, `users_organization_memberships_3`.`scheduled_email_notifications_from` AS t21_r28, `users_organization_memberships_3`.`demo` AS t21_r29, `users_organization_memberships_3`.`staff` AS t21_r30, `users_organization_memberships_3`.`referrer` AS t21_r31, `users_organization_memberships_3`.`landing_url` AS t21_r32, `users_organization_memberships_3`.`notification_pause_expires_at` AS t21_r33, `users_organization_memberships_3`.`preferred_timezone` AS t21_r34, `users_organization_memberships_3`.`notifications_paused_at` AS t21_r35, `latest_statuses_organization_memberships_2`.`id` AS t22_r0, `latest_statuses_organization_memberships_2`.`message` AS t22_r1, `latest_statuses_organization_memberships_2`.`emoji` AS t22_r2, `latest_statuses_organization_memberships_2`.`expires_at` AS t22_r3, `latest_statuses_organization_memberships_2`.`organization_membership_id` AS t22_r4, `latest_statuses_organization_memberships_2`.`created_at` AS t22_r5, `latest_statuses_organization_memberships_2`.`updated_at` AS t22_r6, `latest_statuses_organization_memberships_2`.`expiration_setting` AS t22_r7, `latest_statuses_organization_memberships_2`.`pause_notifications` AS t22_r8, `comments`.`id` AS t23_r0, `comments`.`public_id` AS t23_r1, `comments`.`organization_membership_id` AS t23_r2, `comments`.`subject_type` AS t23_r3, `comments`.`subject_id` AS t23_r4, `comments`.`parent_id` AS t23_r5, `comments`.`attachment_id` AS t23_r6, `comments`.`resolved_by_id` AS t23_r7, `comments`.`body_html` AS t23_r8, `comments`.`resolved_at` AS t23_r9, `comments`.`timestamp` AS t23_r10, `comments`.`x` AS t23_r11, `comments`.`y` AS t23_r12, `comments`.`note_highlight` AS t23_r13, `comments`.`discarded_at` AS t23_r14, `comments`.`created_at` AS t23_r15, `comments`.`updated_at` AS t23_r16, `comments`.`integration_id` AS t23_r17, `comments`.`oauth_application_id` AS t23_r18, `comments`.`replies_count` AS t23_r19, `integrations_comments`.`id` AS t24_r0, `integrations_comments`.`public_id` AS t24_r1, `integrations_comments`.`provider` AS t24_r2, `integrations_comments`.`token` AS t24_r3, `integrations_comments`.`creator_id` AS t24_r4, `integrations_comments`.`created_at` AS t24_r5, `integrations_comments`.`updated_at` AS t24_r6, `integrations_comments`.`owner_id` AS t24_r7, `integrations_comments`.`owner_type` AS t24_r8, `integrations_comments`.`refresh_token` AS t24_r9, `integrations_comments`.`token_expires_at` AS t24_r10, `oauth_applications_comments`.`id` AS t25_r0, `oauth_applications_comments`.`public_id` AS t25_r1, `oauth_applications_comments`.`name` AS t25_r2, `oauth_applications_comments`.`uid` AS t25_r3, `oauth_applications_comments`.`secret` AS t25_r4, `oauth_applications_comments`.`redirect_uri` AS t25_r5, `oauth_applications_comments`.`scopes` AS t25_r6, `oauth_applications_comments`.`confidential` AS t25_r7, `oauth_applications_comments`.`owner_type` AS t25_r8, `oauth_applications_comments`.`owner_id` AS t25_r9, `oauth_applications_comments`.`created_at` AS t25_r10, `oauth_applications_comments`.`updated_at` AS t25_r11, `oauth_applications_comments`.`avatar_path` AS t25_r12, `oauth_applications_comments`.`discarded_at` AS t25_r13, `oauth_applications_comments`.`provider` AS t25_r14, `oauth_applications_comments`.`creator_id` AS t25_r15, `oauth_applications_comments`.`last_copied_secret_at` AS t25_r16, `members_comments`.`id` AS t26_r0, `members_comments`.`public_id` AS t26_r1, `members_comments`.`organization_id` AS t26_r2, `members_comments`.`user_id` AS t26_r3, `members_comments`.`created_at` AS t26_r4, `members_comments`.`updated_at` AS t26_r5, `members_comments`.`discarded_at` AS t26_r6, `members_comments`.`last_seen_at` AS t26_r7, `members_comments`.`role_name` AS t26_r8, `members_comments`.`latest_status_id` AS t26_r9, `members_comments`.`position` AS t26_r10, `members_comments`.`last_viewed_posts_at` AS t26_r11, `members_comments`.`home_last_seen_at` AS t26_r12, `members_comments`.`activity_last_seen_at` AS t26_r13, `users_organization_memberships_4`.`id` AS t27_r0, `users_organization_memberships_4`.`username` AS t27_r1, `users_organization_memberships_4`.`name` AS t27_r2, `users_organization_memberships_4`.`public_id` AS t27_r3, `users_organization_memberships_4`.`avatar_path` AS t27_r4, `users_organization_memberships_4`.`email` AS t27_r5, `users_organization_memberships_4`.`encrypted_password` AS t27_r6, `users_organization_memberships_4`.`reset_password_token` AS t27_r7, `users_organization_memberships_4`.`reset_password_sent_at` AS t27_r8, `users_organization_memberships_4`.`remember_created_at` AS t27_r9, `users_organization_memberships_4`.`confirmation_token` AS t27_r10, `users_organization_memberships_4`.`confirmed_at` AS t27_r11, `users_organization_memberships_4`.`confirmation_sent_at` AS t27_r12, `users_organization_memberships_4`.`unconfirmed_email` AS t27_r13, `users_organization_memberships_4`.`omniauth_provider` AS t27_r14, `users_organization_memberships_4`.`omniauth_uid` AS t27_r15, `users_organization_memberships_4`.`onboarded_at` AS t27_r16, `users_organization_memberships_4`.`created_at` AS t27_r17, `users_organization_memberships_4`.`updated_at` AS t27_r18, `users_organization_memberships_4`.`cover_photo_path` AS t27_r19, `users_organization_memberships_4`.`login_token` AS t27_r20, `users_organization_memberships_4`.`login_token_expires_at` AS t27_r21, `users_organization_memberships_4`.`consumed_timestep` AS t27_r22, `users_organization_memberships_4`.`otp_backup_codes` AS t27_r23, `users_organization_memberships_4`.`otp_enabled` AS t27_r24, `users_organization_memberships_4`.`otp_secret` AS t27_r25, `users_organization_memberships_4`.`last_seen_at` AS t27_r26, `users_organization_memberships_4`.`login_token_sso_id` AS t27_r27, `users_organization_memberships_4`.`scheduled_email_notifications_from` AS t27_r28, `users_organization_memberships_4`.`demo` AS t27_r29, `users_organization_memberships_4`.`staff` AS t27_r30, `users_organization_memberships_4`.`referrer` AS t27_r31, `users_organization_memberships_4`.`landing_url` AS t27_r32, `users_organization_memberships_4`.`notification_pause_expires_at` AS t27_r33, `users_organization_memberships_4`.`preferred_timezone` AS t27_r34, `users_organization_memberships_4`.`notifications_paused_at` AS t27_r35, `latest_statuses_organization_memberships_3`.`id` AS t28_r0, `latest_statuses_organization_memberships_3`.`message` AS t28_r1, `latest_statuses_organization_memberships_3`.`emoji` AS t28_r2, `latest_statuses_organization_memberships_3`.`expires_at` AS t28_r3, `latest_statuses_organization_memberships_3`.`organization_membership_id` AS t28_r4, `latest_statuses_organization_memberships_3`.`created_at` AS t28_r5, `latest_statuses_organization_memberships_3`.`updated_at` AS t28_r6, `latest_statuses_organization_memberships_3`.`expiration_setting` AS t28_r7, `latest_statuses_organization_memberships_3`.`pause_notifications` AS t28_r8 FROM `posts` LEFT OUTER JOIN `projects` `project` ON `project`.`id` = `posts`.`project_id` LEFT OUTER JOIN `organization_memberships` `member` ON `member`.`id` = `posts`.`organization_membership_id` LEFT OUTER JOIN `post_links` ON `post_links`.`post_id` = `posts`.`id` LEFT OUTER JOIN `projects` `projects_posts` ON `projects_posts`.`id` = `posts`.`project_id` LEFT OUTER JOIN `post_taggings` ON `post_taggings`.`post_id` = `posts`.`id` LEFT OUTER JOIN `tags` ON `tags`.`id` = `post_taggings`.`tag_id` LEFT OUTER JOIN `integrations` ON `integrations`.`id` = `posts`.`integration_id` LEFT OUTER JOIN `oauth_applications` ON `oauth_applications`.`id` = `posts`.`oauth_application_id` LEFT OUTER JOIN `organizations` ON `organizations`.`id` = `posts`.`organization_id` LEFT OUTER JOIN `organization_memberships` ON `organization_memberships`.`role_name` = 'admin' AND `organization_memberships`.`discarded_at` IS NULL AND `organization_memberships`.`organization_id` = `organizations`.`id` LEFT OUTER JOIN `users` ON `users`.`id` = `organization_memberships`.`user_id` LEFT OUTER JOIN `polls` ON `polls`.`post_id` = `posts`.`id` LEFT OUTER JOIN `poll_options` ON `poll_options`.`poll_id` = `polls`.`id` LEFT OUTER JOIN `attachments` ON `attachments`.`subject_type` = 'Post' AND `attachments`.`subject_id` = `posts`.`id` LEFT OUTER JOIN `figma_files` ON `figma_files`.`id` = `attachments`.`figma_file_id` LEFT OUTER JOIN `organization_memberships` `members_posts` ON `members_posts`.`id` = `posts`.`organization_membership_id` LEFT OUTER JOIN `users` `users_organization_memberships` ON `users_organization_memberships`.`id` = `members_posts`.`user_id` LEFT OUTER JOIN `organization_membership_statuses` ON `organization_membership_statuses`.`id` = `members_posts`.`latest_status_id` LEFT OUTER JOIN `post_feedback_requests` ON `post_feedback_requests`.`discarded_at` IS NULL AND `post_feedback_requests`.`dismissed_at` IS NULL AND `post_feedback_requests`.`post_id` = `posts`.`id` LEFT OUTER JOIN `organization_memberships` `members_post_feedback_requests` ON `members_post_feedback_requests`.`id` = `post_feedback_requests`.`organization_membership_id` LEFT OUTER JOIN `users` `users_organization_memberships_2` ON `users_organization_memberships_2`.`id` = `members_post_feedback_requests`.`user_id` LEFT OUTER JOIN `organization_membership_statuses` `latest_statuses_organization_memberships` ON `latest_statuses_organization_memberships`.`id` = `members_post_feedback_requests`.`latest_status_id` LEFT OUTER JOIN `follow_ups` ON `follow_ups`.`subject_type` = 'Post' AND `follow_ups`.`shown_at` IS NULL AND `follow_ups`.`subject_id` = `posts`.`id` LEFT OUTER JOIN `organization_memberships` `organization_memberships_follow_ups` ON `organization_memberships_follow_ups`.`id` = `follow_ups`.`organization_membership_id` LEFT OUTER JOIN `users` `users_organization_memberships_3` ON `users_organization_memberships_3`.`id` = `organization_memberships_follow_ups`.`user_id` LEFT OUTER JOIN `organization_membership_statuses` `latest_statuses_organization_memberships_2` ON `latest_statuses_organization_memberships_2`.`id` = `organization_memberships_follow_ups`.`latest_status_id` LEFT OUTER JOIN `comments` ON `comments`.`id` = `posts`.`resolved_comment_id` LEFT OUTER JOIN `integrations` `integrations_comments` ON `integrations_comments`.`id` = `comments`.`integration_id` LEFT OUTER JOIN `oauth_applications` `oauth_applications_comments` ON `oauth_applications_comments`.`id` = `comments`.`oauth_application_id` LEFT OUTER JOIN `organization_memberships` `members_comments` ON `members_comments`.`id` = `comments`.`organization_membership_id` LEFT OUTER JOIN `users` `users_organization_memberships_4` ON `users_organization_memberships_4`.`id` = `members_comments`.`user_id` LEFT OUTER JOIN `organization_membership_statuses` `latest_statuses_organization_memberships_3` ON `latest_statuses_organization_memberships_3`.`id` = `members_comments`.`latest_status_id` WHERE (posts.workflow_state = 'published') AND ((EXISTS ( SELECT 1 FROM project_memberships JOIN organization_memberships ON organization_memberships.id = project_memberships.organization_membership_id WHERE project_memberships.project_id = posts.project_id AND project_memberships.discarded_at IS NULL AND organization_memberships.user_id = '15' AND organization_memberships.discarded_at IS NULL )) OR (EXISTS ( SELECT 1 FROM user_subscriptions WHERE user_subscriptions.subscribable_type = 'Post' AND user_subscriptions.subscribable_id = posts.id AND user_subscriptions.user_id = '15' ))) AND ((`posts`.`project_id` IS NULL OR `project`.`private` = FALSE) AND (EXISTS( SELECT 1 FROM organization_memberships WHERE organization_memberships.user_id = '15' AND organization_memberships.organization_id = project.organization_id AND organization_memberships.discarded_at IS NULL AND organization_memberships.role_name in ('admin', 'member', 'viewer') LIMIT 1 )) OR (EXISTS ( SELECT 1 FROM project_memberships JOIN organization_memberships ON organization_memberships.id = project_memberships.organization_membership_id WHERE project_memberships.project_id = posts.project_id AND project_memberships.discarded_at IS NULL AND organization_memberships.user_id = '15' AND organization_memberships.discarded_at IS NULL ))) AND `posts`.`organization_id` = 3 AND `posts`.`discarded_at` IS NULL AND `project`.`archived_at` IS NULL AND `posts`.`stale` = FALSE AND `posts`.`id` IN (36, 34, 35, 33, 32, 31, 30) ORDER BY posts.last_activity_at desc, posts.id desc /*action='index',application='CampsiteApi',controller='for_me_posts'*/[0m
[1;38;5;2mapi-web           [0m |   ↳ lib/cursor_pagination.rb:67:in `run'
[1;38;5;2mapi-web           [0m | Started GET "/v1/organizations/cosyland/members/mahnaz" for 87.75.141.139 at 2025-01-24 00:34:25 +0100
[1;38;5;2mapi-web           [0m | Processing by Api::V1::OrganizationMembersController#show as JSON
[1;38;5;2mapi-web           [0m |   Parameters: {"org_slug"=>"cosyland", "username"=>"faiz", "organization_member"=>{}}
[1;38;5;2mapi-web           [0m | Cannot render console from 172.68.205.201! Allowed networks: 127.0.0.0/127.255.255.255, ::1
[1;38;5;2mapi-web           [0m |   [1m[36mUser Load (1.2ms)[0m  [1m[34mSELECT `users`.* FROM `users` WHERE `users`.`id` = 15 ORDER BY `users`.`id` ASC LIMIT 1 /*action='show',application='CampsiteApi',controller='organization_members'*/[0m
[1;38;5;2mapi-web           [0m |   ↳ app/controllers/concerns/current_attributable.rb:17:in `set_current_user'
[1;38;5;2mapi-web           [0m |   [1m[35mSQL (1.4ms)[0m  [1m[34mSELECT `organization_memberships`.`id` AS t0_r0, `organization_memberships`.`public_id` AS t0_r1, `organization_memberships`.`organization_id` AS t0_r2, `organization_memberships`.`user_id` AS t0_r3, `organization_memberships`.`created_at` AS t0_r4, `organization_memberships`.`updated_at` AS t0_r5, `organization_memberships`.`discarded_at` AS t0_r6, `organization_memberships`.`last_seen_at` AS t0_r7, `organization_memberships`.`role_name` AS t0_r8, `organization_memberships`.`latest_status_id` AS t0_r9, `organization_memberships`.`position` AS t0_r10, `organization_memberships`.`last_viewed_posts_at` AS t0_r11, `organization_memberships`.`home_last_seen_at` AS t0_r12, `organization_memberships`.`activity_last_seen_at` AS t0_r13, `organization_membership_statuses`.`id` AS t1_r0, `organization_membership_statuses`.`message` AS t1_r1, `organization_membership_statuses`.`emoji` AS t1_r2, `organization_membership_statuses`.`expires_at` AS t1_r3, `organization_membership_statuses`.`organization_membership_id` AS t1_r4, `organization_membership_statuses`.`created_at` AS t1_r5, `organization_membership_statuses`.`updated_at` AS t1_r6, `organization_membership_statuses`.`expiration_setting` AS t1_r7, `organization_membership_statuses`.`pause_notifications` AS t1_r8, `organization`.`id` AS t2_r0, `organization`.`public_id` AS t2_r1, `organization`.`name` AS t2_r2, `organization`.`slug` AS t2_r3, `organization`.`email_domain` AS t2_r4, `organization`.`billing_email` AS t2_r5, `organization`.`avatar_path` AS t2_r6, `organization`.`slack_channel_id` AS t2_r7, `organization`.`invite_token` AS t2_r8, `organization`.`creator_id` AS t2_r9, `organization`.`onboarded_at` AS t2_r10, `organization`.`created_at` AS t2_r11, `organization`.`updated_at` AS t2_r12, `organization`.`plan_name` AS t2_r13, `organization`.`member_count` AS t2_r14, `organization`.`demo` AS t2_r15, `organization`.`creator_role` AS t2_r16, `organization`.`creator_org_size` AS t2_r17, `organization`.`trial_ends_at` AS t2_r18, `organization`.`creator_source` AS t2_r19, `organization`.`creator_why` AS t2_r20, `organization_settings`.`id` AS t3_r0, `organization_settings`.`key` AS t3_r1, `organization_settings`.`value` AS t3_r2, `organization_settings`.`organization_id` AS t3_r3, `organization_settings`.`created_at` AS t3_r4, `organization_settings`.`updated_at` AS t3_r5 FROM `organization_memberships` INNER JOIN `organizations` `organization` ON `organization`.`id` = `organization_memberships`.`organization_id` LEFT OUTER JOIN `organization_settings` ON `organization_settings`.`key` = 'enforce_two_factor_authentication' AND `organization_settings`.`organization_id` = `organization`.`id` LEFT OUTER JOIN `organization_membership_statuses` ON `organization_membership_statuses`.`id` = `organization_memberships`.`latest_status_id` WHERE `organization_memberships`.`user_id` = 15 AND `organization_memberships`.`discarded_at` IS NULL AND `organization`.`slug` = 'cosyland' LIMIT 1 /*action='show',application='CampsiteApi',controller='organization_members'*/[0m
[1;38;5;2mapi-web           [0m |   ↳ app/controllers/api/v1/base_controller.rb:110:in `current_organization_membership'
[1;38;5;2mapi-web           [0m |   [1m[35mSQL (1.3ms)[0m  [1m[34mSELECT `organization_memberships`.`id` AS t0_r0, `organization_memberships`.`public_id` AS t0_r1, `organization_memberships`.`organization_id` AS t0_r2, `organization_memberships`.`user_id` AS t0_r3, `organization_memberships`.`created_at` AS t0_r4, `organization_memberships`.`updated_at` AS t0_r5, `organization_memberships`.`discarded_at` AS t0_r6, `organization_memberships`.`last_seen_at` AS t0_r7, `organization_memberships`.`role_name` AS t0_r8, `organization_memberships`.`latest_status_id` AS t0_r9, `organization_memberships`.`position` AS t0_r10, `organization_memberships`.`last_viewed_posts_at` AS t0_r11, `organization_memberships`.`home_last_seen_at` AS t0_r12, `organization_memberships`.`activity_last_seen_at` AS t0_r13, `user`.`id` AS t1_r0, `user`.`username` AS t1_r1, `user`.`name` AS t1_r2, `user`.`public_id` AS t1_r3, `user`.`avatar_path` AS t1_r4, `user`.`email` AS t1_r5, `user`.`encrypted_password` AS t1_r6, `user`.`reset_password_token` AS t1_r7, `user`.`reset_password_sent_at` AS t1_r8, `user`.`remember_created_at` AS t1_r9, `user`.`confirmation_token` AS t1_r10, `user`.`confirmed_at` AS t1_r11, `user`.`confirmation_sent_at` AS t1_r12, `user`.`unconfirmed_email` AS t1_r13, `user`.`omniauth_provider` AS t1_r14, `user`.`omniauth_uid` AS t1_r15, `user`.`onboarded_at` AS t1_r16, `user`.`created_at` AS t1_r17, `user`.`updated_at` AS t1_r18, `user`.`cover_photo_path` AS t1_r19, `user`.`login_token` AS t1_r20, `user`.`login_token_expires_at` AS t1_r21, `user`.`consumed_timestep` AS t1_r22, `user`.`otp_backup_codes` AS t1_r23, `user`.`otp_enabled` AS t1_r24, `user`.`otp_secret` AS t1_r25, `user`.`last_seen_at` AS t1_r26, `user`.`login_token_sso_id` AS t1_r27, `user`.`scheduled_email_notifications_from` AS t1_r28, `user`.`demo` AS t1_r29, `user`.`staff` AS t1_r30, `user`.`referrer` AS t1_r31, `user`.`landing_url` AS t1_r32, `user`.`notification_pause_expires_at` AS t1_r33, `user`.`preferred_timezone` AS t1_r34, `user`.`notifications_paused_at` AS t1_r35, `organization_membership_statuses`.`id` AS t2_r0, `organization_membership_statuses`.`message` AS t2_r1, `organization_membership_statuses`.`emoji` AS t2_r2, `organization_membership_statuses`.`expires_at` AS t2_r3, `organization_membership_statuses`.`organization_membership_id` AS t2_r4, `organization_membership_statuses`.`created_at` AS t2_r5, `organization_membership_statuses`.`updated_at` AS t2_r6, `organization_membership_statuses`.`expiration_setting` AS t2_r7, `organization_membership_statuses`.`pause_notifications` AS t2_r8 FROM `organization_memberships` LEFT OUTER JOIN `users` `user` ON `user`.`id` = `organization_memberships`.`user_id` LEFT OUTER JOIN `organization_membership_statuses` ON `organization_membership_statuses`.`id` = `organization_memberships`.`latest_status_id` WHERE `organization_memberships`.`organization_id` = 3 AND `user`.`username` = 'faiz' LIMIT 1 /*action='show',application='CampsiteApi',controller='organization_members'*/[0m
[1;38;5;2mapi-web           [0m |   ↳ app/controllers/api/v1/organization_members_controller.rb:48:in `show'
[1;38;5;2mapi-web           [0m |   [1m[36mOrganizationMembership Load (1.4ms)[0m  [1m[34mSELECT `organization_memberships`.* FROM `organization_memberships` WHERE `organization_memberships`.`organization_id` = 3 AND `organization_memberships`.`discarded_at` IS NULL AND `organization_memberships`.`user_id` = 15 LIMIT 1 /*action='show',application='CampsiteApi',controller='organization_members'*/[0m
[1;38;5;2mapi-web           [0m |   ↳ app/policies/organization_membership_policy.rb:73:in `organization_membership'
[1;38;5;2mapi-web           [0m | Completed 200 OK in 17ms (Views: 0.1ms | ActiveRecord: 3.1ms (4 queries, 0 cached) | GC: 1.1ms)
[1;38;5;2mapi-web           [0m | 
[1;38;5;2mapi-web           [0m | 
[1;38;5;2mapi-web           [0m |   [1m[36mOrganizationMembership Load (1.4ms)[0m  [1m[34mSELECT `organization_memberships`.* FROM `organization_memberships` WHERE `organization_memberships`.`id` = 16 /*action='index',application='CampsiteApi',controller='for_me_posts'*/[0m
[1;38;5;2mapi-web           [0m |   ↳ lib/cursor_pagination.rb:67:in `run'
[1;38;5;2mapi-web           [0m | Started GET "/v1/organizations/cosyland/members/martyna" for 87.75.141.139 at 2025-01-24 00:34:25 +0100
[1;38;5;2mapi-web           [0m | Cannot render console from 172.68.205.200! Allowed networks: 127.0.0.0/127.255.255.255, ::1
[1;38;5;2mapi-web           [0m |   [1m[36mUser Load (1.8ms)[0m  [1m[34mSELECT `users`.* FROM `users` WHERE `users`.`id` = 17 /*action='index',application='CampsiteApi',controller='for_me_posts'*/[0m
[1;38;5;2mapi-web           [0m |   ↳ lib/cursor_pagination.rb:67:in `run'
[1;38;5;2mapi-web           [0m |   [1m[36mOrganizationMembershipStatus Load (1.1ms)[0m  [1m[34mSELECT `organization_membership_statuses`.* FROM `organization_membership_statuses` WHERE `organization_membership_statuses`.`id` = 2 /*action='index',application='CampsiteApi',controller='for_me_posts'*/[0m
[1;38;5;2mapi-web           [0m |   ↳ lib/cursor_pagination.rb:67:in `run'
[1;38;5;2mapi-web           [0m | Processing by Api::V1::OrganizationMembersController#show as JSON
[1;38;5;2mapi-web           [0m |   Parameters: {"org_slug"=>"cosyland", "username"=>"haider", "organization_member"=>{}}
[1;38;5;2mapi-web           [0m |   [1m[36mUser Load (1.3ms)[0m  [1m[34mSELECT `users`.* FROM `users` WHERE `users`.`id` = 15 ORDER BY `users`.`id` ASC LIMIT 1 /*action='show',application='CampsiteApi',controller='organization_members'*/[0m
[1;38;5;2mapi-web           [0m |   ↳ app/controllers/concerns/current_attributable.rb:17:in `set_current_user'
[1;38;5;2mapi-web           [0m |   [1m[35mSQL (5.4ms)[0m  [1m[34mSELECT `organization_memberships`.`id` AS t0_r0, `organization_memberships`.`public_id` AS t0_r1, `organization_memberships`.`organization_id` AS t0_r2, `organization_memberships`.`user_id` AS t0_r3, `organization_memberships`.`created_at` AS t0_r4, `organization_memberships`.`updated_at` AS t0_r5, `organization_memberships`.`discarded_at` AS t0_r6, `organization_memberships`.`last_seen_at` AS t0_r7, `organization_memberships`.`role_name` AS t0_r8, `organization_memberships`.`latest_status_id` AS t0_r9, `organization_memberships`.`position` AS t0_r10, `organization_memberships`.`last_viewed_posts_at` AS t0_r11, `organization_memberships`.`home_last_seen_at` AS t0_r12, `organization_memberships`.`activity_last_seen_at` AS t0_r13, `organization_membership_statuses`.`id` AS t1_r0, `organization_membership_statuses`.`message` AS t1_r1, `organization_membership_statuses`.`emoji` AS t1_r2, `organization_membership_statuses`.`expires_at` AS t1_r3, `organization_membership_statuses`.`organization_membership_id` AS t1_r4, `organization_membership_statuses`.`created_at` AS t1_r5, `organization_membership_statuses`.`updated_at` AS t1_r6, `organization_membership_statuses`.`expiration_setting` AS t1_r7, `organization_membership_statuses`.`pause_notifications` AS t1_r8, `organization`.`id` AS t2_r0, `organization`.`public_id` AS t2_r1, `organization`.`name` AS t2_r2, `organization`.`slug` AS t2_r3, `organization`.`email_domain` AS t2_r4, `organization`.`billing_email` AS t2_r5, `organization`.`avatar_path` AS t2_r6, `organization`.`slack_channel_id` AS t2_r7, `organization`.`invite_token` AS t2_r8, `organization`.`creator_id` AS t2_r9, `organization`.`onboarded_at` AS t2_r10, `organization`.`created_at` AS t2_r11, `organization`.`updated_at` AS t2_r12, `organization`.`plan_name` AS t2_r13, `organization`.`member_count` AS t2_r14, `organization`.`demo` AS t2_r15, `organization`.`creator_role` AS t2_r16, `organization`.`creator_org_size` AS t2_r17, `organization`.`trial_ends_at` AS t2_r18, `organization`.`creator_source` AS t2_r19, `organization`.`creator_why` AS t2_r20, `organization_settings`.`id` AS t3_r0, `organization_settings`.`key` AS t3_r1, `organization_settings`.`value` AS t3_r2, `organization_settings`.`organization_id` AS t3_r3, `organization_settings`.`created_at` AS t3_r4, `organization_settings`.`updated_at` AS t3_r5 FROM `organization_memberships` INNER JOIN `organizations` `organization` ON `organization`.`id` = `organization_memberships`.`organization_id` LEFT OUTER JOIN `organization_settings` ON `organization_settings`.`key` = 'enforce_two_factor_authentication' AND `organization_settings`.`organization_id` = `organization`.`id` LEFT OUTER JOIN `organization_membership_statuses` ON `organization_membership_statuses`.`id` = `organization_memberships`.`latest_status_id` WHERE `organization_memberships`.`user_id` = 15 AND `organization_memberships`.`discarded_at` IS NULL AND `organization`.`slug` = 'cosyland' LIMIT 1 /*action='show',application='CampsiteApi',controller='organization_members'*/[0m
[1;38;5;2mapi-web           [0m |   ↳ app/controllers/api/v1/base_controller.rb:110:in `current_organization_membership'
[1;38;5;2mapi-web           [0m |   [1m[35mSQL (3.1ms)[0m  [1m[34mSELECT `organization_memberships`.`id` AS t0_r0, `organization_memberships`.`public_id` AS t0_r1, `organization_memberships`.`organization_id` AS t0_r2, `organization_memberships`.`user_id` AS t0_r3, `organization_memberships`.`created_at` AS t0_r4, `organization_memberships`.`updated_at` AS t0_r5, `organization_memberships`.`discarded_at` AS t0_r6, `organization_memberships`.`last_seen_at` AS t0_r7, `organization_memberships`.`role_name` AS t0_r8, `organization_memberships`.`latest_status_id` AS t0_r9, `organization_memberships`.`position` AS t0_r10, `organization_memberships`.`last_viewed_posts_at` AS t0_r11, `organization_memberships`.`home_last_seen_at` AS t0_r12, `organization_memberships`.`activity_last_seen_at` AS t0_r13, `user`.`id` AS t1_r0, `user`.`username` AS t1_r1, `user`.`name` AS t1_r2, `user`.`public_id` AS t1_r3, `user`.`avatar_path` AS t1_r4, `user`.`email` AS t1_r5, `user`.`encrypted_password` AS t1_r6, `user`.`reset_password_token` AS t1_r7, `user`.`reset_password_sent_at` AS t1_r8, `user`.`remember_created_at` AS t1_r9, `user`.`confirmation_token` AS t1_r10, `user`.`confirmed_at` AS t1_r11, `user`.`confirmation_sent_at` AS t1_r12, `user`.`unconfirmed_email` AS t1_r13, `user`.`omniauth_provider` AS t1_r14, `user`.`omniauth_uid` AS t1_r15, `user`.`onboarded_at` AS t1_r16, `user`.`created_at` AS t1_r17, `user`.`updated_at` AS t1_r18, `user`.`cover_photo_path` AS t1_r19, `user`.`login_token` AS t1_r20, `user`.`login_token_expires_at` AS t1_r21, `user`.`consumed_timestep` AS t1_r22, `user`.`otp_backup_codes` AS t1_r23, `user`.`otp_enabled` AS t1_r24, `user`.`otp_secret` AS t1_r25, `user`.`last_seen_at` AS t1_r26, `user`.`login_token_sso_id` AS t1_r27, `user`.`scheduled_email_notifications_from` AS t1_r28, `user`.`demo` AS t1_r29, `user`.`staff` AS t1_r30, `user`.`referrer` AS t1_r31, `user`.`landing_url` AS t1_r32, `user`.`notification_pause_expires_at` AS t1_r33, `user`.`preferred_timezone` AS t1_r34, `user`.`notifications_paused_at` AS t1_r35, `organization_membership_statuses`.`id` AS t2_r0, `organization_membership_statuses`.`message` AS t2_r1, `organization_membership_statuses`.`emoji` AS t2_r2, `organization_membership_statuses`.`expires_at` AS t2_r3, `organization_membership_statuses`.`organization_membership_id` AS t2_r4, `organization_membership_statuses`.`created_at` AS t2_r5, `organization_membership_statuses`.`updated_at` AS t2_r6, `organization_membership_statuses`.`expiration_setting` AS t2_r7, `organization_membership_statuses`.`pause_notifications` AS t2_r8 FROM `organization_memberships` LEFT OUTER JOIN `users` `user` ON `user`.`id` = `organization_memberships`.`user_id` LEFT OUTER JOIN `organization_membership_statuses` ON `organization_membership_statuses`.`id` = `organization_memberships`.`latest_status_id` WHERE `organization_memberships`.`organization_id` = 3 AND `user`.`username` = 'haider' LIMIT 1 /*action='show',application='CampsiteApi',controller='organization_members'*/[0m
[1;38;5;2mapi-web           [0m |   ↳ app/controllers/api/v1/organization_members_controller.rb:48:in `show'
[1;38;5;2mapi-web           [0m |   [1m[36mOrganizationMembership Load (6.9ms)[0m  [1m[34mSELECT `organization_memberships`.* FROM `organization_memberships` WHERE `organization_memberships`.`organization_id` = 3 AND `organization_memberships`.`discarded_at` IS NULL AND `organization_memberships`.`user_id` = 15 LIMIT 1 /*action='show',application='CampsiteApi',controller='organization_members'*/[0m
[1;38;5;2mapi-web           [0m |   ↳ app/policies/organization_membership_policy.rb:73:in `organization_membership'
[1;38;5;2mapi-web           [0m | Completed 200 OK in 83ms (Views: 0.1ms | ActiveRecord: 6.4ms (4 queries, 0 cached) | GC: 60.1ms)
[1;38;5;2mapi-web           [0m | 
[1;38;5;2mapi-web           [0m | 
[1;38;5;2mapi-web           [0m | Started GET "/v1/organizations/cosyland/threads/dms/samuel" for 87.75.141.139 at 2025-01-24 00:34:25 +0100
[1;38;5;2mapi-web           [0m | Cannot render console from 172.68.205.201! Allowed networks: 127.0.0.0/127.255.255.255, ::1
[1;38;5;2mapi-web           [0m |   [1m[36mASYNC Reaction Pluck (0.0ms) (db time 3.9ms)[0m  [1m[34mSELECT `reactions`.`subject_id`, `reactions`.`content`, `reactions`.`custom_reaction_id`, MAX(IF(reactions.organization_membership_id=15, reactions.public_id, NULL)), COUNT(*), JSON_ARRAYAGG(COALESCE(users.name, users.username, users.email)) FROM `reactions` INNER JOIN `organization_memberships` ON `organization_memberships`.`id` = `reactions`.`organization_membership_id` INNER JOIN `users` ON `users`.`id` = `organization_memberships`.`user_id` LEFT OUTER JOIN `custom_reactions` ON `custom_reactions`.`id` = `reactions`.`custom_reaction_id` WHERE `reactions`.`subject_id` IN (36, 34, 35, 33, 32, 31, 30) AND `reactions`.`subject_type` = 'Post' AND `reactions`.`discarded_at` IS NULL GROUP BY `reactions`.`subject_id`, `reactions`.`content`, `reactions`.`custom_reaction_id` ORDER BY MIN(reactions.created_at) /*application='CampsiteApi'*/[0m
[1;38;5;2mapi-web           [0m |   ↳ lib/async_preloader.rb:14:in `value'
[1;38;5;2mapi-web           [0m |   [1m[36mASYNC Comment Count (0.0ms) (db time 2.4ms)[0m  [1m[34mSELECT COUNT(*) AS `count_all`, `comments`.`subject_id` AS `comments_subject_id` FROM `comments` WHERE `comments`.`subject_id` IN (36, 34, 35, 33, 32, 31, 30) AND `comments`.`subject_type` = 'Post' AND `comments`.`discarded_at` IS NULL AND `comments`.`organization_membership_id` = 15 GROUP BY `comments`.`subject_id` /*application='CampsiteApi'*/[0m
[1;38;5;2mapi-web           [0m |   ↳ lib/async_preloader.rb:14:in `value'
[1;38;5;2mapi-web           [0m |   [1m[36mASYNC Comment Load (0.0ms) (db time 2.3ms)[0m  [1m[34mSELECT `comments`.`subject_id`, `comments`.`organization_membership_id`, `comments`.`oauth_application_id`, `comments`.`integration_id`, MAX(comments.id) AS latest_id FROM `comments` LEFT OUTER JOIN `organization_memberships` `member` ON `member`.`id` = `comments`.`organization_membership_id` LEFT OUTER JOIN `oauth_applications` ON `oauth_applications`.`id` = `comments`.`oauth_application_id` LEFT OUTER JOIN `integrations` ON `integrations`.`id` = `comments`.`integration_id` WHERE `comments`.`subject_id` IN (36, 34, 35, 33, 32, 31, 30) AND `comments`.`subject_type` = 'Post' AND `comments`.`discarded_at` IS NULL AND `comments`.`resolved_at` IS NULL AND `member`.`discarded_at` IS NULL GROUP BY `comments`.`subject_id`, `comments`.`organization_membership_id`, `comments`.`oauth_application_id`, `comments`.`integration_id` /*application='CampsiteApi'*/[0m
[1;38;5;2mapi-web           [0m |   ↳ app/models/concerns/commentable.rb:33:in `each_with_object'
[1;38;5;2mapi-web           [0m |   [1m[36mOrganizationMembership Load (1.7ms)[0m  [1m[34mSELECT `organization_memberships`.* FROM `organization_memberships` WHERE `organization_memberships`.`id` IN (15, 16, 17) /*action='index',application='CampsiteApi',controller='for_me_posts'*/[0m
[1;38;5;2mapi-web           [0m |   ↳ app/models/concerns/commentable.rb:33:in `each_with_object'
[1;38;5;2mapi-web           [0m |   [1m[36mUser Load (1.5ms)[0m  [1m[34mSELECT `users`.* FROM `users` WHERE `users`.`id` IN (15, 17, 18) /*action='index',application='CampsiteApi',controller='for_me_posts'*/[0m
[1;38;5;2mapi-web           [0m |   ↳ app/models/concerns/commentable.rb:33:in `each_with_object'
[1;38;5;2mapi-web           [0m |   [1m[36mOrganizationMembershipStatus Load (1.3ms)[0m  [1m[34mSELECT `organization_membership_statuses`.* FROM `organization_membership_statuses` WHERE `organization_membership_statuses`.`id` IN (1, 2) /*action='index',application='CampsiteApi',controller='for_me_posts'*/[0m
[1;38;5;2mapi-web           [0m |   ↳ app/models/concerns/commentable.rb:33:in `each_with_object'
[1;38;5;2mapi-web           [0m |   [1m[36mASYNC UserSubscription Count (0.0ms) (db time 2.0ms)[0m  [1m[34mSELECT COUNT(*) AS `count_all`, `user_subscriptions`.`subscribable_id` AS `user_subscriptions_subscribable_id` FROM `user_subscriptions` WHERE `user_subscriptions`.`subscribable_type` = 'Post' AND `user_subscriptions`.`subscribable_id` IN (36, 34, 35, 33, 32, 31, 30) AND `user_subscriptions`.`user_id` = 15 GROUP BY `user_subscriptions`.`subscribable_id` /*application='CampsiteApi'*/[0m
[1;38;5;2mapi-web           [0m |   ↳ lib/async_preloader.rb:14:in `value'
[1;38;5;2mapi-web           [0m |   [1m[36mASYNC PostView Count (0.0ms) (db time 1.8ms)[0m  [1m[34mSELECT COUNT(*) AS `count_all`, `post_views`.`post_id` AS `post_views_post_id` FROM `post_views` WHERE `post_views`.`post_id` IN (36, 34, 35, 33, 32, 31, 30) AND `post_views`.`organization_membership_id` = 15 GROUP BY `post_views`.`post_id` /*application='CampsiteApi'*/[0m
[1;38;5;2mapi-web           [0m |   ↳ lib/async_preloader.rb:14:in `value'
[1;38;5;2mapi-web           [0m |   [1m[36mASYNC Favorite Count (0.0ms) (db time 1.9ms)[0m  [1m[34mSELECT COUNT(*) AS `count_all`, `favorites`.`favoritable_id` AS `favorites_favoritable_id` FROM `favorites` WHERE `favorites`.`favoritable_type` = 'Post' AND `favorites`.`favoritable_id` IN (36, 34, 35, 33, 32, 31, 30) AND `favorites`.`organization_membership_id` = 15 GROUP BY `favorites`.`favoritable_id` /*application='CampsiteApi'*/[0m
[1;38;5;2mapi-web           [0m |   ↳ lib/async_preloader.rb:14:in `value'
[1;38;5;2mapi-web           [0m |   [1m[36mASYNC Comment Load (0.0ms) (db time 3.1ms)[0m  [1m[34mSELECT `comments`.`subject_id`, COUNT(DISTINCT CASE WHEN comments.created_at > post_views.updated_at THEN comments.id END) AS unseen_count, MAX(DISTINCT CASE WHEN comments.created_at > post_views.updated_at THEN comments.created_at END) AS latest_at FROM `comments` LEFT JOIN post_views ON post_views.post_id = comments.subject_id AND post_views.organization_membership_id = 15 WHERE `comments`.`discarded_at` IS NULL AND `comments`.`subject_id` IN (36, 34, 35, 33, 32, 31, 30) AND `comments`.`subject_type` = 'Post' AND `comments`.`organization_membership_id` != 15 GROUP BY `comments`.`subject_id` /*application='CampsiteApi'*/[0m
[1;38;5;2mapi-web           [0m |   ↳ app/models/post.rb:940:in `map'
[1;38;5;2mapi-web           [0m |   [1m[35mASYNC SQL (0.0ms) (db time 5.0ms)[0m  [1m[34mSELECT `comments`.`id` AS t0_r0, `comments`.`public_id` AS t0_r1, `comments`.`organization_membership_id` AS t0_r2, `comments`.`subject_type` AS t0_r3, `comments`.`subject_id` AS t0_r4, `comments`.`parent_id` AS t0_r5, `comments`.`attachment_id` AS t0_r6, `comments`.`resolved_by_id` AS t0_r7, `comments`.`body_html` AS t0_r8, `comments`.`resolved_at` AS t0_r9, `comments`.`timestamp` AS t0_r10, `comments`.`x` AS t0_r11, `comments`.`y` AS t0_r12, `comments`.`note_highlight` AS t0_r13, `comments`.`discarded_at` AS t0_r14, `comments`.`created_at` AS t0_r15, `comments`.`updated_at` AS t0_r16, `comments`.`integration_id` AS t0_r17, `comments`.`oauth_application_id` AS t0_r18, `comments`.`replies_count` AS t0_r19, `attachments`.`id` AS t1_r0, `attachments`.`public_id` AS t1_r1, `attachments`.`file_path` AS t1_r2, `attachments`.`file_type` AS t1_r3, `attachments`.`subject_type` AS t1_r4, `attachments`.`subject_id` AS t1_r5, `attachments`.`preview_file_path` AS t1_r6, `attachments`.`width` AS t1_r7, `attachments`.`height` AS t1_r8, `attachments`.`created_at` AS t1_r9, `attachments`.`updated_at` AS t1_r10, `attachments`.`duration` AS t1_r11, `attachments`.`transcription_job_id` AS t1_r12, `attachments`.`transcription_job_status` AS t1_r13, `attachments`.`transcription_vtt` AS t1_r14, `attachments`.`position` AS t1_r15, `attachments`.`name` AS t1_r16, `attachments`.`size` AS t1_r17, `attachments`.`remote_figma_node_id` AS t1_r18, `attachments`.`remote_figma_node_type` AS t1_r19, `attachments`.`remote_figma_node_name` AS t1_r20, `attachments`.`figma_file_id` AS t1_r21, `attachments`.`comments_count` AS t1_r22, `attachments`.`figma_share_url` AS t1_r23, `attachments`.`imgix_video_file_path` AS t1_r24, `attachments`.`no_video_track` AS t1_r25, `attachments`.`gallery_id` AS t1_r26, `attachments_comments`.`id` AS t2_r0, `attachments_comments`.`public_id` AS t2_r1, `attachments_comments`.`file_path` AS t2_r2, `attachments_comments`.`file_type` AS t2_r3, `attachments_comments`.`subject_type` AS t2_r4, `attachments_comments`.`subject_id` AS t2_r5, `attachments_comments`.`preview_file_path` AS t2_r6, `attachments_comments`.`width` AS t2_r7, `attachments_comments`.`height` AS t2_r8, `attachments_comments`.`created_at` AS t2_r9, `attachments_comments`.`updated_at` AS t2_r10, `attachments_comments`.`duration` AS t2_r11, `attachments_comments`.`transcription_job_id` AS t2_r12, `attachments_comments`.`transcription_job_status` AS t2_r13, `attachments_comments`.`transcription_vtt` AS t2_r14, `attachments_comments`.`position` AS t2_r15, `attachments_comments`.`name` AS t2_r16, `attachments_comments`.`size` AS t2_r17, `attachments_comments`.`remote_figma_node_id` AS t2_r18, `attachments_comments`.`remote_figma_node_type` AS t2_r19, `attachments_comments`.`remote_figma_node_name` AS t2_r20, `attachments_comments`.`figma_file_id` AS t2_r21, `attachments_comments`.`comments_count` AS t2_r22, `attachments_comments`.`figma_share_url` AS t2_r23, `attachments_comments`.`imgix_video_file_path` AS t2_r24, `attachments_comments`.`no_video_track` AS t2_r25, `attachments_comments`.`gallery_id` AS t2_r26, `parents_comments`.`id` AS t3_r0, `parents_comments`.`public_id` AS t3_r1, `parents_comments`.`organization_membership_id` AS t3_r2, `parents_comments`.`subject_type` AS t3_r3, `parents_comments`.`subject_id` AS t3_r4, `parents_comments`.`parent_id` AS t3_r5, `parents_comments`.`attachment_id` AS t3_r6, `parents_comments`.`resolved_by_id` AS t3_r7, `parents_comments`.`body_html` AS t3_r8, `parents_comments`.`resolved_at` AS t3_r9, `parents_comments`.`timestamp` AS t3_r10, `parents_comments`.`x` AS t3_r11, `parents_comments`.`y` AS t3_r12, `parents_comments`.`note_highlight` AS t3_r13, `parents_comments`.`discarded_at` AS t3_r14, `parents_comments`.`created_at` AS t3_r15, `parents_comments`.`updated_at` AS t3_r16, `parents_comments`.`integration_id` AS t3_r17, `parents_comments`.`oauth_application_id` AS t3_r18, `parents_comments`.`replies_count` AS t3_r19, `integrations`.`id` AS t4_r0, `integrations`.`public_id` AS t4_r1, `integrations`.`provider` AS t4_r2, `integrations`.`token` AS t4_r3, `integrations`.`creator_id` AS t4_r4, `integrations`.`created_at` AS t4_r5, `integrations`.`updated_at` AS t4_r6, `integrations`.`owner_id` AS t4_r7, `integrations`.`owner_type` AS t4_r8, `integrations`.`refresh_token` AS t4_r9, `integrations`.`token_expires_at` AS t4_r10, `oauth_applications`.`id` AS t5_r0, `oauth_applications`.`public_id` AS t5_r1, `oauth_applications`.`name` AS t5_r2, `oauth_applications`.`uid` AS t5_r3, `oauth_applications`.`secret` AS t5_r4, `oauth_applications`.`redirect_uri` AS t5_r5, `oauth_applications`.`scopes` AS t5_r6, `oauth_applications`.`confidential` AS t5_r7, `oauth_applications`.`owner_type` AS t5_r8, `oauth_applications`.`owner_id` AS t5_r9, `oauth_applications`.`created_at` AS t5_r10, `oauth_applications`.`updated_at` AS t5_r11, `oauth_applications`.`avatar_path` AS t5_r12, `oauth_applications`.`discarded_at` AS t5_r13, `oauth_applications`.`provider` AS t5_r14, `oauth_applications`.`creator_id` AS t5_r15, `oauth_applications`.`last_copied_secret_at` AS t5_r16, `timeline_events`.`id` AS t6_r0, `timeline_events`.`actor_type` AS t6_r1, `timeline_events`.`actor_id` AS t6_r2, `timeline_events`.`subject_type` AS t6_r3, `timeline_events`.`subject_id` AS t6_r4, `timeline_events`.`reference_type` AS t6_r5, `timeline_events`.`reference_id` AS t6_r6, `timeline_events`.`action` AS t6_r7, `timeline_events`.`metadata` AS t6_r8, `timeline_events`.`created_at` AS t6_r9, `timeline_events`.`updated_at` AS t6_r10, `timeline_events`.`public_id` AS t6_r11, `organization_memberships`.`id` AS t7_r0, `organization_memberships`.`public_id` AS t7_r1, `organization_memberships`.`organization_id` AS t7_r2, `organization_memberships`.`user_id` AS t7_r3, `organization_memberships`.`created_at` AS t7_r4, `organization_memberships`.`updated_at` AS t7_r5, `organization_memberships`.`discarded_at` AS t7_r6, `organization_memberships`.`last_seen_at` AS t7_r7, `organization_memberships`.`role_name` AS t7_r8, `organization_memberships`.`latest_status_id` AS t7_r9, `organization_memberships`.`position` AS t7_r10, `organization_memberships`.`last_viewed_posts_at` AS t7_r11, `organization_memberships`.`home_last_seen_at` AS t7_r12, `organization_memberships`.`activity_last_seen_at` AS t7_r13, `users`.`id` AS t8_r0, `users`.`username` AS t8_r1, `users`.`name` AS t8_r2, `users`.`public_id` AS t8_r3, `users`.`avatar_path` AS t8_r4, `users`.`email` AS t8_r5, `users`.`encrypted_password` AS t8_r6, `users`.`reset_password_token` AS t8_r7, `users`.`reset_password_sent_at` AS t8_r8, `users`.`remember_created_at` AS t8_r9, `users`.`confirmation_token` AS t8_r10, `users`.`confirmed_at` AS t8_r11, `users`.`confirmation_sent_at` AS t8_r12, `users`.`unconfirmed_email` AS t8_r13, `users`.`omniauth_provider` AS t8_r14, `users`.`omniauth_uid` AS t8_r15, `users`.`onboarded_at` AS t8_r16, `users`.`created_at` AS t8_r17, `users`.`updated_at` AS t8_r18, `users`.`cover_photo_path` AS t8_r19, `users`.`login_token` AS t8_r20, `users`.`login_token_expires_at` AS t8_r21, `users`.`consumed_timestep` AS t8_r22, `users`.`otp_backup_codes` AS t8_r23, `users`.`otp_enabled` AS t8_r24, `users`.`otp_secret` AS t8_r25, `users`.`last_seen_at` AS t8_r26, `users`.`login_token_sso_id` AS t8_r27, `users`.`scheduled_email_notifications_from` AS t8_r28, `users`.`demo` AS t8_r29, `users`.`staff` AS t8_r30, `users`.`referrer` AS t8_r31, `users`.`landing_url` AS t8_r32, `users`.`notification_pause_expires_at` AS t8_r33, `users`.`preferred_timezone` AS t8_r34, `users`.`notifications_paused_at` AS t8_r35, `organization_membership_statuses`.`id` AS t9_r0, `organization_membership_statuses`.`message` AS t9_r1, `organization_membership_statuses`.`emoji` AS t9_r2, `organization_membership_statuses`.`expires_at` AS t9_r3, `organization_membership_statuses`.`organization_membership_id` AS t9_r4, `organization_membership_statuses`.`created_at` AS t9_r5, `organization_membership_statuses`.`updated_at` AS t9_r6, `organization_membership_statuses`.`expiration_setting` AS t9_r7, `organization_membership_statuses`.`pause_notifications` AS t9_r8, `resolved_bies_comments`.`id` AS t10_r0, `resolved_bies_comments`.`public_id` AS t10_r1, `resolved_bies_comments`.`organization_id` AS t10_r2, `resolved_bies_comments`.`user_id` AS t10_r3, `resolved_bies_comments`.`created_at` AS t10_r4, `resolved_bies_comments`.`updated_at` AS t10_r5, `resolved_bies_comments`.`discarded_at` AS t10_r6, `resolved_bies_comments`.`last_seen_at` AS t10_r7, `resolved_bies_comments`.`role_name` AS t10_r8, `resolved_bies_comments`.`latest_status_id` AS t10_r9, `resolved_bies_comments`.`position` AS t10_r10, `resolved_bies_comments`.`last_viewed_posts_at` AS t10_r11, `resolved_bies_comments`.`home_last_seen_at` AS t10_r12, `resolved_bies_comments`.`activity_last_seen_at` AS t10_r13, `users_organization_memberships`.`id` AS t11_r0, `users_organization_memberships`.`username` AS t11_r1, `users_organization_memberships`.`name` AS t11_r2, `users_organization_memberships`.`public_id` AS t11_r3, `users_organization_memberships`.`avatar_path` AS t11_r4, `users_organization_memberships`.`email` AS t11_r5, `users_organization_memberships`.`encrypted_password` AS t11_r6, `users_organization_memberships`.`reset_password_token` AS t11_r7, `users_organization_memberships`.`reset_password_sent_at` AS t11_r8, `users_organization_memberships`.`remember_created_at` AS t11_r9, `users_organization_memberships`.`confirmation_token` AS t11_r10, `users_organization_memberships`.`confirmed_at` AS t11_r11, `users_organization_memberships`.`confirmation_sent_at` AS t11_r12, `users_organization_memberships`.`unconfirmed_email` AS t11_r13, `users_organization_memberships`.`omniauth_provider` AS t11_r14, `users_organization_memberships`.`omniauth_uid` AS t11_r15, `users_organization_memberships`.`onboarded_at` AS t11_r16, `users_organization_memberships`.`created_at` AS t11_r17, `users_organization_memberships`.`updated_at` AS t11_r18, `users_organization_memberships`.`cover_photo_path` AS t11_r19, `users_organization_memberships`.`login_token` AS t11_r20, `users_organization_memberships`.`login_token_expires_at` AS t11_r21, `users_organization_memberships`.`consumed_timestep` AS t11_r22, `users_organization_memberships`.`otp_backup_codes` AS t11_r23, `users_organization_memberships`.`otp_enabled` AS t11_r24, `users_organization_memberships`.`otp_secret` AS t11_r25, `users_organization_memberships`.`last_seen_at` AS t11_r26, `users_organization_memberships`.`login_token_sso_id` AS t11_r27, `users_organization_memberships`.`scheduled_email_notifications_from` AS t11_r28, `users_organization_memberships`.`demo` AS t11_r29, `users_organization_memberships`.`staff` AS t11_r30, `users_organization_memberships`.`referrer` AS t11_r31, `users_organization_memberships`.`landing_url` AS t11_r32, `users_organization_memberships`.`notification_pause_expires_at` AS t11_r33, `users_organization_memberships`.`preferred_timezone` AS t11_r34, `users_organization_memberships`.`notifications_paused_at` AS t11_r35, `latest_statuses_organization_memberships`.`id` AS t12_r0, `latest_statuses_organization_memberships`.`message` AS t12_r1, `latest_statuses_organization_memberships`.`emoji` AS t12_r2, `latest_statuses_organization_memberships`.`expires_at` AS t12_r3, `latest_statuses_organization_memberships`.`organization_membership_id` AS t12_r4, `latest_statuses_organization_memberships`.`created_at` AS t12_r5, `latest_statuses_organization_memberships`.`updated_at` AS t12_r6, `latest_statuses_organization_memberships`.`expiration_setting` AS t12_r7, `latest_statuses_organization_memberships`.`pause_notifications` AS t12_r8, `follow_ups`.`id` AS t13_r0, `follow_ups`.`public_id` AS t13_r1, `follow_ups`.`organization_membership_id` AS t13_r2, `follow_ups`.`subject_type` AS t13_r3, `follow_ups`.`subject_id` AS t13_r4, `follow_ups`.`show_at` AS t13_r5, `follow_ups`.`created_at` AS t13_r6, `follow_ups`.`updated_at` AS t13_r7, `follow_ups`.`shown_at` AS t13_r8, `organization_memberships_follow_ups`.`id` AS t14_r0, `organization_memberships_follow_ups`.`public_id` AS t14_r1, `organization_memberships_follow_ups`.`organization_id` AS t14_r2, `organization_memberships_follow_ups`.`user_id` AS t14_r3, `organization_memberships_follow_ups`.`created_at` AS t14_r4, `organization_memberships_follow_ups`.`updated_at` AS t14_r5, `organization_memberships_follow_ups`.`discarded_at` AS t14_r6, `organization_memberships_follow_ups`.`last_seen_at` AS t14_r7, `organization_memberships_follow_ups`.`role_name` AS t14_r8, `organization_memberships_follow_ups`.`latest_status_id` AS t14_r9, `organization_memberships_follow_ups`.`position` AS t14_r10, `organization_memberships_follow_ups`.`last_viewed_posts_at` AS t14_r11, `organization_memberships_follow_ups`.`home_last_seen_at` AS t14_r12, `organization_memberships_follow_ups`.`activity_last_seen_at` AS t14_r13, `users_organization_memberships_2`.`id` AS t15_r0, `users_organization_memberships_2`.`username` AS t15_r1, `users_organization_memberships_2`.`name` AS t15_r2, `users_organization_memberships_2`.`public_id` AS t15_r3, `users_organization_memberships_2`.`avatar_path` AS t15_r4, `users_organization_memberships_2`.`email` AS t15_r5, `users_organization_memberships_2`.`encrypted_password` AS t15_r6, `users_organization_memberships_2`.`reset_password_token` AS t15_r7, `users_organization_memberships_2`.`reset_password_sent_at` AS t15_r8, `users_organization_memberships_2`.`remember_created_at` AS t15_r9, `users_organization_memberships_2`.`confirmation_token` AS t15_r10, `users_organization_memberships_2`.`confirmed_at` AS t15_r11, `users_organization_memberships_2`.`confirmation_sent_at` AS t15_r12, `users_organization_memberships_2`.`unconfirmed_email` AS t15_r13, `users_organization_memberships_2`.`omniauth_provider` AS t15_r14, `users_organization_memberships_2`.`omniauth_uid` AS t15_r15, `users_organization_memberships_2`.`onboarded_at` AS t15_r16, `users_organization_memberships_2`.`created_at` AS t15_r17, `users_organization_memberships_2`.`updated_at` AS t15_r18, `users_organization_memberships_2`.`cover_photo_path` AS t15_r19, `users_organization_memberships_2`.`login_token` AS t15_r20, `users_organization_memberships_2`.`login_token_expires_at` AS t15_r21, `users_organization_memberships_2`.`consumed_timestep` AS t15_r22, `users_organization_memberships_2`.`otp_backup_codes` AS t15_r23, `users_organization_memberships_2`.`otp_enabled` AS t15_r24, `users_organization_memberships_2`.`otp_secret` AS t15_r25, `users_organization_memberships_2`.`last_seen_at` AS t15_r26, `users_organization_memberships_2`.`login_token_sso_id` AS t15_r27, `users_organization_memberships_2`.`scheduled_email_notifications_from` AS t15_r28, `users_organization_memberships_2`.`demo` AS t15_r29, `users_organization_memberships_2`.`staff` AS t15_r30, `users_organization_memberships_2`.`referrer` AS t15_r31, `users_organization_memberships_2`.`landing_url` AS t15_r32, `users_organization_memberships_2`.`notification_pause_expires_at` AS t15_r33, `users_organization_memberships_2`.`preferred_timezone` AS t15_r34, `users_organization_memberships_2`.`notifications_paused_at` AS t15_r35, `latest_statuses_organization_memberships_2`.`id` AS t16_r0, `latest_statuses_organization_memberships_2`.`message` AS t16_r1, `latest_statuses_organization_memberships_2`.`emoji` AS t16_r2, `latest_statuses_organization_memberships_2`.`expires_at` AS t16_r3, `latest_statuses_organization_memberships_2`.`organization_membership_id` AS t16_r4, `latest_statuses_organization_memberships_2`.`created_at` AS t16_r5, `latest_statuses_organization_memberships_2`.`updated_at` AS t16_r6, `latest_statuses_organization_memberships_2`.`expiration_setting` AS t16_r7, `latest_statuses_organization_memberships_2`.`pause_notifications` AS t16_r8, `kept_replies_comments`.`id` AS t17_r0, `kept_replies_comments`.`public_id` AS t17_r1, `kept_replies_comments`.`organization_membership_id` AS t17_r2, `kept_replies_comments`.`subject_type` AS t17_r3, `kept_replies_comments`.`subject_id` AS t17_r4, `kept_replies_comments`.`parent_id` AS t17_r5, `kept_replies_comments`.`attachment_id` AS t17_r6, `kept_replies_comments`.`resolved_by_id` AS t17_r7, `kept_replies_comments`.`body_html` AS t17_r8, `kept_replies_comments`.`resolved_at` AS t17_r9, `kept_replies_comments`.`timestamp` AS t17_r10, `kept_replies_comments`.`x` AS t17_r11, `kept_replies_comments`.`y` AS t17_r12, `kept_replies_comments`.`note_highlight` AS t17_r13, `kept_replies_comments`.`discarded_at` AS t17_r14, `kept_replies_comments`.`created_at` AS t17_r15, `kept_replies_comments`.`updated_at` AS t17_r16, `kept_replies_comments`.`integration_id` AS t17_r17, `kept_replies_comments`.`oauth_application_id` AS t17_r18, `kept_replies_comments`.`replies_count` AS t17_r19, `attachments_comments_2`.`id` AS t18_r0, `attachments_comments_2`.`public_id` AS t18_r1, `attachments_comments_2`.`file_path` AS t18_r2, `attachments_comments_2`.`file_type` AS t18_r3, `attachments_comments_2`.`subject_type` AS t18_r4, `attachments_comments_2`.`subject_id` AS t18_r5, `attachments_comments_2`.`preview_file_path` AS t18_r6, `attachments_comments_2`.`width` AS t18_r7, `attachments_comments_2`.`height` AS t18_r8, `attachments_comments_2`.`created_at` AS t18_r9, `attachments_comments_2`.`updated_at` AS t18_r10, `attachments_comments_2`.`duration` AS t18_r11, `attachments_comments_2`.`transcription_job_id` AS t18_r12, `attachments_comments_2`.`transcription_job_status` AS t18_r13, `attachments_comments_2`.`transcription_vtt` AS t18_r14, `attachments_comments_2`.`position` AS t18_r15, `attachments_comments_2`.`name` AS t18_r16, `attachments_comments_2`.`size` AS t18_r17, `attachments_comments_2`.`remote_figma_node_id` AS t18_r18, `attachments_comments_2`.`remote_figma_node_type` AS t18_r19, `attachments_comments_2`.`remote_figma_node_name` AS t18_r20, `attachments_comments_2`.`figma_file_id` AS t18_r21, `attachments_comments_2`.`comments_count` AS t18_r22, `attachments_comments_2`.`figma_share_url` AS t18_r23, `attachments_comments_2`.`imgix_video_file_path` AS t18_r24, `attachments_comments_2`.`no_video_track` AS t18_r25, `attachments_comments_2`.`gallery_id` AS t18_r26, `attachments_comments_3`.`id` AS t19_r0, `attachments_comments_3`.`public_id` AS t19_r1, `attachments_comments_3`.`file_path` AS t19_r2, `attachments_comments_3`.`file_type` AS t19_r3, `attachments_comments_3`.`subject_type` AS t19_r4, `attachments_comments_3`.`subject_id` AS t19_r5, `attachments_comments_3`.`preview_file_path` AS t19_r6, `attachments_comments_3`.`width` AS t19_r7, `attachments_comments_3`.`height` AS t19_r8, `attachments_comments_3`.`created_at` AS t19_r9, `attachments_comments_3`.`updated_at` AS t19_r10, `attachments_comments_3`.`duration` AS t19_r11, `attachments_comments_3`.`transcription_job_id` AS t19_r12, `attachments_comments_3`.`transcription_job_status` AS t19_r13, `attachments_comments_3`.`transcription_vtt` AS t19_r14, `attachments_comments_3`.`position` AS t19_r15, `attachments_comments_3`.`name` AS t19_r16, `attachments_comments_3`.`size` AS t19_r17, `attachments_comments_3`.`remote_figma_node_id` AS t19_r18, `attachments_comments_3`.`remote_figma_node_type` AS t19_r19, `attachments_comments_3`.`remote_figma_node_name` AS t19_r20, `attachments_comments_3`.`figma_file_id` AS t19_r21, `attachments_comments_3`.`comments_count` AS t19_r22, `attachments_comments_3`.`figma_share_url` AS t19_r23, `attachments_comments_3`.`imgix_video_file_path` AS t19_r24, `attachments_comments_3`.`no_video_track` AS t19_r25, `attachments_comments_3`.`gallery_id` AS t19_r26, `parents_comments_2`.`id` AS t20_r0, `parents_comments_2`.`public_id` AS t20_r1, `parents_comments_2`.`organization_membership_id` AS t20_r2, `parents_comments_2`.`subject_type` AS t20_r3, `parents_comments_2`.`subject_id` AS t20_r4, `parents_comments_2`.`parent_id` AS t20_r5, `parents_comments_2`.`attachment_id` AS t20_r6, `parents_comments_2`.`resolved_by_id` AS t20_r7, `parents_comments_2`.`body_html` AS t20_r8, `parents_comments_2`.`resolved_at` AS t20_r9, `parents_comments_2`.`timestamp` AS t20_r10, `parents_comments_2`.`x` AS t20_r11, `parents_comments_2`.`y` AS t20_r12, `parents_comments_2`.`note_highlight` AS t20_r13, `parents_comments_2`.`discarded_at` AS t20_r14, `parents_comments_2`.`created_at` AS t20_r15, `parents_comments_2`.`updated_at` AS t20_r16, `parents_comments_2`.`integration_id` AS t20_r17, `parents_comments_2`.`oauth_application_id` AS t20_r18, `parents_comments_2`.`replies_count` AS t20_r19, `integrations_comments`.`id` AS t21_r0, `integrations_comments`.`public_id` AS t21_r1, `integrations_comments`.`provider` AS t21_r2, `integrations_comments`.`token` AS t21_r3, `integrations_comments`.`creator_id` AS t21_r4, `integrations_comments`.`created_at` AS t21_r5, `integrations_comments`.`updated_at` AS t21_r6, `integrations_comments`.`owner_id` AS t21_r7, `integrations_comments`.`owner_type` AS t21_r8, `integrations_comments`.`refresh_token` AS t21_r9, `integrations_comments`.`token_expires_at` AS t21_r10, `oauth_applications_comments`.`id` AS t22_r0, `oauth_applications_comments`.`public_id` AS t22_r1, `oauth_applications_comments`.`name` AS t22_r2, `oauth_applications_comments`.`uid` AS t22_r3, `oauth_applications_comments`.`secret` AS t22_r4, `oauth_applications_comments`.`redirect_uri` AS t22_r5, `oauth_applications_comments`.`scopes` AS t22_r6, `oauth_applications_comments`.`confidential` AS t22_r7, `oauth_applications_comments`.`owner_type` AS t22_r8, `oauth_applications_comments`.`owner_id` AS t22_r9, `oauth_applications_comments`.`created_at` AS t22_r10, `oauth_applications_comments`.`updated_at` AS t22_r11, `oauth_applications_comments`.`avatar_path` AS t22_r12, `oauth_applications_comments`.`discarded_at` AS t22_r13, `oauth_applications_comments`.`provider` AS t22_r14, `oauth_applications_comments`.`creator_id` AS t22_r15, `oauth_applications_comments`.`last_copied_secret_at` AS t22_r16, `timeline_events_comments`.`id` AS t23_r0, `timeline_events_comments`.`actor_type` AS t23_r1, `timeline_events_comments`.`actor_id` AS t23_r2, `timeline_events_comments`.`subject_type` AS t23_r3, `timeline_events_comments`.`subject_id` AS t23_r4, `timeline_events_comments`.`reference_type` AS t23_r5, `timeline_events_comments`.`reference_id` AS t23_r6, `timeline_events_comments`.`action` AS t23_r7, `timeline_events_comments`.`metadata` AS t23_r8, `timeline_events_comments`.`created_at` AS t23_r9, `timeline_events_comments`.`updated_at` AS t23_r10, `timeline_events_comments`.`public_id` AS t23_r11, `members_comments`.`id` AS t24_r0, `members_comments`.`public_id` AS t24_r1, `members_comments`.`organization_id` AS t24_r2, `members_comments`.`user_id` AS t24_r3, `members_comments`.`created_at` AS t24_r4, `members_comments`.`updated_at` AS t24_r5, `members_comments`.`discarded_at` AS t24_r6, `members_comments`.`last_seen_at` AS t24_r7, `members_comments`.`role_name` AS t24_r8, `members_comments`.`latest_status_id` AS t24_r9, `members_comments`.`position` AS t24_r10, `members_comments`.`last_viewed_posts_at` AS t24_r11, `members_comments`.`home_last_seen_at` AS t24_r12, `members_comments`.`activity_last_seen_at` AS t24_r13, `users_organization_memberships_3`.`id` AS t25_r0, `users_organization_memberships_3`.`username` AS t25_r1, `users_organization_memberships_3`.`name` AS t25_r2, `users_organization_memberships_3`.`public_id` AS t25_r3, `users_organization_memberships_3`.`avatar_path` AS t25_r4, `users_organization_memberships_3`.`email` AS t25_r5, `users_organization_memberships_3`.`encrypted_password` AS t25_r6, `users_organization_memberships_3`.`reset_password_token` AS t25_r7, `users_organization_memberships_3`.`reset_password_sent_at` AS t25_r8, `users_organization_memberships_3`.`remember_created_at` AS t25_r9, `users_organization_memberships_3`.`confirmation_token` AS t25_r10, `users_organization_memberships_3`.`confirmed_at` AS t25_r11, `users_organization_memberships_3`.`confirmation_sent_at` AS t25_r12, `users_organization_memberships_3`.`unconfirmed_email` AS t25_r13, `users_organization_memberships_3`.`omniauth_provider` AS t25_r14, `users_organization_memberships_3`.`omniauth_uid` AS t25_r15, `users_organization_memberships_3`.`onboarded_at` AS t25_r16, `users_organization_memberships_3`.`created_at` AS t25_r17, `users_organization_memberships_3`.`updated_at` AS t25_r18, `users_organization_memberships_3`.`cover_photo_path` AS t25_r19, `users_organization_memberships_3`.`login_token` AS t25_r20, `users_organization_memberships_3`.`login_token_expires_at` AS t25_r21, `users_organization_memberships_3`.`consumed_timestep` AS t25_r22, `users_organization_memberships_3`.`otp_backup_codes` AS t25_r23, `users_organization_memberships_3`.`otp_enabled` AS t25_r24, `users_organization_memberships_3`.`otp_secret` AS t25_r25, `users_organization_memberships_3`.`last_seen_at` AS t25_r26, `users_organization_memberships_3`.`login_token_sso_id` AS t25_r27, `users_organization_memberships_3`.`scheduled_email_notifications_from` AS t25_r28, `users_organization_memberships_3`.`demo` AS t25_r29, `users_organization_memberships_3`.`staff` AS t25_r30, `users_organization_memberships_3`.`referrer` AS t25_r31, `users_organization_memberships_3`.`landing_url` AS t25_r32, `users_organization_memberships_3`.`notification_pause_expires_at` AS t25_r33, `users_organization_memberships_3`.`preferred_timezone` AS t25_r34, `users_organization_memberships_3`.`notifications_paused_at` AS t25_r35, `latest_statuses_organization_memberships_3`.`id` AS t26_r0, `latest_statuses_organization_memberships_3`.`message` AS t26_r1, `latest_statuses_organization_memberships_3`.`emoji` AS t26_r2, `latest_statuses_organization_memberships_3`.`expires_at` AS t26_r3, `latest_statuses_organization_memberships_3`.`organization_membership_id` AS t26_r4, `latest_statuses_organization_memberships_3`.`created_at` AS t26_r5, `latest_statuses_organization_memberships_3`.`updated_at` AS t26_r6, `latest_statuses_organization_memberships_3`.`expiration_setting` AS t26_r7, `latest_statuses_organization_memberships_3`.`pause_notifications` AS t26_r8, `resolved_bies_comments_2`.`id` AS t27_r0, `resolved_bies_comments_2`.`public_id` AS t27_r1, `resolved_bies_comments_2`.`organization_id` AS t27_r2, `resolved_bies_comments_2`.`user_id` AS t27_r3, `resolved_bies_comments_2`.`created_at` AS t27_r4, `resolved_bies_comments_2`.`updated_at` AS t27_r5, `resolved_bies_comments_2`.`discarded_at` AS t27_r6, `resolved_bies_comments_2`.`last_seen_at` AS t27_r7, `resolved_bies_comments_2`.`role_name` AS t27_r8, `resolved_bies_comments_2`.`latest_status_id` AS t27_r9, `resolved_bies_comments_2`.`position` AS t27_r10, `resolved_bies_comments_2`.`last_viewed_posts_at` AS t27_r11, `resolved_bies_comments_2`.`home_last_seen_at` AS t27_r12, `resolved_bies_comments_2`.`activity_last_seen_at` AS t27_r13, `users_organization_memberships_4`.`id` AS t28_r0, `users_organization_memberships_4`.`username` AS t28_r1, `users_organization_memberships_4`.`name` AS t28_r2, `users_organization_memberships_4`.`public_id` AS t28_r3, `users_organization_memberships_4`.`avatar_path` AS t28_r4, `users_organization_memberships_4`.`email` AS t28_r5, `users_organization_memberships_4`.`encrypted_password` AS t28_r6, `users_organization_memberships_4`.`reset_password_token` AS t28_r7, `users_organization_memberships_4`.`reset_password_sent_at` AS t28_r8, `users_organization_memberships_4`.`remember_created_at` AS t28_r9, `users_organization_memberships_4`.`confirmation_token` AS t28_r10, `users_organization_memberships_4`.`confirmed_at` AS t28_r11, `users_organization_memberships_4`.`confirmation_sent_at` AS t28_r12, `users_organization_memberships_4`.`unconfirmed_email` AS t28_r13, `users_organization_memberships_4`.`omniauth_provider` AS t28_r14, `users_organization_memberships_4`.`omniauth_uid` AS t28_r15, `users_organization_memberships_4`.`onboarded_at` AS t28_r16, `users_organization_memberships_4`.`created_at` AS t28_r17, `users_organization_memberships_4`.`updated_at` AS t28_r18, `users_organization_memberships_4`.`cover_photo_path` AS t28_r19, `users_organization_memberships_4`.`login_token` AS t28_r20, `users_organization_memberships_4`.`login_token_expires_at` AS t28_r21, `users_organization_memberships_4`.`consumed_timestep` AS t28_r22, `users_organization_memberships_4`.`otp_backup_codes` AS t28_r23, `users_organization_memberships_4`.`otp_enabled` AS t28_r24, `users_organization_memberships_4`.`otp_secret` AS t28_r25, `users_organization_memberships_4`.`last_seen_at` AS t28_r26, `users_organization_memberships_4`.`login_token_sso_id` AS t28_r27, `users_organization_memberships_4`.`scheduled_email_notifications_from` AS t28_r28, `users_organization_memberships_4`.`demo` AS t28_r29, `users_organization_memberships_4`.`staff` AS t28_r30, `users_organization_memberships_4`.`referrer` AS t28_r31, `users_organization_memberships_4`.`landing_url` AS t28_r32, `users_organization_memberships_4`.`notification_pause_expires_at` AS t28_r33, `users_organization_memberships_4`.`preferred_timezone` AS t28_r34, `users_organization_memberships_4`.`notifications_paused_at` AS t28_r35, `latest_statuses_organization_memberships_4`.`id` AS t29_r0, `latest_statuses_organization_memberships_4`.`message` AS t29_r1, `latest_statuses_organization_memberships_4`.`emoji` AS t29_r2, `latest_statuses_organization_memberships_4`.`expires_at` AS t29_r3, `latest_statuses_organization_memberships_4`.`organization_membership_id` AS t29_r4, `latest_statuses_organization_memberships_4`.`created_at` AS t29_r5, `latest_statuses_organization_memberships_4`.`updated_at` AS t29_r6, `latest_statuses_organization_memberships_4`.`expiration_setting` AS t29_r7, `latest_statuses_organization_memberships_4`.`pause_notifications` AS t29_r8, `unshown_follow_ups_comments`.`id` AS t30_r0, `unshown_follow_ups_comments`.`public_id` AS t30_r1, `unshown_follow_ups_comments`.`organization_membership_id` AS t30_r2, `unshown_follow_ups_comments`.`subject_type` AS t30_r3, `unshown_follow_ups_comments`.`subject_id` AS t30_r4, `unshown_follow_ups_comments`.`show_at` AS t30_r5, `unshown_follow_ups_comments`.`created_at` AS t30_r6, `unshown_follow_ups_comments`.`updated_at` AS t30_r7, `unshown_follow_ups_comments`.`shown_at` AS t30_r8, `organization_memberships_follow_ups_2`.`id` AS t31_r0, `organization_memberships_follow_ups_2`.`public_id` AS t31_r1, `organization_memberships_follow_ups_2`.`organization_id` AS t31_r2, `organization_memberships_follow_ups_2`.`user_id` AS t31_r3, `organization_memberships_follow_ups_2`.`created_at` AS t31_r4, `organization_memberships_follow_ups_2`.`updated_at` AS t31_r5, `organization_memberships_follow_ups_2`.`discarded_at` AS t31_r6, `organization_memberships_follow_ups_2`.`last_seen_at` AS t31_r7, `organization_memberships_follow_ups_2`.`role_name` AS t31_r8, `organization_memberships_follow_ups_2`.`latest_status_id` AS t31_r9, `organization_memberships_follow_ups_2`.`position` AS t31_r10, `organization_memberships_follow_ups_2`.`last_viewed_posts_at` AS t31_r11, `organization_memberships_follow_ups_2`.`home_last_seen_at` AS t31_r12, `organization_memberships_follow_ups_2`.`activity_last_seen_at` AS t31_r13, `users_organization_memberships_5`.`id` AS t32_r0, `users_organization_memberships_5`.`username` AS t32_r1, `users_organization_memberships_5`.`name` AS t32_r2, `users_organization_memberships_5`.`public_id` AS t32_r3, `users_organization_memberships_5`.`avatar_path` AS t32_r4, `users_organization_memberships_5`.`email` AS t32_r5, `users_organization_memberships_5`.`encrypted_password` AS t32_r6, `users_organization_memberships_5`.`reset_password_token` AS t32_r7, `users_organization_memberships_5`.`reset_password_sent_at` AS t32_r8, `users_organization_memberships_5`.`remember_created_at` AS t32_r9, `users_organization_memberships_5`.`confirmation_token` AS t32_r10, `users_organization_memberships_5`.`confirmed_at` AS t32_r11, `users_organization_memberships_5`.`confirmation_sent_at` AS t32_r12, `users_organization_memberships_5`.`unconfirmed_email` AS t32_r13, `users_organization_memberships_5`.`omniauth_provider` AS t32_r14, `users_organization_memberships_5`.`omniauth_uid` AS t32_r15, `users_organization_memberships_5`.`onboarded_at` AS t32_r16, `users_organization_memberships_5`.`created_at` AS t32_r17, `users_organization_memberships_5`.`updated_at` AS t32_r18, `users_organization_memberships_5`.`cover_photo_path` AS t32_r19, `users_organization_memberships_5`.`login_token` AS t32_r20, `users_organization_memberships_5`.`login_token_expires_at` AS t32_r21, `users_organization_memberships_5`.`consumed_timestep` AS t32_r22, `users_organization_memberships_5`.`otp_backup_codes` AS t32_r23, `users_organization_memberships_5`.`otp_enabled` AS t32_r24, `users_organization_memberships_5`.`otp_secret` AS t32_r25, `users_organization_memberships_5`.`last_seen_at` AS t32_r26, `users_organization_memberships_5`.`login_token_sso_id` AS t32_r27, `users_organization_memberships_5`.`scheduled_email_notifications_from` AS t32_r28, `users_organization_memberships_5`.`demo` AS t32_r29, `users_organization_memberships_5`.`staff` AS t32_r30, `users_organization_memberships_5`.`referrer` AS t32_r31, `users_organization_memberships_5`.`landing_url` AS t32_r32, `users_organization_memberships_5`.`notification_pause_expires_at` AS t32_r33, `users_organization_memberships_5`.`preferred_timezone` AS t32_r34, `users_organization_memberships_5`.`notifications_paused_at` AS t32_r35, `latest_statuses_organization_memberships_5`.`id` AS t33_r0, `latest_statuses_organization_memberships_5`.`message` AS t33_r1, `latest_statuses_organization_memberships_5`.`emoji` AS t33_r2, `latest_statuses_organization_memberships_5`.`expires_at` AS t33_r3, `latest_statuses_organization_memberships_5`.`organization_membership_id` AS t33_r4, `latest_statuses_organization_memberships_5`.`created_at` AS t33_r5, `latest_statuses_organization_memberships_5`.`updated_at` AS t33_r6, `latest_statuses_organization_memberships_5`.`expiration_setting` AS t33_r7, `latest_statuses_organization_memberships_5`.`pause_notifications` AS t33_r8 FROM `comments` LEFT OUTER JOIN `attachments` ON `attachments`.`subject_type` = 'Comment' AND `attachments`.`subject_id` = `comments`.`id` LEFT OUTER JOIN `attachments` `attachments_comments` ON `attachments_comments`.`id` = `comments`.`attachment_id` LEFT OUTER JOIN `comments` `parents_comments` ON `parents_comments`.`id` = `comments`.`parent_id` LEFT OUTER JOIN `integrations` ON `integrations`.`id` = `comments`.`integration_id` LEFT OUTER JOIN `oauth_applications` ON `oauth_applications`.`id` = `comments`.`oauth_application_id` LEFT OUTER JOIN `timeline_events` ON `timeline_events`.`subject_type` = 'Comment' AND `timeline_events`.`subject_id` = `comments`.`id` LEFT OUTER JOIN `organization_memberships` ON `organization_memberships`.`id` = `comments`.`organization_membership_id` LEFT OUTER JOIN `users` ON `users`.`id` = `organization_memberships`.`user_id` LEFT OUTER JOIN `organization_membership_statuses` ON `organization_membership_statuses`.`id` = `organization_memberships`.`latest_status_id` LEFT OUTER JOIN `organization_memberships` `resolved_bies_comments` ON `resolved_bies_comments`.`id` = `comments`.`resolved_by_id` LEFT OUTER JOIN `users` `users_organization_memberships` ON `users_organization_memberships`.`id` = `resolved_bies_comments`.`user_id` LEFT OUTER JOIN `organization_membership_statuses` `latest_statuses_organization_memberships` ON `latest_statuses_organization_memberships`.`id` = `resolved_bies_comments`.`latest_status_id` LEFT OUTER JOIN `follow_ups` ON `follow_ups`.`subject_type` = 'Comment' AND `follow_ups`.`shown_at` IS NULL AND `follow_ups`.`subject_id` = `comments`.`id` LEFT OUTER JOIN `organization_memberships` `organization_memberships_follow_ups` ON `organization_memberships_follow_ups`.`id` = `follow_ups`.`organization_membership_id` LEFT OUTER JOIN `users` `users_organization_memberships_2` ON `users_organization_memberships_2`.`id` = `organization_memberships_follow_ups`.`user_id` LEFT OUTER JOIN `organization_membership_statuses` `latest_statuses_organization_memberships_2` ON `latest_statuses_organization_memberships_2`.`id` = `organization_memberships_follow_ups`.`latest_status_id` LEFT OUTER JOIN `comments` `kept_replies_comments` ON `kept_replies_comments`.`discarded_at` IS NULL AND `kept_replies_comments`.`parent_id` = `comments`.`id` LEFT OUTER JOIN `attachments` `attachments_comments_2` ON `attachments_comments_2`.`subject_type` = 'Comment' AND `attachments_comments_2`.`subject_id` = `kept_replies_comments`.`id` LEFT OUTER JOIN `attachments` `attachments_comments_3` ON `attachments_comments_3`.`id` = `kept_replies_comments`.`attachment_id` LEFT OUTER JOIN `comments` `parents_comments_2` ON `parents_comments_2`.`id` = `kept_replies_comments`.`parent_id` LEFT OUTER JOIN `integrations` `integrations_comments` ON `integrations_comments`.`id` = `kept_replies_comments`.`integration_id` LEFT OUTER JOIN `oauth_applications` `oauth_applications_comments` ON `oauth_applications_comments`.`id` = `kept_replies_comments`.`oauth_application_id` LEFT OUTER JOIN `timeline_events` `timeline_events_comments` ON `timeline_events_comments`.`subject_type` = 'Comment' AND `timeline_events_comments`.`subject_id` = `kept_replies_comments`.`id` LEFT OUTER JOIN `organization_memberships` `members_comments` ON `members_comments`.`id` = `kept_replies_comments`.`organization_membership_id` LEFT OUTER JOIN `users` `users_organization_memberships_3` ON `users_organization_memberships_3`.`id` = `members_comments`.`user_id` LEFT OUTER JOIN `organization_membership_statuses` `latest_statuses_organization_memberships_3` ON `latest_statuses_organization_memberships_3`.`id` = `members_comments`.`latest_status_id` LEFT OUTER JOIN `organization_memberships` `resolved_bies_comments_2` ON `resolved_bies_comments_2`.`id` = `kept_replies_comments`.`resolved_by_id` LEFT OUTER JOIN `users` `users_organization_memberships_4` ON `users_organization_memberships_4`.`id` = `resolved_bies_comments_2`.`user_id` LEFT OUTER JOIN `organization_membership_statuses` `latest_statuses_organization_memberships_4` ON `latest_statuses_organization_memberships_4`.`id` = `resolved_bies_comments_2`.`latest_status_id` LEFT OUTER JOIN `follow_ups` `unshown_follow_ups_comments` ON `unshown_follow_ups_comments`.`subject_type` = 'Comment' AND `unshown_follow_ups_comments`.`shown_at` IS NULL AND `unshown_follow_ups_comments`.`subject_id` = `kept_replies_comments`.`id` LEFT OUTER JOIN `organization_memberships` `organization_memberships_follow_ups_2` ON `organization_memberships_follow_ups_2`.`id` = `unshown_follow_ups_comments`.`organization_membership_id` LEFT OUTER JOIN `users` `users_organization_memberships_5` ON `users_organization_memberships_5`.`id` = `organization_memberships_follow_ups_2`.`user_id` LEFT OUTER JOIN `organization_membership_statuses` `latest_statuses_organization_memberships_5` ON `latest_statuses_organization_memberships_5`.`id` = `organization_memberships_follow_ups_2`.`latest_status_id` WHERE `comments`.`id` IN (SELECT max(comments.id) FROM `comments` WHERE `comments`.`discarded_at` IS NULL AND `comments`.`subject_type` = 'Post' AND `comments`.`subject_id` IN (36, 34, 35, 33, 32, 31, 30) GROUP BY `comments`.`subject_id`) /*application='CampsiteApi'*/[0m
[1;38;5;2mapi-web           [0m |   ↳ app/models/post.rb:1011:in `block in latest_comment_async'
[1;38;5;2mapi-web           [0m |   [1m[36mASYNC ProjectPin Load (0.0ms) (db time 5.9ms)[0m  [1m[34mSELECT subject_id, MIN(public_id) AS public_id FROM `project_pins` WHERE `project_pins`.`subject_type` = 'Post' AND `project_pins`.`subject_id` IN (36, 34, 35, 33, 32, 31, 30) AND `project_pins`.`discarded_at` IS NULL GROUP BY `project_pins`.`subject_id` /*application='CampsiteApi'*/[0m
[1;38;5;2mapi-web           [0m |   ↳ app/models/concerns/pinnable.rb:19:in `map'
[1;38;5;2mapi-web           [0m | Processing by Api::V1::MessageThreads::DmsController#show as JSON
[1;38;5;2mapi-web           [0m |   Parameters: {"org_slug"=>"cosyland", "username"=>"haider", "dm"=>{}}
[1;38;5;2mapi-web           [0m |   [1m[36mUser Load (1.2ms)[0m  [1m[34mSELECT `users`.* FROM `users` WHERE `users`.`id` = 15 ORDER BY `users`.`id` ASC LIMIT 1 /*action='show',application='CampsiteApi',controller='dms'*/[0m
[1;38;5;2mapi-web           [0m |   ↳ app/controllers/concerns/current_attributable.rb:17:in `set_current_user'
[1;38;5;2mapi-web           [0m |   [1m[35mSQL (1.2ms)[0m  [1m[34mSELECT `organization_memberships`.`id` AS t0_r0, `organization_memberships`.`public_id` AS t0_r1, `organization_memberships`.`organization_id` AS t0_r2, `organization_memberships`.`user_id` AS t0_r3, `organization_memberships`.`created_at` AS t0_r4, `organization_memberships`.`updated_at` AS t0_r5, `organization_memberships`.`discarded_at` AS t0_r6, `organization_memberships`.`last_seen_at` AS t0_r7, `organization_memberships`.`role_name` AS t0_r8, `organization_memberships`.`latest_status_id` AS t0_r9, `organization_memberships`.`position` AS t0_r10, `organization_memberships`.`last_viewed_posts_at` AS t0_r11, `organization_memberships`.`home_last_seen_at` AS t0_r12, `organization_memberships`.`activity_last_seen_at` AS t0_r13, `organization_membership_statuses`.`id` AS t1_r0, `organization_membership_statuses`.`message` AS t1_r1, `organization_membership_statuses`.`emoji` AS t1_r2, `organization_membership_statuses`.`expires_at` AS t1_r3, `organization_membership_statuses`.`organization_membership_id` AS t1_r4, `organization_membership_statuses`.`created_at` AS t1_r5, `organization_membership_statuses`.`updated_at` AS t1_r6, `organization_membership_statuses`.`expiration_setting` AS t1_r7, `organization_membership_statuses`.`pause_notifications` AS t1_r8, `organization`.`id` AS t2_r0, `organization`.`public_id` AS t2_r1, `organization`.`name` AS t2_r2, `organization`.`slug` AS t2_r3, `organization`.`email_domain` AS t2_r4, `organization`.`billing_email` AS t2_r5, `organization`.`avatar_path` AS t2_r6, `organization`.`slack_channel_id` AS t2_r7, `organization`.`invite_token` AS t2_r8, `organization`.`creator_id` AS t2_r9, `organization`.`onboarded_at` AS t2_r10, `organization`.`created_at` AS t2_r11, `organization`.`updated_at` AS t2_r12, `organization`.`plan_name` AS t2_r13, `organization`.`member_count` AS t2_r14, `organization`.`demo` AS t2_r15, `organization`.`creator_role` AS t2_r16, `organization`.`creator_org_size` AS t2_r17, `organization`.`trial_ends_at` AS t2_r18, `organization`.`creator_source` AS t2_r19, `organization`.`creator_why` AS t2_r20, `organization_settings`.`id` AS t3_r0, `organization_settings`.`key` AS t3_r1, `organization_settings`.`value` AS t3_r2, `organization_settings`.`organization_id` AS t3_r3, `organization_settings`.`created_at` AS t3_r4, `organization_settings`.`updated_at` AS t3_r5 FROM `organization_memberships` INNER JOIN `organizations` `organization` ON `organization`.`id` = `organization_memberships`.`organization_id` LEFT OUTER JOIN `organization_settings` ON `organization_settings`.`key` = 'enforce_two_factor_authentication' AND `organization_settings`.`organization_id` = `organization`.`id` LEFT OUTER JOIN `organization_membership_statuses` ON `organization_membership_statuses`.`id` = `organization_memberships`.`latest_status_id` WHERE `organization_memberships`.`user_id` = 15 AND `organization_memberships`.`discarded_at` IS NULL AND `organization`.`slug` = 'cosyland' LIMIT 1 /*action='show',application='CampsiteApi',controller='dms'*/[0m
[1;38;5;2mapi-web           [0m |   ↳ app/controllers/api/v1/base_controller.rb:110:in `current_organization_membership'
[1;38;5;2mapi-web           [0m |   [1m[36mUser Exists? (1.5ms)[0m  [1m[34mSELECT 1 AS one FROM `users` INNER JOIN `organization_memberships` ON `users`.`id` = `organization_memberships`.`user_id` WHERE `organization_memberships`.`organization_id` = 3 AND `organization_memberships`.`discarded_at` IS NULL AND `users`.`id` = 15 LIMIT 1 /*action='show',application='CampsiteApi',controller='dms'*/[0m
[1;38;5;2mapi-web           [0m |   ↳ app/policies/organization_policy.rb:200:in `org_member?'
[1;38;5;2mapi-web           [0m |   [1m[35mSQL (2.8ms)[0m  [1m[34mSELECT DISTINCT `message_threads`.`id` FROM `message_threads` INNER JOIN `message_thread_memberships` ON `message_threads`.`id` = `message_thread_memberships`.`message_thread_id` INNER JOIN `message_thread_memberships` `memberships_message_threads_join` ON `memberships_message_threads_join`.`message_thread_id` = `message_threads`.`id` INNER JOIN `organization_memberships` ON `organization_memberships`.`id` = `memberships_message_threads_join`.`organization_membership_id` INNER JOIN `users` ON `users`.`id` = `organization_memberships`.`user_id` LEFT OUTER JOIN `call_rooms` ON `call_rooms`.`subject_type` = 'MessageThread' AND `call_rooms`.`subject_id` = `message_threads`.`id` LEFT OUTER JOIN `projects` ON `projects`.`message_thread_id` = `message_threads`.`id` LEFT OUTER JOIN `message_thread_memberships` `memberships_message_threads_join_2` ON `memberships_message_threads_join_2`.`message_thread_id` = `message_threads`.`id` LEFT OUTER JOIN `oauth_applications` ON `oauth_applications`.`id` = `memberships_message_threads_join_2`.`oauth_application_id` LEFT OUTER JOIN `calls` ON `calls`.`stopped_at` IS NULL AND `calls`.`call_room_id` = `call_rooms`.`id` LEFT OUTER JOIN `call_rooms` `rooms_calls` ON `rooms_calls`.`id` = `calls`.`call_room_id` LEFT OUTER JOIN `projects` `projects_calls` ON `projects_calls`.`id` = `calls`.`project_id` LEFT OUTER JOIN `follow_ups` ON `follow_ups`.`subject_type` = 'Call' AND `follow_ups`.`shown_at` IS NULL AND `follow_ups`.`subject_id` = `calls`.`id` LEFT OUTER JOIN `call_peers` ON `call_peers`.`call_id` = `calls`.`id` LEFT OUTER JOIN `users` `users_call_peers` ON `users_call_peers`.`id` = `call_peers`.`user_id` LEFT OUTER JOIN `organization_memberships` `organization_memberships_call_peers` ON `organization_memberships_call_peers`.`id` = `call_peers`.`organization_membership_id` LEFT OUTER JOIN `users` `users_organization_memberships` ON `users_organization_memberships`.`id` = `organization_memberships_call_peers`.`user_id` LEFT OUTER JOIN `organization_membership_statuses` ON `organization_membership_statuses`.`id` = `organization_memberships_call_peers`.`latest_status_id` LEFT OUTER JOIN `messages` ON `messages`.`id` = `message_threads`.`latest_message_id` LEFT OUTER JOIN `organization_memberships` `senders_messages` ON `senders_messages`.`id` = `messages`.`sender_id` LEFT OUTER JOIN `users` `users_organization_memberships_2` ON `users_organization_memberships_2`.`id` = `senders_messages`.`user_id` LEFT OUTER JOIN `organization_membership_statuses` `latest_statuses_organization_memberships` ON `latest_statuses_organization_memberships`.`id` = `senders_messages`.`latest_status_id` LEFT OUTER JOIN `organization_memberships` `organization_memberships_message_threads` ON `organization_memberships_message_threads`.`id` = `memberships_message_threads_join_2`.`organization_membership_id` LEFT OUTER JOIN `users` `users_organization_memberships_3` ON `users_organization_memberships_3`.`id` = `organization_memberships_message_threads`.`user_id` LEFT OUTER JOIN `organization_membership_statuses` `latest_statuses_organization_memberships_2` ON `latest_statuses_organization_memberships_2`.`id` = `organization_memberships_message_threads`.`latest_status_id` WHERE `message_thread_memberships`.`organization_membership_id` = 15 AND `message_threads`.`group` = FALSE AND `users`.`username` = 'haider' LIMIT 1 /*action='show',application='CampsiteApi',controller='dms'*/[0m
[1;38;5;2mapi-web           [0m |   ↳ app/controllers/api/v1/message_threads/dms_controller.rb:19:in `show'
[1;38;5;2mapi-web           [0m | Completed 200 OK in 22ms (Views: 0.1ms | ActiveRecord: 4.5ms (4 queries, 0 cached) | GC: 1.1ms)
[1;38;5;2mapi-web           [0m | 
[1;38;5;2mapi-web           [0m | 
[1;38;5;2mapi-web           [0m | Started POST "/v1/pusher/auth" for 87.75.141.139 at 2025-01-24 00:34:26 +0100
[1;38;5;2mapi-web           [0m | Cannot render console from 172.68.205.201! Allowed networks: 127.0.0.0/127.255.255.255, ::1
[1;38;5;2mapi-web           [0m | Processing by Api::V1::MessageThreads::DmsController#show as JSON
[1;38;5;2mapi-web           [0m |   Parameters: {"org_slug"=>"cosyland", "username"=>"faiz", "dm"=>{}}
[1;38;5;2mapi-web           [0m |   [1m[36mUser Load (1.2ms)[0m  [1m[34mSELECT `users`.* FROM `users` WHERE `users`.`id` = 15 ORDER BY `users`.`id` ASC LIMIT 1 /*action='show',application='CampsiteApi',controller='dms'*/[0m
[1;38;5;2mapi-web           [0m |   ↳ app/controllers/concerns/current_attributable.rb:17:in `set_current_user'
[1;38;5;2mapi-web           [0m |   [1m[35mSQL (1.3ms)[0m  [1m[34mSELECT `organization_memberships`.`id` AS t0_r0, `organization_memberships`.`public_id` AS t0_r1, `organization_memberships`.`organization_id` AS t0_r2, `organization_memberships`.`user_id` AS t0_r3, `organization_memberships`.`created_at` AS t0_r4, `organization_memberships`.`updated_at` AS t0_r5, `organization_memberships`.`discarded_at` AS t0_r6, `organization_memberships`.`last_seen_at` AS t0_r7, `organization_memberships`.`role_name` AS t0_r8, `organization_memberships`.`latest_status_id` AS t0_r9, `organization_memberships`.`position` AS t0_r10, `organization_memberships`.`last_viewed_posts_at` AS t0_r11, `organization_memberships`.`home_last_seen_at` AS t0_r12, `organization_memberships`.`activity_last_seen_at` AS t0_r13, `organization_membership_statuses`.`id` AS t1_r0, `organization_membership_statuses`.`message` AS t1_r1, `organization_membership_statuses`.`emoji` AS t1_r2, `organization_membership_statuses`.`expires_at` AS t1_r3, `organization_membership_statuses`.`organization_membership_id` AS t1_r4, `organization_membership_statuses`.`created_at` AS t1_r5, `organization_membership_statuses`.`updated_at` AS t1_r6, `organization_membership_statuses`.`expiration_setting` AS t1_r7, `organization_membership_statuses`.`pause_notifications` AS t1_r8, `organization`.`id` AS t2_r0, `organization`.`public_id` AS t2_r1, `organization`.`name` AS t2_r2, `organization`.`slug` AS t2_r3, `organization`.`email_domain` AS t2_r4, `organization`.`billing_email` AS t2_r5, `organization`.`avatar_path` AS t2_r6, `organization`.`slack_channel_id` AS t2_r7, `organization`.`invite_token` AS t2_r8, `organization`.`creator_id` AS t2_r9, `organization`.`onboarded_at` AS t2_r10, `organization`.`created_at` AS t2_r11, `organization`.`updated_at` AS t2_r12, `organization`.`plan_name` AS t2_r13, `organization`.`member_count` AS t2_r14, `organization`.`demo` AS t2_r15, `organization`.`creator_role` AS t2_r16, `organization`.`creator_org_size` AS t2_r17, `organization`.`trial_ends_at` AS t2_r18, `organization`.`creator_source` AS t2_r19, `organization`.`creator_why` AS t2_r20, `organization_settings`.`id` AS t3_r0, `organization_settings`.`key` AS t3_r1, `organization_settings`.`value` AS t3_r2, `organization_settings`.`organization_id` AS t3_r3, `organization_settings`.`created_at` AS t3_r4, `organization_settings`.`updated_at` AS t3_r5 FROM `organization_memberships` INNER JOIN `organizations` `organization` ON `organization`.`id` = `organization_memberships`.`organization_id` LEFT OUTER JOIN `organization_settings` ON `organization_settings`.`key` = 'enforce_two_factor_authentication' AND `organization_settings`.`organization_id` = `organization`.`id` LEFT OUTER JOIN `organization_membership_statuses` ON `organization_membership_statuses`.`id` = `organization_memberships`.`latest_status_id` WHERE `organization_memberships`.`user_id` = 15 AND `organization_memberships`.`discarded_at` IS NULL AND `organization`.`slug` = 'cosyland' LIMIT 1 /*action='show',application='CampsiteApi',controller='dms'*/[0m
[1;38;5;2mapi-web           [0m |   ↳ app/controllers/api/v1/base_controller.rb:110:in `current_organization_membership'
[1;38;5;2mapi-web           [0m | Processing by Api::V1::MessageThreads::DmsController#show as JSON
[1;38;5;2mapi-web           [0m |   Parameters: {"org_slug"=>"cosyland", "username"=>"martyna", "dm"=>{}}
[1;38;5;2mapi-web           [0m | Processing by Api::V1::OrganizationMembersController#show as JSON
[1;38;5;2mapi-web           [0m |   Parameters: {"org_slug"=>"cosyland", "username"=>"martyna", "organization_member"=>{}}
[1;38;5;2mapi-web           [0m |   [1m[36mUser Exists? (16.5ms)[0m  [1m[34mSELECT 1 AS one FROM `users` INNER JOIN `organization_memberships` ON `users`.`id` = `organization_memberships`.`user_id` WHERE `organization_memberships`.`organization_id` = 3 AND `organization_memberships`.`discarded_at` IS NULL AND `users`.`id` = 15 LIMIT 1 /*action='show',application='CampsiteApi',controller='dms'*/[0m
[1;38;5;2mapi-web           [0m |   [1m[36mUser Load (5.0ms)[0m  [1m[34mSELECT `users`.* FROM `users` WHERE `users`.`id` = 15 ORDER BY `users`.`id` ASC LIMIT 1 /*action='show',application='CampsiteApi',controller='dms'*/[0m
[1;38;5;2mapi-web           [0m |   [1m[36mUser Load (2.8ms)[0m  [1m[34mSELECT `users`.* FROM `users` WHERE `users`.`id` = 15 ORDER BY `users`.`id` ASC LIMIT 1 /*action='show',application='CampsiteApi',controller='organization_members'*/[0m
[1;38;5;2mapi-web           [0m |   ↳ app/policies/organization_policy.rb:200:in `org_member?'
[1;38;5;2mapi-web           [0m |   ↳ app/controllers/concerns/current_attributable.rb:17:in `set_current_user'
[1;38;5;2mapi-web           [0m |   ↳ app/controllers/concerns/current_attributable.rb:17:in `set_current_user'
[1;38;5;2mapi-web           [0m |   [1m[35mSQL (4.4ms)[0m  [1m[34mSELECT `organization_memberships`.`id` AS t0_r0, `organization_memberships`.`public_id` AS t0_r1, `organization_memberships`.`organization_id` AS t0_r2, `organization_memberships`.`user_id` AS t0_r3, `organization_memberships`.`created_at` AS t0_r4, `organization_memberships`.`updated_at` AS t0_r5, `organization_memberships`.`discarded_at` AS t0_r6, `organization_memberships`.`last_seen_at` AS t0_r7, `organization_memberships`.`role_name` AS t0_r8, `organization_memberships`.`latest_status_id` AS t0_r9, `organization_memberships`.`position` AS t0_r10, `organization_memberships`.`last_viewed_posts_at` AS t0_r11, `organization_memberships`.`home_last_seen_at` AS t0_r12, `organization_memberships`.`activity_last_seen_at` AS t0_r13, `organization_membership_statuses`.`id` AS t1_r0, `organization_membership_statuses`.`message` AS t1_r1, `organization_membership_statuses`.`emoji` AS t1_r2, `organization_membership_statuses`.`expires_at` AS t1_r3, `organization_membership_statuses`.`organization_membership_id` AS t1_r4, `organization_membership_statuses`.`created_at` AS t1_r5, `organization_membership_statuses`.`updated_at` AS t1_r6, `organization_membership_statuses`.`expiration_setting` AS t1_r7, `organization_membership_statuses`.`pause_notifications` AS t1_r8, `organization`.`id` AS t2_r0, `organization`.`public_id` AS t2_r1, `organization`.`name` AS t2_r2, `organization`.`slug` AS t2_r3, `organization`.`email_domain` AS t2_r4, `organization`.`billing_email` AS t2_r5, `organization`.`avatar_path` AS t2_r6, `organization`.`slack_channel_id` AS t2_r7, `organization`.`invite_token` AS t2_r8, `organization`.`creator_id` AS t2_r9, `organization`.`onboarded_at` AS t2_r10, `organization`.`created_at` AS t2_r11, `organization`.`updated_at` AS t2_r12, `organization`.`plan_name` AS t2_r13, `organization`.`member_count` AS t2_r14, `organization`.`demo` AS t2_r15, `organization`.`creator_role` AS t2_r16, `organization`.`creator_org_size` AS t2_r17, `organization`.`trial_ends_at` AS t2_r18, `organization`.`creator_source` AS t2_r19, `organization`.`creator_why` AS t2_r20, `organization_settings`.`id` AS t3_r0, `organization_settings`.`key` AS t3_r1, `organization_settings`.`value` AS t3_r2, `organization_settings`.`organization_id` AS t3_r3, `organization_settings`.`created_at` AS t3_r4, `organization_settings`.`updated_at` AS t3_r5 FROM `organization_memberships` INNER JOIN `organizations` `organization` ON `organization`.`id` = `organization_memberships`.`organization_id` LEFT OUTER JOIN `organization_settings` ON `organization_settings`.`key` = 'enforce_two_factor_authentication' AND `organization_settings`.`organization_id` = `organization`.`id` LEFT OUTER JOIN `organization_membership_statuses` ON `organization_membership_statuses`.`id` = `organization_memberships`.`latest_status_id` WHERE `organization_memberships`.`user_id` = 15 AND `organization_memberships`.`discarded_at` IS NULL AND `organization`.`slug` = 'cosyland' LIMIT 1 /*action='show',application='CampsiteApi',controller='dms'*/[0m
[1;38;5;2mapi-web           [0m |   [1m[35mSQL (2.6ms)[0m  [1m[34mSELECT `organization_memberships`.`id` AS t0_r0, `organization_memberships`.`public_id` AS t0_r1, `organization_memberships`.`organization_id` AS t0_r2, `organization_memberships`.`user_id` AS t0_r3, `organization_memberships`.`created_at` AS t0_r4, `organization_memberships`.`updated_at` AS t0_r5, `organization_memberships`.`discarded_at` AS t0_r6, `organization_memberships`.`last_seen_at` AS t0_r7, `organization_memberships`.`role_name` AS t0_r8, `organization_memberships`.`latest_status_id` AS t0_r9, `organization_memberships`.`position` AS t0_r10, `organization_memberships`.`last_viewed_posts_at` AS t0_r11, `organization_memberships`.`home_last_seen_at` AS t0_r12, `organization_memberships`.`activity_last_seen_at` AS t0_r13, `organization_membership_statuses`.`id` AS t1_r0, `organization_membership_statuses`.`message` AS t1_r1, `organization_membership_statuses`.`emoji` AS t1_r2, `organization_membership_statuses`.`expires_at` AS t1_r3, `organization_membership_statuses`.`organization_membership_id` AS t1_r4, `organization_membership_statuses`.`created_at` AS t1_r5, `organization_membership_statuses`.`updated_at` AS t1_r6, `organization_membership_statuses`.`expiration_setting` AS t1_r7, `organization_membership_statuses`.`pause_notifications` AS t1_r8, `organization`.`id` AS t2_r0, `organization`.`public_id` AS t2_r1, `organization`.`name` AS t2_r2, `organization`.`slug` AS t2_r3, `organization`.`email_domain` AS t2_r4, `organization`.`billing_email` AS t2_r5, `organization`.`avatar_path` AS t2_r6, `organization`.`slack_channel_id` AS t2_r7, `organization`.`invite_token` AS t2_r8, `organization`.`creator_id` AS t2_r9, `organization`.`onboarded_at` AS t2_r10, `organization`.`created_at` AS t2_r11, `organization`.`updated_at` AS t2_r12, `organization`.`plan_name` AS t2_r13, `organization`.`member_count` AS t2_r14, `organization`.`demo` AS t2_r15, `organization`.`creator_role` AS t2_r16, `organization`.`creator_org_size` AS t2_r17, `organization`.`trial_ends_at` AS t2_r18, `organization`.`creator_source` AS t2_r19, `organization`.`creator_why` AS t2_r20, `organization_settings`.`id` AS t3_r0, `organization_settings`.`key` AS t3_r1, `organization_settings`.`value` AS t3_r2, `organization_settings`.`organization_id` AS t3_r3, `organization_settings`.`created_at` AS t3_r4, `organization_settings`.`updated_at` AS t3_r5 FROM `organization_memberships` INNER JOIN `organizations` `organization` ON `organization`.`id` = `organization_memberships`.`organization_id` LEFT OUTER JOIN `organization_settings` ON `organization_settings`.`key` = 'enforce_two_factor_authentication' AND `organization_settings`.`organization_id` = `organization`.`id` LEFT OUTER JOIN `organization_membership_statuses` ON `organization_membership_statuses`.`id` = `organization_memberships`.`latest_status_id` WHERE `organization_memberships`.`user_id` = 15 AND `organization_memberships`.`discarded_at` IS NULL AND `organization`.`slug` = 'cosyland' LIMIT 1 /*action='show',application='CampsiteApi',controller='organization_members'*/[0m
[1;38;5;2mapi-web           [0m |   [1m[35mSQL (6.9ms)[0m  [1m[34mSELECT DISTINCT `message_threads`.`id` FROM `message_threads` INNER JOIN `message_thread_memberships` ON `message_threads`.`id` = `message_thread_memberships`.`message_thread_id` INNER JOIN `message_thread_memberships` `memberships_message_threads_join` ON `memberships_message_threads_join`.`message_thread_id` = `message_threads`.`id` INNER JOIN `organization_memberships` ON `organization_memberships`.`id` = `memberships_message_threads_join`.`organization_membership_id` INNER JOIN `users` ON `users`.`id` = `organization_memberships`.`user_id` LEFT OUTER JOIN `call_rooms` ON `call_rooms`.`subject_type` = 'MessageThread' AND `call_rooms`.`subject_id` = `message_threads`.`id` LEFT OUTER JOIN `projects` ON `projects`.`message_thread_id` = `message_threads`.`id` LEFT OUTER JOIN `message_thread_memberships` `memberships_message_threads_join_2` ON `memberships_message_threads_join_2`.`message_thread_id` = `message_threads`.`id` LEFT OUTER JOIN `oauth_applications` ON `oauth_applications`.`id` = `memberships_message_threads_join_2`.`oauth_application_id` LEFT OUTER JOIN `calls` ON `calls`.`stopped_at` IS NULL AND `calls`.`call_room_id` = `call_rooms`.`id` LEFT OUTER JOIN `call_rooms` `rooms_calls` ON `rooms_calls`.`id` = `calls`.`call_room_id` LEFT OUTER JOIN `projects` `projects_calls` ON `projects_calls`.`id` = `calls`.`project_id` LEFT OUTER JOIN `follow_ups` ON `follow_ups`.`subject_type` = 'Call' AND `follow_ups`.`shown_at` IS NULL AND `follow_ups`.`subject_id` = `calls`.`id` LEFT OUTER JOIN `call_peers` ON `call_peers`.`call_id` = `calls`.`id` LEFT OUTER JOIN `users` `users_call_peers` ON `users_call_peers`.`id` = `call_peers`.`user_id` LEFT OUTER JOIN `organization_memberships` `organization_memberships_call_peers` ON `organization_memberships_call_peers`.`id` = `call_peers`.`organization_membership_id` LEFT OUTER JOIN `users` `users_organization_memberships` ON `users_organization_memberships`.`id` = `organization_memberships_call_peers`.`user_id` LEFT OUTER JOIN `organization_membership_statuses` ON `organization_membership_statuses`.`id` = `organization_memberships_call_peers`.`latest_status_id` LEFT OUTER JOIN `messages` ON `messages`.`id` = `message_threads`.`latest_message_id` LEFT OUTER JOIN `organization_memberships` `senders_messages` ON `senders_messages`.`id` = `messages`.`sender_id` LEFT OUTER JOIN `users` `users_organization_memberships_2` ON `users_organization_memberships_2`.`id` = `senders_messages`.`user_id` LEFT OUTER JOIN `organization_membership_statuses` `latest_statuses_organization_memberships` ON `latest_statuses_organization_memberships`.`id` = `senders_messages`.`latest_status_id` LEFT OUTER JOIN `organization_memberships` `organization_memberships_message_threads` ON `organization_memberships_message_threads`.`id` = `memberships_message_threads_join_2`.`organization_membership_id` LEFT OUTER JOIN `users` `users_organization_memberships_3` ON `users_organization_memberships_3`.`id` = `organization_memberships_message_threads`.`user_id` LEFT OUTER JOIN `organization_membership_statuses` `latest_statuses_organization_memberships_2` ON `latest_statuses_organization_memberships_2`.`id` = `organization_memberships_message_threads`.`latest_status_id` WHERE `message_thread_memberships`.`organization_membership_id` = 15 AND `message_threads`.`group` = FALSE AND `users`.`username` = 'faiz' LIMIT 1 /*action='show',application='CampsiteApi',controller='dms'*/[0m
[1;38;5;2mapi-web           [0m |   ↳ app/controllers/api/v1/base_controller.rb:110:in `current_organization_membership'
[1;38;5;2mapi-web           [0m |   ↳ app/controllers/api/v1/base_controller.rb:110:in `current_organization_membership'
[1;38;5;2mapi-web           [0m |   ↳ app/controllers/api/v1/message_threads/dms_controller.rb:19:in `show'
[1;38;5;2mapi-web           [0m | Completed 200 OK in 46ms (Views: 0.1ms | ActiveRecord: 23.7ms (4 queries, 0 cached) | GC: 1.4ms)
[1;38;5;2mapi-web           [0m | 
[1;38;5;2mapi-web           [0m | 
[1;38;5;2mapi-web           [0m |   [1m[36mUser Exists? (4.3ms)[0m  [1m[34mSELECT 1 AS one FROM `users` INNER JOIN `organization_memberships` ON `users`.`id` = `organization_memberships`.`user_id` WHERE `organization_memberships`.`organization_id` = 3 AND `organization_memberships`.`discarded_at` IS NULL AND `users`.`id` = 15 LIMIT 1 /*action='show',application='CampsiteApi',controller='dms'*/[0m
[1;38;5;2mapi-web           [0m |   [1m[35mSQL (3.4ms)[0m  [1m[34mSELECT `organization_memberships`.`id` AS t0_r0, `organization_memberships`.`public_id` AS t0_r1, `organization_memberships`.`organization_id` AS t0_r2, `organization_memberships`.`user_id` AS t0_r3, `organization_memberships`.`created_at` AS t0_r4, `organization_memberships`.`updated_at` AS t0_r5, `organization_memberships`.`discarded_at` AS t0_r6, `organization_memberships`.`last_seen_at` AS t0_r7, `organization_memberships`.`role_name` AS t0_r8, `organization_memberships`.`latest_status_id` AS t0_r9, `organization_memberships`.`position` AS t0_r10, `organization_memberships`.`last_viewed_posts_at` AS t0_r11, `organization_memberships`.`home_last_seen_at` AS t0_r12, `organization_memberships`.`activity_last_seen_at` AS t0_r13, `user`.`id` AS t1_r0, `user`.`username` AS t1_r1, `user`.`name` AS t1_r2, `user`.`public_id` AS t1_r3, `user`.`avatar_path` AS t1_r4, `user`.`email` AS t1_r5, `user`.`encrypted_password` AS t1_r6, `user`.`reset_password_token` AS t1_r7, `user`.`reset_password_sent_at` AS t1_r8, `user`.`remember_created_at` AS t1_r9, `user`.`confirmation_token` AS t1_r10, `user`.`confirmed_at` AS t1_r11, `user`.`confirmation_sent_at` AS t1_r12, `user`.`unconfirmed_email` AS t1_r13, `user`.`omniauth_provider` AS t1_r14, `user`.`omniauth_uid` AS t1_r15, `user`.`onboarded_at` AS t1_r16, `user`.`created_at` AS t1_r17, `user`.`updated_at` AS t1_r18, `user`.`cover_photo_path` AS t1_r19, `user`.`login_token` AS t1_r20, `user`.`login_token_expires_at` AS t1_r21, `user`.`consumed_timestep` AS t1_r22, `user`.`otp_backup_codes` AS t1_r23, `user`.`otp_enabled` AS t1_r24, `user`.`otp_secret` AS t1_r25, `user`.`last_seen_at` AS t1_r26, `user`.`login_token_sso_id` AS t1_r27, `user`.`scheduled_email_notifications_from` AS t1_r28, `user`.`demo` AS t1_r29, `user`.`staff` AS t1_r30, `user`.`referrer` AS t1_r31, `user`.`landing_url` AS t1_r32, `user`.`notification_pause_expires_at` AS t1_r33, `user`.`preferred_timezone` AS t1_r34, `user`.`notifications_paused_at` AS t1_r35, `organization_membership_statuses`.`id` AS t2_r0, `organization_membership_statuses`.`message` AS t2_r1, `organization_membership_statuses`.`emoji` AS t2_r2, `organization_membership_statuses`.`expires_at` AS t2_r3, `organization_membership_statuses`.`organization_membership_id` AS t2_r4, `organization_membership_statuses`.`created_at` AS t2_r5, `organization_membership_statuses`.`updated_at` AS t2_r6, `organization_membership_statuses`.`expiration_setting` AS t2_r7, `organization_membership_statuses`.`pause_notifications` AS t2_r8 FROM `organization_memberships` LEFT OUTER JOIN `users` `user` ON `user`.`id` = `organization_memberships`.`user_id` LEFT OUTER JOIN `organization_membership_statuses` ON `organization_membership_statuses`.`id` = `organization_memberships`.`latest_status_id` WHERE `organization_memberships`.`organization_id` = 3 AND `user`.`username` = 'martyna' LIMIT 1 /*action='show',application='CampsiteApi',controller='organization_members'*/[0m
[1;38;5;2mapi-web           [0m |   ↳ app/policies/organization_policy.rb:200:in `org_member?'
[1;38;5;2mapi-web           [0m |   ↳ app/controllers/api/v1/organization_members_controller.rb:48:in `show'
[1;38;5;2mapi-web           [0m |   [1m[36mOrganizationMembership Load (1.3ms)[0m  [1m[34mSELECT `organization_memberships`.* FROM `organization_memberships` WHERE `organization_memberships`.`organization_id` = 3 AND `organization_memberships`.`discarded_at` IS NULL AND `organization_memberships`.`user_id` = 15 LIMIT 1 /*action='show',application='CampsiteApi',controller='organization_members'*/[0m
[1;38;5;2mapi-web           [0m |   ↳ app/policies/organization_membership_policy.rb:73:in `organization_membership'
[1;38;5;2mapi-web           [0m |   [1m[35mSQL (4.4ms)[0m  [1m[34mSELECT DISTINCT `message_threads`.`id` FROM `message_threads` INNER JOIN `message_thread_memberships` ON `message_threads`.`id` = `message_thread_memberships`.`message_thread_id` INNER JOIN `message_thread_memberships` `memberships_message_threads_join` ON `memberships_message_threads_join`.`message_thread_id` = `message_threads`.`id` INNER JOIN `organization_memberships` ON `organization_memberships`.`id` = `memberships_message_threads_join`.`organization_membership_id` INNER JOIN `users` ON `users`.`id` = `organization_memberships`.`user_id` LEFT OUTER JOIN `call_rooms` ON `call_rooms`.`subject_type` = 'MessageThread' AND `call_rooms`.`subject_id` = `message_threads`.`id` LEFT OUTER JOIN `projects` ON `projects`.`message_thread_id` = `message_threads`.`id` LEFT OUTER JOIN `message_thread_memberships` `memberships_message_threads_join_2` ON `memberships_message_threads_join_2`.`message_thread_id` = `message_threads`.`id` LEFT OUTER JOIN `oauth_applications` ON `oauth_applications`.`id` = `memberships_message_threads_join_2`.`oauth_application_id` LEFT OUTER JOIN `calls` ON `calls`.`stopped_at` IS NULL AND `calls`.`call_room_id` = `call_rooms`.`id` LEFT OUTER JOIN `call_rooms` `rooms_calls` ON `rooms_calls`.`id` = `calls`.`call_room_id` LEFT OUTER JOIN `projects` `projects_calls` ON `projects_calls`.`id` = `calls`.`project_id` LEFT OUTER JOIN `follow_ups` ON `follow_ups`.`subject_type` = 'Call' AND `follow_ups`.`shown_at` IS NULL AND `follow_ups`.`subject_id` = `calls`.`id` LEFT OUTER JOIN `call_peers` ON `call_peers`.`call_id` = `calls`.`id` LEFT OUTER JOIN `users` `users_call_peers` ON `users_call_peers`.`id` = `call_peers`.`user_id` LEFT OUTER JOIN `organization_memberships` `organization_memberships_call_peers` ON `organization_memberships_call_peers`.`id` = `call_peers`.`organization_membership_id` LEFT OUTER JOIN `users` `users_organization_memberships` ON `users_organization_memberships`.`id` = `organization_memberships_call_peers`.`user_id` LEFT OUTER JOIN `organization_membership_statuses` ON `organization_membership_statuses`.`id` = `organization_memberships_call_peers`.`latest_status_id` LEFT OUTER JOIN `messages` ON `messages`.`id` = `message_threads`.`latest_message_id` LEFT OUTER JOIN `organization_memberships` `senders_messages` ON `senders_messages`.`id` = `messages`.`sender_id` LEFT OUTER JOIN `users` `users_organization_memberships_2` ON `users_organization_memberships_2`.`id` = `senders_messages`.`user_id` LEFT OUTER JOIN `organization_membership_statuses` `latest_statuses_organization_memberships` ON `latest_statuses_organization_memberships`.`id` = `senders_messages`.`latest_status_id` LEFT OUTER JOIN `organization_memberships` `organization_memberships_message_threads` ON `organization_memberships_message_threads`.`id` = `memberships_message_threads_join_2`.`organization_membership_id` LEFT OUTER JOIN `users` `users_organization_memberships_3` ON `users_organization_memberships_3`.`id` = `organization_memberships_message_threads`.`user_id` LEFT OUTER JOIN `organization_membership_statuses` `latest_statuses_organization_memberships_2` ON `latest_statuses_organization_memberships_2`.`id` = `organization_memberships_message_threads`.`latest_status_id` WHERE `message_thread_memberships`.`organization_membership_id` = 15 AND `message_threads`.`group` = FALSE AND `users`.`username` = 'martyna' LIMIT 1 /*action='show',application='CampsiteApi',controller='dms'*/[0m
[1;38;5;2mapi-web           [0m | Completed 200 OK in 36ms (Views: 0.1ms | ActiveRecord: 8.0ms (4 queries, 0 cached) | GC: 0.9ms)
[1;38;5;2mapi-web           [0m | 
[1;38;5;2mapi-web           [0m | 
[1;38;5;2mapi-web           [0m |   ↳ app/controllers/api/v1/message_threads/dms_controller.rb:19:in `show'
[1;38;5;2mapi-web           [0m | Completed 200 OK in 41ms (Views: 0.1ms | ActiveRecord: 15.8ms (4 queries, 0 cached) | GC: 0.9ms)
[1;38;5;2mapi-web           [0m | 
[1;38;5;2mapi-web           [0m | 
[1;38;5;2mapi-web           [0m | Started GET "/v1/organizations/cosyland/members/samuel" for 87.75.141.139 at 2025-01-24 00:34:26 +0100
[1;38;5;2mapi-web           [0m | Cannot render console from 172.68.205.201! Allowed networks: 127.0.0.0/127.255.255.255, ::1
[1;38;5;2mapi-web           [0m | Started POST "/v1/pusher/auth" for 87.75.141.139 at 2025-01-24 00:34:26 +0100
[1;38;5;2mapi-web           [0m | Cannot render console from 172.68.205.200! Allowed networks: 127.0.0.0/127.255.255.255, ::1
[1;38;5;2mapi-web           [0m | Completed 200 OK in 585ms (Views: 0.1ms | ActiveRecord: 83.3ms (19 queries, 0 cached) | GC: 158.1ms)
[1;38;5;2mapi-web           [0m | 
[1;38;5;2mapi-web           [0m | 
[1;38;5;2mapi-web           [0m | Processing by Api::V1::MessageThreads::DmsController#show as JSON
[1;38;5;2mapi-web           [0m |   Parameters: {"org_slug"=>"cosyland", "username"=>"samuel", "dm"=>{}}
[1;38;5;2mapi-web           [0m |   [1m[36mUser Load (1.2ms)[0m  [1m[34mSELECT `users`.* FROM `users` WHERE `users`.`id` = 15 ORDER BY `users`.`id` ASC LIMIT 1 /*action='show',application='CampsiteApi',controller='dms'*/[0m
[1;38;5;2mapi-web           [0m |   ↳ app/controllers/concerns/current_attributable.rb:17:in `set_current_user'
[1;38;5;42mweb               [0m |  [31m[1m⨯[22m[39m Error: [@octokit/auth-app] appId option is required
[1;38;5;42mweb               [0m |     at createAppAuth (file:///home/faiz/campsite/campsite/node_modules/[4m.pnpm[24m/@octokit+auth-app@7.1.0/node_modules/[4m@octokit[24m/auth-app/dist-node/index.js:393:11)
[1;38;5;42mweb               [0m |     at new Octokit (file:///home/faiz/campsite/campsite/node_modules/[4m.pnpm[24m/@octokit+core@6.1.2/node_modules/[4m@octokit[24m/core/dist-src/index.js:100:20)
[1;38;5;42mweb               [0m |     at [90m/home/faiz/campsite/campsite/apps/web/[39m.next/server/pages/api/latest-release.js:1:1052
[1;38;5;2mapi-web           [0m |   [1m[35mSQL (2.4ms)[0m  [1m[34mSELECT `organization_memberships`.`id` AS t0_r0, `organization_memberships`.`public_id` AS t0_r1, `organization_memberships`.`organization_id` AS t0_r2, `organization_memberships`.`user_id` AS t0_r3, `organization_memberships`.`created_at` AS t0_r4, `organization_memberships`.`updated_at` AS t0_r5, `organization_memberships`.`discarded_at` AS t0_r6, `organization_memberships`.`last_seen_at` AS t0_r7, `organization_memberships`.`role_name` AS t0_r8, `organization_memberships`.`latest_status_id` AS t0_r9, `organization_memberships`.`position` AS t0_r10, `organization_memberships`.`last_viewed_posts_at` AS t0_r11, `organization_memberships`.`home_last_seen_at` AS t0_r12, `organization_memberships`.`activity_last_seen_at` AS t0_r13, `organization_membership_statuses`.`id` AS t1_r0, `organization_membership_statuses`.`message` AS t1_r1, `organization_membership_statuses`.`emoji` AS t1_r2, `organization_membership_statuses`.`expires_at` AS t1_r3, `organization_membership_statuses`.`organization_membership_id` AS t1_r4, `organization_membership_statuses`.`created_at` AS t1_r5, `organization_membership_statuses`.`updated_at` AS t1_r6, `organization_membership_statuses`.`expiration_setting` AS t1_r7, `organization_membership_statuses`.`pause_notifications` AS t1_r8, `organization`.`id` AS t2_r0, `organization`.`public_id` AS t2_r1, `organization`.`name` AS t2_r2, `organization`.`slug` AS t2_r3, `organization`.`email_domain` AS t2_r4, `organization`.`billing_email` AS t2_r5, `organization`.`avatar_path` AS t2_r6, `organization`.`slack_channel_id` AS t2_r7, `organization`.`invite_token` AS t2_r8, `organization`.`creator_id` AS t2_r9, `organization`.`onboarded_at` AS t2_r10, `organization`.`created_at` AS t2_r11, `organization`.`updated_at` AS t2_r12, `organization`.`plan_name` AS t2_r13, `organization`.`member_count` AS t2_r14, `organization`.`demo` AS t2_r15, `organization`.`creator_role` AS t2_r16, `organization`.`creator_org_size` AS t2_r17, `organization`.`trial_ends_at` AS t2_r18, `organization`.`creator_source` AS t2_r19, `organization`.`creator_why` AS t2_r20, `organization_settings`.`id` AS t3_r0, `organization_settings`.`key` AS t3_r1, `organization_settings`.`value` AS t3_r2, `organization_settings`.`organization_id` AS t3_r3, `organization_settings`.`created_at` AS t3_r4, `organization_settings`.`updated_at` AS t3_r5 FROM `organization_memberships` INNER JOIN `organizations` `organization` ON `organization`.`id` = `organization_memberships`.`organization_id` LEFT OUTER JOIN `organization_settings` ON `organization_settings`.`key` = 'enforce_two_factor_authentication' AND `organization_settings`.`organization_id` = `organization`.`id` LEFT OUTER JOIN `organization_membership_statuses` ON `organization_membership_statuses`.`id` = `organization_memberships`.`latest_status_id` WHERE `organization_memberships`.`user_id` = 15 AND `organization_memberships`.`discarded_at` IS NULL AND `organization`.`slug` = 'cosyland' LIMIT 1 /*action='show',application='CampsiteApi',controller='dms'*/[0m
[1;38;5;2mapi-web           [0m |   ↳ app/controllers/api/v1/base_controller.rb:110:in `current_organization_membership'
[1;38;5;2mapi-web           [0m |   [1m[36mUser Exists? (1.8ms)[0m  [1m[34mSELECT 1 AS one FROM `users` INNER JOIN `organization_memberships` ON `users`.`id` = `organization_memberships`.`user_id` WHERE `organization_memberships`.`organization_id` = 3 AND `organization_memberships`.`discarded_at` IS NULL AND `users`.`id` = 15 LIMIT 1 /*action='show',application='CampsiteApi',controller='dms'*/[0m
[1;38;5;2mapi-web           [0m |   ↳ app/policies/organization_policy.rb:200:in `org_member?'
[1;38;5;2mapi-web           [0m |   [1m[35mSQL (2.1ms)[0m  [1m[34mSELECT DISTINCT `message_threads`.`id` FROM `message_threads` INNER JOIN `message_thread_memberships` ON `message_threads`.`id` = `message_thread_memberships`.`message_thread_id` INNER JOIN `message_thread_memberships` `memberships_message_threads_join` ON `memberships_message_threads_join`.`message_thread_id` = `message_threads`.`id` INNER JOIN `organization_memberships` ON `organization_memberships`.`id` = `memberships_message_threads_join`.`organization_membership_id` INNER JOIN `users` ON `users`.`id` = `organization_memberships`.`user_id` LEFT OUTER JOIN `call_rooms` ON `call_rooms`.`subject_type` = 'MessageThread' AND `call_rooms`.`subject_id` = `message_threads`.`id` LEFT OUTER JOIN `projects` ON `projects`.`message_thread_id` = `message_threads`.`id` LEFT OUTER JOIN `message_thread_memberships` `memberships_message_threads_join_2` ON `memberships_message_threads_join_2`.`message_thread_id` = `message_threads`.`id` LEFT OUTER JOIN `oauth_applications` ON `oauth_applications`.`id` = `memberships_message_threads_join_2`.`oauth_application_id` LEFT OUTER JOIN `calls` ON `calls`.`stopped_at` IS NULL AND `calls`.`call_room_id` = `call_rooms`.`id` LEFT OUTER JOIN `call_rooms` `rooms_calls` ON `rooms_calls`.`id` = `calls`.`call_room_id` LEFT OUTER JOIN `projects` `projects_calls` ON `projects_calls`.`id` = `calls`.`project_id` LEFT OUTER JOIN `follow_ups` ON `follow_ups`.`subject_type` = 'Call' AND `follow_ups`.`shown_at` IS NULL AND `follow_ups`.`subject_id` = `calls`.`id` LEFT OUTER JOIN `call_peers` ON `call_peers`.`call_id` = `calls`.`id` LEFT OUTER JOIN `users` `users_call_peers` ON `users_call_peers`.`id` = `call_peers`.`user_id` LEFT OUTER JOIN `organization_memberships` `organization_memberships_call_peers` ON `organization_memberships_call_peers`.`id` = `call_peers`.`organization_membership_id` LEFT OUTER JOIN `users` `users_organization_memberships` ON `users_organization_memberships`.`id` = `organization_memberships_call_peers`.`user_id` LEFT OUTER JOIN `organization_membership_statuses` ON `organization_membership_statuses`.`id` = `organization_memberships_call_peers`.`latest_status_id` LEFT OUTER JOIN `messages` ON `messages`.`id` = `message_threads`.`latest_message_id` LEFT OUTER JOIN `organization_memberships` `senders_messages` ON `senders_messages`.`id` = `messages`.`sender_id` LEFT OUTER JOIN `users` `users_organization_memberships_2` ON `users_organization_memberships_2`.`id` = `senders_messages`.`user_id` LEFT OUTER JOIN `organization_membership_statuses` `latest_statuses_organization_memberships` ON `latest_statuses_organization_memberships`.`id` = `senders_messages`.`latest_status_id` LEFT OUTER JOIN `organization_memberships` `organization_memberships_message_threads` ON `organization_memberships_message_threads`.`id` = `memberships_message_threads_join_2`.`organization_membership_id` LEFT OUTER JOIN `users` `users_organization_memberships_3` ON `users_organization_memberships_3`.`id` = `organization_memberships_message_threads`.`user_id` LEFT OUTER JOIN `organization_membership_statuses` `latest_statuses_organization_memberships_2` ON `latest_statuses_organization_memberships_2`.`id` = `organization_memberships_message_threads`.`latest_status_id` WHERE `message_thread_memberships`.`organization_membership_id` = 15 AND `message_threads`.`group` = FALSE AND `users`.`username` = 'samuel' LIMIT 1 /*action='show',application='CampsiteApi',controller='dms'*/[0m
[1;38;5;2mapi-web           [0m |   ↳ app/controllers/api/v1/message_threads/dms_controller.rb:19:in `show'
[1;38;5;2mapi-web           [0m | Completed 200 OK in 20ms (Views: 0.1ms | ActiveRecord: 5.0ms (4 queries, 0 cached) | GC: 0.0ms)
[1;38;5;2mapi-web           [0m | 
[1;38;5;2mapi-web           [0m | 
[1;38;5;2mapi-web           [0m | Processing by Api::V1::FavoritesController#index as JSON
[1;38;5;2mapi-web           [0m |   Parameters: {"org_slug"=>"cosyland", "favorite"=>{}}
[1;38;5;2mapi-web           [0m |   [1m[36mUser Load (1.2ms)[0m  [1m[34mSELECT `users`.* FROM `users` WHERE `users`.`id` = 15 ORDER BY `users`.`id` ASC LIMIT 1 /*action='index',application='CampsiteApi',controller='favorites'*/[0m
[1;38;5;2mapi-web           [0m |   ↳ app/controllers/concerns/current_attributable.rb:17:in `set_current_user'
[1;38;5;2mapi-web           [0m |   [1m[35mSQL (1.2ms)[0m  [1m[34mSELECT `organization_memberships`.`id` AS t0_r0, `organization_memberships`.`public_id` AS t0_r1, `organization_memberships`.`organization_id` AS t0_r2, `organization_memberships`.`user_id` AS t0_r3, `organization_memberships`.`created_at` AS t0_r4, `organization_memberships`.`updated_at` AS t0_r5, `organization_memberships`.`discarded_at` AS t0_r6, `organization_memberships`.`last_seen_at` AS t0_r7, `organization_memberships`.`role_name` AS t0_r8, `organization_memberships`.`latest_status_id` AS t0_r9, `organization_memberships`.`position` AS t0_r10, `organization_memberships`.`last_viewed_posts_at` AS t0_r11, `organization_memberships`.`home_last_seen_at` AS t0_r12, `organization_memberships`.`activity_last_seen_at` AS t0_r13, `organization_membership_statuses`.`id` AS t1_r0, `organization_membership_statuses`.`message` AS t1_r1, `organization_membership_statuses`.`emoji` AS t1_r2, `organization_membership_statuses`.`expires_at` AS t1_r3, `organization_membership_statuses`.`organization_membership_id` AS t1_r4, `organization_membership_statuses`.`created_at` AS t1_r5, `organization_membership_statuses`.`updated_at` AS t1_r6, `organization_membership_statuses`.`expiration_setting` AS t1_r7, `organization_membership_statuses`.`pause_notifications` AS t1_r8, `organization`.`id` AS t2_r0, `organization`.`public_id` AS t2_r1, `organization`.`name` AS t2_r2, `organization`.`slug` AS t2_r3, `organization`.`email_domain` AS t2_r4, `organization`.`billing_email` AS t2_r5, `organization`.`avatar_path` AS t2_r6, `organization`.`slack_channel_id` AS t2_r7, `organization`.`invite_token` AS t2_r8, `organization`.`creator_id` AS t2_r9, `organization`.`onboarded_at` AS t2_r10, `organization`.`created_at` AS t2_r11, `organization`.`updated_at` AS t2_r12, `organization`.`plan_name` AS t2_r13, `organization`.`member_count` AS t2_r14, `organization`.`demo` AS t2_r15, `organization`.`creator_role` AS t2_r16, `organization`.`creator_org_size` AS t2_r17, `organization`.`trial_ends_at` AS t2_r18, `organization`.`creator_source` AS t2_r19, `organization`.`creator_why` AS t2_r20, `organization_settings`.`id` AS t3_r0, `organization_settings`.`key` AS t3_r1, `organization_settings`.`value` AS t3_r2, `organization_settings`.`organization_id` AS t3_r3, `organization_settings`.`created_at` AS t3_r4, `organization_settings`.`updated_at` AS t3_r5 FROM `organization_memberships` INNER JOIN `organizations` `organization` ON `organization`.`id` = `organization_memberships`.`organization_id` LEFT OUTER JOIN `organization_settings` ON `organization_settings`.`key` = 'enforce_two_factor_authentication' AND `organization_settings`.`organization_id` = `organization`.`id` LEFT OUTER JOIN `organization_membership_statuses` ON `organization_membership_statuses`.`id` = `organization_memberships`.`latest_status_id` WHERE `organization_memberships`.`user_id` = 15 AND `organization_memberships`.`discarded_at` IS NULL AND `organization`.`slug` = 'cosyland' LIMIT 1 /*action='index',application='CampsiteApi',controller='favorites'*/[0m
[1;38;5;2mapi-web           [0m |   ↳ app/controllers/api/v1/base_controller.rb:110:in `current_organization_membership'
[1;38;5;2mapi-web           [0m |   [1m[36mOrganizationMembership Load (1.1ms)[0m  [1m[34mSELECT `organization_memberships`.* FROM `organization_memberships` WHERE `organization_memberships`.`organization_id` = 3 AND `organization_memberships`.`discarded_at` IS NULL AND `organization_memberships`.`user_id` = 15 LIMIT 1 /*action='index',application='CampsiteApi',controller='favorites'*/[0m
[1;38;5;2mapi-web           [0m |   ↳ app/policies/organization_membership_policy.rb:73:in `organization_membership'
[1;38;5;2mapi-web           [0m |   [1m[36mFavorite Load (1.1ms)[0m  [1m[34mSELECT `favorites`.* FROM `favorites` WHERE `favorites`.`organization_membership_id` = 15 AND `favorites`.`favoritable_type` IN ('Project', 'MessageThread', 'Note', 'Post', 'Call') ORDER BY `favorites`.`position` ASC /*action='index',application='CampsiteApi',controller='favorites'*/[0m
[1;38;5;2mapi-web           [0m |   ↳ app/serializers/api_serializer.rb:111:in `flatten'
[1;38;5;2mapi-web           [0m | Completed 200 OK in 19ms (Views: 0.1ms | ActiveRecord: 3.9ms (4 queries, 0 cached) | GC: 0.6ms)
[1;38;5;2mapi-web           [0m | 
[1;38;5;2mapi-web           [0m | 
[1;38;5;2mapi-web           [0m | Processing by Api::V1::OrganizationMembersController#show as JSON
[1;38;5;2mapi-web           [0m |   Parameters: {"org_slug"=>"cosyland", "username"=>"samuel", "organization_member"=>{}}
[1;38;5;2mapi-web           [0m |   [1m[36mUser Load (1.0ms)[0m  [1m[34mSELECT `users`.* FROM `users` WHERE `users`.`id` = 15 ORDER BY `users`.`id` ASC LIMIT 1 /*action='show',application='CampsiteApi',controller='organization_members'*/[0m
[1;38;5;2mapi-web           [0m |   ↳ app/controllers/concerns/current_attributable.rb:17:in `set_current_user'
[1;38;5;2mapi-web           [0m |   [1m[35mSQL (3.7ms)[0m  [1m[34mSELECT `organization_memberships`.`id` AS t0_r0, `organization_memberships`.`public_id` AS t0_r1, `organization_memberships`.`organization_id` AS t0_r2, `organization_memberships`.`user_id` AS t0_r3, `organization_memberships`.`created_at` AS t0_r4, `organization_memberships`.`updated_at` AS t0_r5, `organization_memberships`.`discarded_at` AS t0_r6, `organization_memberships`.`last_seen_at` AS t0_r7, `organization_memberships`.`role_name` AS t0_r8, `organization_memberships`.`latest_status_id` AS t0_r9, `organization_memberships`.`position` AS t0_r10, `organization_memberships`.`last_viewed_posts_at` AS t0_r11, `organization_memberships`.`home_last_seen_at` AS t0_r12, `organization_memberships`.`activity_last_seen_at` AS t0_r13, `organization_membership_statuses`.`id` AS t1_r0, `organization_membership_statuses`.`message` AS t1_r1, `organization_membership_statuses`.`emoji` AS t1_r2, `organization_membership_statuses`.`expires_at` AS t1_r3, `organization_membership_statuses`.`organization_membership_id` AS t1_r4, `organization_membership_statuses`.`created_at` AS t1_r5, `organization_membership_statuses`.`updated_at` AS t1_r6, `organization_membership_statuses`.`expiration_setting` AS t1_r7, `organization_membership_statuses`.`pause_notifications` AS t1_r8, `organization`.`id` AS t2_r0, `organization`.`public_id` AS t2_r1, `organization`.`name` AS t2_r2, `organization`.`slug` AS t2_r3, `organization`.`email_domain` AS t2_r4, `organization`.`billing_email` AS t2_r5, `organization`.`avatar_path` AS t2_r6, `organization`.`slack_channel_id` AS t2_r7, `organization`.`invite_token` AS t2_r8, `organization`.`creator_id` AS t2_r9, `organization`.`onboarded_at` AS t2_r10, `organization`.`created_at` AS t2_r11, `organization`.`updated_at` AS t2_r12, `organization`.`plan_name` AS t2_r13, `organization`.`member_count` AS t2_r14, `organization`.`demo` AS t2_r15, `organization`.`creator_role` AS t2_r16, `organization`.`creator_org_size` AS t2_r17, `organization`.`trial_ends_at` AS t2_r18, `organization`.`creator_source` AS t2_r19, `organization`.`creator_why` AS t2_r20, `organization_settings`.`id` AS t3_r0, `organization_settings`.`key` AS t3_r1, `organization_settings`.`value` AS t3_r2, `organization_settings`.`organization_id` AS t3_r3, `organization_settings`.`created_at` AS t3_r4, `organization_settings`.`updated_at` AS t3_r5 FROM `organization_memberships` INNER JOIN `organizations` `organization` ON `organization`.`id` = `organization_memberships`.`organization_id` LEFT OUTER JOIN `organization_settings` ON `organization_settings`.`key` = 'enforce_two_factor_authentication' AND `organization_settings`.`organization_id` = `organization`.`id` LEFT OUTER JOIN `organization_membership_statuses` ON `organization_membership_statuses`.`id` = `organization_memberships`.`latest_status_id` WHERE `organization_memberships`.`user_id` = 15 AND `organization_memberships`.`discarded_at` IS NULL AND `organization`.`slug` = 'cosyland' LIMIT 1 /*action='show',application='CampsiteApi',controller='organization_members'*/[0m
[1;38;5;2mapi-web           [0m | Processing by Api::V1::Pusher::AuthsController#create as JSON
[1;38;5;2mapi-web           [0m |   ↳ app/controllers/api/v1/base_controller.rb:110:in `current_organization_membership'
[1;38;5;2mapi-web           [0m |   Parameters: {"socket_id"=>"58127.223171", "channel_name"=>"private-user-r73wwd5e71d4"}
[1;38;5;2mapi-web           [0m | Processing by Api::V1::MessageThreads::DmsController#show as JSON
[1;38;5;2mapi-web           [0m |   Parameters: {"org_slug"=>"cosyland", "username"=>"mahnaz", "dm"=>{}}
[1;38;5;2mapi-web           [0m | Processing by Api::V1::OrganizationMembershipRequestsController#index as JSON
[1;38;5;2mapi-web           [0m |   [1m[35mSQL (3.1ms)[0m  [1m[34mSELECT `organization_memberships`.`id` AS t0_r0, `organization_memberships`.`public_id` AS t0_r1, `organization_memberships`.`organization_id` AS t0_r2, `organization_memberships`.`user_id` AS t0_r3, `organization_memberships`.`created_at` AS t0_r4, `organization_memberships`.`updated_at` AS t0_r5, `organization_memberships`.`discarded_at` AS t0_r6, `organization_memberships`.`last_seen_at` AS t0_r7, `organization_memberships`.`role_name` AS t0_r8, `organization_memberships`.`latest_status_id` AS t0_r9, `organization_memberships`.`position` AS t0_r10, `organization_memberships`.`last_viewed_posts_at` AS t0_r11, `organization_memberships`.`home_last_seen_at` AS t0_r12, `organization_memberships`.`activity_last_seen_at` AS t0_r13, `user`.`id` AS t1_r0, `user`.`username` AS t1_r1, `user`.`name` AS t1_r2, `user`.`public_id` AS t1_r3, `user`.`avatar_path` AS t1_r4, `user`.`email` AS t1_r5, `user`.`encrypted_password` AS t1_r6, `user`.`reset_password_token` AS t1_r7, `user`.`reset_password_sent_at` AS t1_r8, `user`.`remember_created_at` AS t1_r9, `user`.`confirmation_token` AS t1_r10, `user`.`confirmed_at` AS t1_r11, `user`.`confirmation_sent_at` AS t1_r12, `user`.`unconfirmed_email` AS t1_r13, `user`.`omniauth_provider` AS t1_r14, `user`.`omniauth_uid` AS t1_r15, `user`.`onboarded_at` AS t1_r16, `user`.`created_at` AS t1_r17, `user`.`updated_at` AS t1_r18, `user`.`cover_photo_path` AS t1_r19, `user`.`login_token` AS t1_r20, `user`.`login_token_expires_at` AS t1_r21, `user`.`consumed_timestep` AS t1_r22, `user`.`otp_backup_codes` AS t1_r23, `user`.`otp_enabled` AS t1_r24, `user`.`otp_secret` AS t1_r25, `user`.`last_seen_at` AS t1_r26, `user`.`login_token_sso_id` AS t1_r27, `user`.`scheduled_email_notifications_from` AS t1_r28, `user`.`demo` AS t1_r29, `user`.`staff` AS t1_r30, `user`.`referrer` AS t1_r31, `user`.`landing_url` AS t1_r32, `user`.`notification_pause_expires_at` AS t1_r33, `user`.`preferred_timezone` AS t1_r34, `user`.`notifications_paused_at` AS t1_r35, `organization_membership_statuses`.`id` AS t2_r0, `organization_membership_statuses`.`message` AS t2_r1, `organization_membership_statuses`.`emoji` AS t2_r2, `organization_membership_statuses`.`expires_at` AS t2_r3, `organization_membership_statuses`.`organization_membership_id` AS t2_r4, `organization_membership_statuses`.`created_at` AS t2_r5, `organization_membership_statuses`.`updated_at` AS t2_r6, `organization_membership_statuses`.`expiration_setting` AS t2_r7, `organization_membership_statuses`.`pause_notifications` AS t2_r8 FROM `organization_memberships` LEFT OUTER JOIN `users` `user` ON `user`.`id` = `organization_memberships`.`user_id` LEFT OUTER JOIN `organization_membership_statuses` ON `organization_membership_statuses`.`id` = `organization_memberships`.`latest_status_id` WHERE `organization_memberships`.`organization_id` = 3 AND `user`.`username` = 'samuel' LIMIT 1 /*action='show',application='CampsiteApi',controller='organization_members'*/[0m
[1;38;5;2mapi-web           [0m |   ↳ app/controllers/api/v1/organization_members_controller.rb:48:in `show'
[1;38;5;2mapi-web           [0m |   Parameters: {"org_slug"=>"cosyland", "organization_membership_request"=>{}}
[1;38;5;2mapi-web           [0m |   [1m[36mUser Load (1.3ms)[0m  [1m[34mSELECT `users`.* FROM `users` WHERE `users`.`id` = 15 ORDER BY `users`.`id` ASC LIMIT 1 /*action='show',application='CampsiteApi',controller='dms'*/[0m
[1;38;5;2mapi-web           [0m | Processing by Api::V1::OrganizationMembersController#show as JSON
[1;38;5;2mapi-web           [0m |   [1m[36mOrganizationMembership Load (1.0ms)[0m  [1m[34mSELECT `organization_memberships`.* FROM `organization_memberships` WHERE `organization_memberships`.`organization_id` = 3 AND `organization_memberships`.`discarded_at` IS NULL AND `organization_memberships`.`user_id` = 15 LIMIT 1 /*action='show',application='CampsiteApi',controller='organization_members'*/[0m
[1;38;5;2mapi-web           [0m |   ↳ app/controllers/concerns/current_attributable.rb:17:in `set_current_user'
[1;38;5;2mapi-web           [0m |   Parameters: {"org_slug"=>"cosyland", "username"=>"mahnaz", "organization_member"=>{}}
[1;38;5;2mapi-web           [0m |   ↳ app/policies/organization_membership_policy.rb:73:in `organization_membership'
[1;38;5;2mapi-web           [0m | Completed 200 OK in 21ms (Views: 0.1ms | ActiveRecord: 6.4ms (4 queries, 0 cached) | GC: 0.0ms)
[1;38;5;2mapi-web           [0m | 
[1;38;5;2mapi-web           [0m | 
[1;38;5;2mapi-web           [0m |   [1m[36mUser Load (3.7ms)[0m  [1m[34mSELECT `users`.* FROM `users` WHERE `users`.`id` = 15 ORDER BY `users`.`id` ASC LIMIT 1 /*action='index',application='CampsiteApi',controller='organization_membership_requests'*/[0m
[1;38;5;2mapi-web           [0m |   ↳ app/controllers/concerns/current_attributable.rb:17:in `set_current_user'
[1;38;5;2mapi-web           [0m |   [1m[35mSQL (2.6ms)[0m  [1m[34mSELECT `organization_memberships`.`id` AS t0_r0, `organization_memberships`.`public_id` AS t0_r1, `organization_memberships`.`organization_id` AS t0_r2, `organization_memberships`.`user_id` AS t0_r3, `organization_memberships`.`created_at` AS t0_r4, `organization_memberships`.`updated_at` AS t0_r5, `organization_memberships`.`discarded_at` AS t0_r6, `organization_memberships`.`last_seen_at` AS t0_r7, `organization_memberships`.`role_name` AS t0_r8, `organization_memberships`.`latest_status_id` AS t0_r9, `organization_memberships`.`position` AS t0_r10, `organization_memberships`.`last_viewed_posts_at` AS t0_r11, `organization_memberships`.`home_last_seen_at` AS t0_r12, `organization_memberships`.`activity_last_seen_at` AS t0_r13, `organization_membership_statuses`.`id` AS t1_r0, `organization_membership_statuses`.`message` AS t1_r1, `organization_membership_statuses`.`emoji` AS t1_r2, `organization_membership_statuses`.`expires_at` AS t1_r3, `organization_membership_statuses`.`organization_membership_id` AS t1_r4, `organization_membership_statuses`.`created_at` AS t1_r5, `organization_membership_statuses`.`updated_at` AS t1_r6, `organization_membership_statuses`.`expiration_setting` AS t1_r7, `organization_membership_statuses`.`pause_notifications` AS t1_r8, `organization`.`id` AS t2_r0, `organization`.`public_id` AS t2_r1, `organization`.`name` AS t2_r2, `organization`.`slug` AS t2_r3, `organization`.`email_domain` AS t2_r4, `organization`.`billing_email` AS t2_r5, `organization`.`avatar_path` AS t2_r6, `organization`.`slack_channel_id` AS t2_r7, `organization`.`invite_token` AS t2_r8, `organization`.`creator_id` AS t2_r9, `organization`.`onboarded_at` AS t2_r10, `organization`.`created_at` AS t2_r11, `organization`.`updated_at` AS t2_r12, `organization`.`plan_name` AS t2_r13, `organization`.`member_count` AS t2_r14, `organization`.`demo` AS t2_r15, `organization`.`creator_role` AS t2_r16, `organization`.`creator_org_size` AS t2_r17, `organization`.`trial_ends_at` AS t2_r18, `organization`.`creator_source` AS t2_r19, `organization`.`creator_why` AS t2_r20, `organization_settings`.`id` AS t3_r0, `organization_settings`.`key` AS t3_r1, `organization_settings`.`value` AS t3_r2, `organization_settings`.`organization_id` AS t3_r3, `organization_settings`.`created_at` AS t3_r4, `organization_settings`.`updated_at` AS t3_r5 FROM `organization_memberships` INNER JOIN `organizations` `organization` ON `organization`.`id` = `organization_memberships`.`organization_id` LEFT OUTER JOIN `organization_settings` ON `organization_settings`.`key` = 'enforce_two_factor_authentication' AND `organization_settings`.`organization_id` = `organization`.`id` LEFT OUTER JOIN `organization_membership_statuses` ON `organization_membership_statuses`.`id` = `organization_memberships`.`latest_status_id` WHERE `organization_memberships`.`user_id` = 15 AND `organization_memberships`.`discarded_at` IS NULL AND `organization`.`slug` = 'cosyland' LIMIT 1 /*action='show',application='CampsiteApi',controller='dms'*/[0m
[1;38;5;2mapi-web           [0m |   [1m[36mUser Load (10.7ms)[0m  [1m[34mSELECT `users`.* FROM `users` WHERE `users`.`id` = 15 ORDER BY `users`.`id` ASC LIMIT 1 /*action='create',application='CampsiteApi',controller='auths'*/[0m
[1;38;5;2mapi-web           [0m |   ↳ app/controllers/concerns/current_attributable.rb:17:in `set_current_user'
[1;38;5;2mapi-web           [0m |   [1m[36mUser Load (4.9ms)[0m  [1m[34mSELECT `users`.* FROM `users` WHERE `users`.`id` = 15 ORDER BY `users`.`id` ASC LIMIT 1 /*action='show',application='CampsiteApi',controller='organization_members'*/[0m
[1;38;5;2mapi-web           [0m |   ↳ app/controllers/api/v1/base_controller.rb:110:in `current_organization_membership'
[1;38;5;2mapi-web           [0m |   ↳ app/controllers/concerns/current_attributable.rb:17:in `set_current_user'
[1;38;5;2mapi-web           [0m |   [1m[35mSQL (1.2ms)[0m  [1m[34mSELECT `organization_memberships`.`id` AS t0_r0, `organization_memberships`.`public_id` AS t0_r1, `organization_memberships`.`organization_id` AS t0_r2, `organization_memberships`.`user_id` AS t0_r3, `organization_memberships`.`created_at` AS t0_r4, `organization_memberships`.`updated_at` AS t0_r5, `organization_memberships`.`discarded_at` AS t0_r6, `organization_memberships`.`last_seen_at` AS t0_r7, `organization_memberships`.`role_name` AS t0_r8, `organization_memberships`.`latest_status_id` AS t0_r9, `organization_memberships`.`position` AS t0_r10, `organization_memberships`.`last_viewed_posts_at` AS t0_r11, `organization_memberships`.`home_last_seen_at` AS t0_r12, `organization_memberships`.`activity_last_seen_at` AS t0_r13, `organization_membership_statuses`.`id` AS t1_r0, `organization_membership_statuses`.`message` AS t1_r1, `organization_membership_statuses`.`emoji` AS t1_r2, `organization_membership_statuses`.`expires_at` AS t1_r3, `organization_membership_statuses`.`organization_membership_id` AS t1_r4, `organization_membership_statuses`.`created_at` AS t1_r5, `organization_membership_statuses`.`updated_at` AS t1_r6, `organization_membership_statuses`.`expiration_setting` AS t1_r7, `organization_membership_statuses`.`pause_notifications` AS t1_r8, `organization`.`id` AS t2_r0, `organization`.`public_id` AS t2_r1, `organization`.`name` AS t2_r2, `organization`.`slug` AS t2_r3, `organization`.`email_domain` AS t2_r4, `organization`.`billing_email` AS t2_r5, `organization`.`avatar_path` AS t2_r6, `organization`.`slack_channel_id` AS t2_r7, `organization`.`invite_token` AS t2_r8, `organization`.`creator_id` AS t2_r9, `organization`.`onboarded_at` AS t2_r10, `organization`.`created_at` AS t2_r11, `organization`.`updated_at` AS t2_r12, `organization`.`plan_name` AS t2_r13, `organization`.`member_count` AS t2_r14, `organization`.`demo` AS t2_r15, `organization`.`creator_role` AS t2_r16, `organization`.`creator_org_size` AS t2_r17, `organization`.`trial_ends_at` AS t2_r18, `organization`.`creator_source` AS t2_r19, `organization`.`creator_why` AS t2_r20, `organization_settings`.`id` AS t3_r0, `organization_settings`.`key` AS t3_r1, `organization_settings`.`value` AS t3_r2, `organization_settings`.`organization_id` AS t3_r3, `organization_settings`.`created_at` AS t3_r4, `organization_settings`.`updated_at` AS t3_r5 FROM `organization_memberships` INNER JOIN `organizations` `organization` ON `organization`.`id` = `organization_memberships`.`organization_id` LEFT OUTER JOIN `organization_settings` ON `organization_settings`.`key` = 'enforce_two_factor_authentication' AND `organization_settings`.`organization_id` = `organization`.`id` LEFT OUTER JOIN `organization_membership_statuses` ON `organization_membership_statuses`.`id` = `organization_memberships`.`latest_status_id` WHERE `organization_memberships`.`user_id` = 15 AND `organization_memberships`.`discarded_at` IS NULL AND `organization`.`slug` IS NULL LIMIT 1 /*action='create',application='CampsiteApi',controller='auths'*/[0m
[1;38;5;2mapi-web           [0m |   ↳ app/controllers/api/v1/base_controller.rb:110:in `current_organization_membership'
[1;38;5;2mapi-web           [0m |   [1m[35mSQL (2.0ms)[0m  [1m[34mSELECT `organization_memberships`.`id` AS t0_r0, `organization_memberships`.`public_id` AS t0_r1, `organization_memberships`.`organization_id` AS t0_r2, `organization_memberships`.`user_id` AS t0_r3, `organization_memberships`.`created_at` AS t0_r4, `organization_memberships`.`updated_at` AS t0_r5, `organization_memberships`.`discarded_at` AS t0_r6, `organization_memberships`.`last_seen_at` AS t0_r7, `organization_memberships`.`role_name` AS t0_r8, `organization_memberships`.`latest_status_id` AS t0_r9, `organization_memberships`.`position` AS t0_r10, `organization_memberships`.`last_viewed_posts_at` AS t0_r11, `organization_memberships`.`home_last_seen_at` AS t0_r12, `organization_memberships`.`activity_last_seen_at` AS t0_r13, `organization_membership_statuses`.`id` AS t1_r0, `organization_membership_statuses`.`message` AS t1_r1, `organization_membership_statuses`.`emoji` AS t1_r2, `organization_membership_statuses`.`expires_at` AS t1_r3, `organization_membership_statuses`.`organization_membership_id` AS t1_r4, `organization_membership_statuses`.`created_at` AS t1_r5, `organization_membership_statuses`.`updated_at` AS t1_r6, `organization_membership_statuses`.`expiration_setting` AS t1_r7, `organization_membership_statuses`.`pause_notifications` AS t1_r8, `organization`.`id` AS t2_r0, `organization`.`public_id` AS t2_r1, `organization`.`name` AS t2_r2, `organization`.`slug` AS t2_r3, `organization`.`email_domain` AS t2_r4, `organization`.`billing_email` AS t2_r5, `organization`.`avatar_path` AS t2_r6, `organization`.`slack_channel_id` AS t2_r7, `organization`.`invite_token` AS t2_r8, `organization`.`creator_id` AS t2_r9, `organization`.`onboarded_at` AS t2_r10, `organization`.`created_at` AS t2_r11, `organization`.`updated_at` AS t2_r12, `organization`.`plan_name` AS t2_r13, `organization`.`member_count` AS t2_r14, `organization`.`demo` AS t2_r15, `organization`.`creator_role` AS t2_r16, `organization`.`creator_org_size` AS t2_r17, `organization`.`trial_ends_at` AS t2_r18, `organization`.`creator_source` AS t2_r19, `organization`.`creator_why` AS t2_r20, `organization_settings`.`id` AS t3_r0, `organization_settings`.`key` AS t3_r1, `organization_settings`.`value` AS t3_r2, `organization_settings`.`organization_id` AS t3_r3, `organization_settings`.`created_at` AS t3_r4, `organization_settings`.`updated_at` AS t3_r5 FROM `organization_memberships` INNER JOIN `organizations` `organization` ON `organization`.`id` = `organization_memberships`.`organization_id` LEFT OUTER JOIN `organization_settings` ON `organization_settings`.`key` = 'enforce_two_factor_authentication' AND `organization_settings`.`organization_id` = `organization`.`id` LEFT OUTER JOIN `organization_membership_statuses` ON `organization_membership_statuses`.`id` = `organization_memberships`.`latest_status_id` WHERE `organization_memberships`.`user_id` = 15 AND `organization_memberships`.`discarded_at` IS NULL AND `organization`.`slug` = 'cosyland' LIMIT 1 /*action='index',application='CampsiteApi',controller='organization_membership_requests'*/[0m
[1;38;5;2mapi-web           [0m |   ↳ app/controllers/api/v1/base_controller.rb:110:in `current_organization_membership'
[1;38;5;2mapi-web           [0m |   [1m[35mCACHE SQL (0.4ms)[0m  [1m[34mSELECT `organization_memberships`.`id` AS t0_r0, `organization_memberships`.`public_id` AS t0_r1, `organization_memberships`.`organization_id` AS t0_r2, `organization_memberships`.`user_id` AS t0_r3, `organization_memberships`.`created_at` AS t0_r4, `organization_memberships`.`updated_at` AS t0_r5, `organization_memberships`.`discarded_at` AS t0_r6, `organization_memberships`.`last_seen_at` AS t0_r7, `organization_memberships`.`role_name` AS t0_r8, `organization_memberships`.`latest_status_id` AS t0_r9, `organization_memberships`.`position` AS t0_r10, `organization_memberships`.`last_viewed_posts_at` AS t0_r11, `organization_memberships`.`home_last_seen_at` AS t0_r12, `organization_memberships`.`activity_last_seen_at` AS t0_r13, `organization_membership_statuses`.`id` AS t1_r0, `organization_membership_statuses`.`message` AS t1_r1, `organization_membership_statuses`.`emoji` AS t1_r2, `organization_membership_statuses`.`expires_at` AS t1_r3, `organization_membership_statuses`.`organization_membership_id` AS t1_r4, `organization_membership_statuses`.`created_at` AS t1_r5, `organization_membership_statuses`.`updated_at` AS t1_r6, `organization_membership_statuses`.`expiration_setting` AS t1_r7, `organization_membership_statuses`.`pause_notifications` AS t1_r8, `organization`.`id` AS t2_r0, `organization`.`public_id` AS t2_r1, `organization`.`name` AS t2_r2, `organization`.`slug` AS t2_r3, `organization`.`email_domain` AS t2_r4, `organization`.`billing_email` AS t2_r5, `organization`.`avatar_path` AS t2_r6, `organization`.`slack_channel_id` AS t2_r7, `organization`.`invite_token` AS t2_r8, `organization`.`creator_id` AS t2_r9, `organization`.`onboarded_at` AS t2_r10, `organization`.`created_at` AS t2_r11, `organization`.`updated_at` AS t2_r12, `organization`.`plan_name` AS t2_r13, `organization`.`member_count` AS t2_r14, `organization`.`demo` AS t2_r15, `organization`.`creator_role` AS t2_r16, `organization`.`creator_org_size` AS t2_r17, `organization`.`trial_ends_at` AS t2_r18, `organization`.`creator_source` AS t2_r19, `organization`.`creator_why` AS t2_r20, `organization_settings`.`id` AS t3_r0, `organization_settings`.`key` AS t3_r1, `organization_settings`.`value` AS t3_r2, `organization_settings`.`organization_id` AS t3_r3, `organization_settings`.`created_at` AS t3_r4, `organization_settings`.`updated_at` AS t3_r5 FROM `organization_memberships` INNER JOIN `organizations` `organization` ON `organization`.`id` = `organization_memberships`.`organization_id` LEFT OUTER JOIN `organization_settings` ON `organization_settings`.`key` = 'enforce_two_factor_authentication' AND `organization_settings`.`organization_id` = `organization`.`id` LEFT OUTER JOIN `organization_membership_statuses` ON `organization_membership_statuses`.`id` = `organization_memberships`.`latest_status_id` WHERE `organization_memberships`.`user_id` = 15 AND `organization_memberships`.`discarded_at` IS NULL AND `organization`.`slug` IS NULL LIMIT 1[0m
[1;38;5;2mapi-web           [0m |   ↳ app/controllers/api/v1/base_controller.rb:110:in `current_organization_membership'
[1;38;5;2mapi-web           [0m |   [1m[36mUser Exists? (2.7ms)[0m  [1m[34mSELECT 1 AS one FROM `users` INNER JOIN `organization_memberships` ON `users`.`id` = `organization_memberships`.`user_id` WHERE `organization_memberships`.`organization_id` = 3 AND `organization_memberships`.`discarded_at` IS NULL AND `users`.`id` = 15 LIMIT 1 /*action='show',application='CampsiteApi',controller='dms'*/[0m
[1;38;5;2mapi-web           [0m | Completed 200 OK in 21ms (Views: 0.1ms | ActiveRecord: 13.2ms (3 queries, 1 cached) | GC: 0.0ms)
[1;38;5;2mapi-web           [0m | 
[1;38;5;2mapi-web           [0m | 
[1;38;5;2mapi-web           [0m |   [1m[35mSQL (3.4ms)[0m  [1m[34mSELECT `organization_memberships`.`id` AS t0_r0, `organization_memberships`.`public_id` AS t0_r1, `organization_memberships`.`organization_id` AS t0_r2, `organization_memberships`.`user_id` AS t0_r3, `organization_memberships`.`created_at` AS t0_r4, `organization_memberships`.`updated_at` AS t0_r5, `organization_memberships`.`discarded_at` AS t0_r6, `organization_memberships`.`last_seen_at` AS t0_r7, `organization_memberships`.`role_name` AS t0_r8, `organization_memberships`.`latest_status_id` AS t0_r9, `organization_memberships`.`position` AS t0_r10, `organization_memberships`.`last_viewed_posts_at` AS t0_r11, `organization_memberships`.`home_last_seen_at` AS t0_r12, `organization_memberships`.`activity_last_seen_at` AS t0_r13, `organization_membership_statuses`.`id` AS t1_r0, `organization_membership_statuses`.`message` AS t1_r1, `organization_membership_statuses`.`emoji` AS t1_r2, `organization_membership_statuses`.`expires_at` AS t1_r3, `organization_membership_statuses`.`organization_membership_id` AS t1_r4, `organization_membership_statuses`.`created_at` AS t1_r5, `organization_membership_statuses`.`updated_at` AS t1_r6, `organization_membership_statuses`.`expiration_setting` AS t1_r7, `organization_membership_statuses`.`pause_notifications` AS t1_r8, `organization`.`id` AS t2_r0, `organization`.`public_id` AS t2_r1, `organization`.`name` AS t2_r2, `organization`.`slug` AS t2_r3, `organization`.`email_domain` AS t2_r4, `organization`.`billing_email` AS t2_r5, `organization`.`avatar_path` AS t2_r6, `organization`.`slack_channel_id` AS t2_r7, `organization`.`invite_token` AS t2_r8, `organization`.`creator_id` AS t2_r9, `organization`.`onboarded_at` AS t2_r10, `organization`.`created_at` AS t2_r11, `organization`.`updated_at` AS t2_r12, `organization`.`plan_name` AS t2_r13, `organization`.`member_count` AS t2_r14, `organization`.`demo` AS t2_r15, `organization`.`creator_role` AS t2_r16, `organization`.`creator_org_size` AS t2_r17, `organization`.`trial_ends_at` AS t2_r18, `organization`.`creator_source` AS t2_r19, `organization`.`creator_why` AS t2_r20, `organization_settings`.`id` AS t3_r0, `organization_settings`.`key` AS t3_r1, `organization_settings`.`value` AS t3_r2, `organization_settings`.`organization_id` AS t3_r3, `organization_settings`.`created_at` AS t3_r4, `organization_settings`.`updated_at` AS t3_r5 FROM `organization_memberships` INNER JOIN `organizations` `organization` ON `organization`.`id` = `organization_memberships`.`organization_id` LEFT OUTER JOIN `organization_settings` ON `organization_settings`.`key` = 'enforce_two_factor_authentication' AND `organization_settings`.`organization_id` = `organization`.`id` LEFT OUTER JOIN `organization_membership_statuses` ON `organization_membership_statuses`.`id` = `organization_memberships`.`latest_status_id` WHERE `organization_memberships`.`user_id` = 15 AND `organization_memberships`.`discarded_at` IS NULL AND `organization`.`slug` = 'cosyland' LIMIT 1 /*action='show',application='CampsiteApi',controller='organization_members'*/[0m
[1;38;5;2mapi-web           [0m |   ↳ app/policies/organization_policy.rb:200:in `org_member?'
[1;38;5;2mapi-web           [0m |   ↳ app/controllers/api/v1/base_controller.rb:110:in `current_organization_membership'
[1;38;5;2mapi-web           [0m | Processing by Api::V1::Pusher::AuthsController#create as JSON
[1;38;5;2mapi-web           [0m |   Parameters: {"socket_id"=>"58127.223171", "channel_name"=>"presence-organization-cosyland"}
[1;38;5;2mapi-web           [0m |   [1m[36mUser Load (0.9ms)[0m  [1m[34mSELECT `users`.* FROM `users` WHERE `users`.`id` = 15 ORDER BY `users`.`id` ASC LIMIT 1 /*action='create',application='CampsiteApi',controller='auths'*/[0m
[1;38;5;2mapi-web           [0m |   ↳ app/controllers/concerns/current_attributable.rb:17:in `set_current_user'
[1;38;5;2mapi-web           [0m |   [1m[35mSQL (0.8ms)[0m  [1m[34mSELECT `organization_memberships`.`id` AS t0_r0, `organization_memberships`.`public_id` AS t0_r1, `organization_memberships`.`organization_id` AS t0_r2, `organization_memberships`.`user_id` AS t0_r3, `organization_memberships`.`created_at` AS t0_r4, `organization_memberships`.`updated_at` AS t0_r5, `organization_memberships`.`discarded_at` AS t0_r6, `organization_memberships`.`last_seen_at` AS t0_r7, `organization_memberships`.`role_name` AS t0_r8, `organization_memberships`.`latest_status_id` AS t0_r9, `organization_memberships`.`position` AS t0_r10, `organization_memberships`.`last_viewed_posts_at` AS t0_r11, `organization_memberships`.`home_last_seen_at` AS t0_r12, `organization_memberships`.`activity_last_seen_at` AS t0_r13, `organization_membership_statuses`.`id` AS t1_r0, `organization_membership_statuses`.`message` AS t1_r1, `organization_membership_statuses`.`emoji` AS t1_r2, `organization_membership_statuses`.`expires_at` AS t1_r3, `organization_membership_statuses`.`organization_membership_id` AS t1_r4, `organization_membership_statuses`.`created_at` AS t1_r5, `organization_membership_statuses`.`updated_at` AS t1_r6, `organization_membership_statuses`.`expiration_setting` AS t1_r7, `organization_membership_statuses`.`pause_notifications` AS t1_r8, `organization`.`id` AS t2_r0, `organization`.`public_id` AS t2_r1, `organization`.`name` AS t2_r2, `organization`.`slug` AS t2_r3, `organization`.`email_domain` AS t2_r4, `organization`.`billing_email` AS t2_r5, `organization`.`avatar_path` AS t2_r6, `organization`.`slack_channel_id` AS t2_r7, `organization`.`invite_token` AS t2_r8, `organization`.`creator_id` AS t2_r9, `organization`.`onboarded_at` AS t2_r10, `organization`.`created_at` AS t2_r11, `organization`.`updated_at` AS t2_r12, `organization`.`plan_name` AS t2_r13, `organization`.`member_count` AS t2_r14, `organization`.`demo` AS t2_r15, `organization`.`creator_role` AS t2_r16, `organization`.`creator_org_size` AS t2_r17, `organization`.`trial_ends_at` AS t2_r18, `organization`.`creator_source` AS t2_r19, `organization`.`creator_why` AS t2_r20, `organization_settings`.`id` AS t3_r0, `organization_settings`.`key` AS t3_r1, `organization_settings`.`value` AS t3_r2, `organization_settings`.`organization_id` AS t3_r3, `organization_settings`.`created_at` AS t3_r4, `organization_settings`.`updated_at` AS t3_r5 FROM `organization_memberships` INNER JOIN `organizations` `organization` ON `organization`.`id` = `organization_memberships`.`organization_id` LEFT OUTER JOIN `organization_settings` ON `organization_settings`.`key` = 'enforce_two_factor_authentication' AND `organization_settings`.`organization_id` = `organization`.`id` LEFT OUTER JOIN `organization_membership_statuses` ON `organization_membership_statuses`.`id` = `organization_memberships`.`latest_status_id` WHERE `organization_memberships`.`user_id` = 15 AND `organization_memberships`.`discarded_at` IS NULL AND `organization`.`slug` IS NULL LIMIT 1 /*action='create',application='CampsiteApi',controller='auths'*/[0m
[1;38;5;2mapi-web           [0m |   ↳ app/controllers/api/v1/base_controller.rb:110:in `current_organization_membership'
[1;38;5;2mapi-web           [0m |   [1m[36mUser Exists? (8.6ms)[0m  [1m[34mSELECT 1 AS one FROM `users` INNER JOIN `organization_memberships` ON `users`.`id` = `organization_memberships`.`user_id` WHERE `organization_memberships`.`organization_id` = 3 AND `organization_memberships`.`role_name` = 'admin' AND `organization_memberships`.`discarded_at` IS NULL AND `users`.`id` = 15 LIMIT 1 /*action='index',application='CampsiteApi',controller='organization_membership_requests'*/[0m
[1;38;5;2mapi-web           [0m |   [1m[35mCACHE SQL (0.4ms)[0m  [1m[34mSELECT `organization_memberships`.`id` AS t0_r0, `organization_memberships`.`public_id` AS t0_r1, `organization_memberships`.`organization_id` AS t0_r2, `organization_memberships`.`user_id` AS t0_r3, `organization_memberships`.`created_at` AS t0_r4, `organization_memberships`.`updated_at` AS t0_r5, `organization_memberships`.`discarded_at` AS t0_r6, `organization_memberships`.`last_seen_at` AS t0_r7, `organization_memberships`.`role_name` AS t0_r8, `organization_memberships`.`latest_status_id` AS t0_r9, `organization_memberships`.`position` AS t0_r10, `organization_memberships`.`last_viewed_posts_at` AS t0_r11, `organization_memberships`.`home_last_seen_at` AS t0_r12, `organization_memberships`.`activity_last_seen_at` AS t0_r13, `organization_membership_statuses`.`id` AS t1_r0, `organization_membership_statuses`.`message` AS t1_r1, `organization_membership_statuses`.`emoji` AS t1_r2, `organization_membership_statuses`.`expires_at` AS t1_r3, `organization_membership_statuses`.`organization_membership_id` AS t1_r4, `organization_membership_statuses`.`created_at` AS t1_r5, `organization_membership_statuses`.`updated_at` AS t1_r6, `organization_membership_statuses`.`expiration_setting` AS t1_r7, `organization_membership_statuses`.`pause_notifications` AS t1_r8, `organization`.`id` AS t2_r0, `organization`.`public_id` AS t2_r1, `organization`.`name` AS t2_r2, `organization`.`slug` AS t2_r3, `organization`.`email_domain` AS t2_r4, `organization`.`billing_email` AS t2_r5, `organization`.`avatar_path` AS t2_r6, `organization`.`slack_channel_id` AS t2_r7, `organization`.`invite_token` AS t2_r8, `organization`.`creator_id` AS t2_r9, `organization`.`onboarded_at` AS t2_r10, `organization`.`created_at` AS t2_r11, `organization`.`updated_at` AS t2_r12, `organization`.`plan_name` AS t2_r13, `organization`.`member_count` AS t2_r14, `organization`.`demo` AS t2_r15, `organization`.`creator_role` AS t2_r16, `organization`.`creator_org_size` AS t2_r17, `organization`.`trial_ends_at` AS t2_r18, `organization`.`creator_source` AS t2_r19, `organization`.`creator_why` AS t2_r20, `organization_settings`.`id` AS t3_r0, `organization_settings`.`key` AS t3_r1, `organization_settings`.`value` AS t3_r2, `organization_settings`.`organization_id` AS t3_r3, `organization_settings`.`created_at` AS t3_r4, `organization_settings`.`updated_at` AS t3_r5 FROM `organization_memberships` INNER JOIN `organizations` `organization` ON `organization`.`id` = `organization_memberships`.`organization_id` LEFT OUTER JOIN `organization_settings` ON `organization_settings`.`key` = 'enforce_two_factor_authentication' AND `organization_settings`.`organization_id` = `organization`.`id` LEFT OUTER JOIN `organization_membership_statuses` ON `organization_membership_statuses`.`id` = `organization_memberships`.`latest_status_id` WHERE `organization_memberships`.`user_id` = 15 AND `organization_memberships`.`discarded_at` IS NULL AND `organization`.`slug` IS NULL LIMIT 1[0m
[1;38;5;2mapi-web           [0m |   [1m[35mSQL (2.5ms)[0m  [1m[34mSELECT `organization_memberships`.`id` AS t0_r0, `organization_memberships`.`public_id` AS t0_r1, `organization_memberships`.`organization_id` AS t0_r2, `organization_memberships`.`user_id` AS t0_r3, `organization_memberships`.`created_at` AS t0_r4, `organization_memberships`.`updated_at` AS t0_r5, `organization_memberships`.`discarded_at` AS t0_r6, `organization_memberships`.`last_seen_at` AS t0_r7, `organization_memberships`.`role_name` AS t0_r8, `organization_memberships`.`latest_status_id` AS t0_r9, `organization_memberships`.`position` AS t0_r10, `organization_memberships`.`last_viewed_posts_at` AS t0_r11, `organization_memberships`.`home_last_seen_at` AS t0_r12, `organization_memberships`.`activity_last_seen_at` AS t0_r13, `user`.`id` AS t1_r0, `user`.`username` AS t1_r1, `user`.`name` AS t1_r2, `user`.`public_id` AS t1_r3, `user`.`avatar_path` AS t1_r4, `user`.`email` AS t1_r5, `user`.`encrypted_password` AS t1_r6, `user`.`reset_password_token` AS t1_r7, `user`.`reset_password_sent_at` AS t1_r8, `user`.`remember_created_at` AS t1_r9, `user`.`confirmation_token` AS t1_r10, `user`.`confirmed_at` AS t1_r11, `user`.`confirmation_sent_at` AS t1_r12, `user`.`unconfirmed_email` AS t1_r13, `user`.`omniauth_provider` AS t1_r14, `user`.`omniauth_uid` AS t1_r15, `user`.`onboarded_at` AS t1_r16, `user`.`created_at` AS t1_r17, `user`.`updated_at` AS t1_r18, `user`.`cover_photo_path` AS t1_r19, `user`.`login_token` AS t1_r20, `user`.`login_token_expires_at` AS t1_r21, `user`.`consumed_timestep` AS t1_r22, `user`.`otp_backup_codes` AS t1_r23, `user`.`otp_enabled` AS t1_r24, `user`.`otp_secret` AS t1_r25, `user`.`last_seen_at` AS t1_r26, `user`.`login_token_sso_id` AS t1_r27, `user`.`scheduled_email_notifications_from` AS t1_r28, `user`.`demo` AS t1_r29, `user`.`staff` AS t1_r30, `user`.`referrer` AS t1_r31, `user`.`landing_url` AS t1_r32, `user`.`notification_pause_expires_at` AS t1_r33, `user`.`preferred_timezone` AS t1_r34, `user`.`notifications_paused_at` AS t1_r35, `organization_membership_statuses`.`id` AS t2_r0, `organization_membership_statuses`.`message` AS t2_r1, `organization_membership_statuses`.`emoji` AS t2_r2, `organization_membership_statuses`.`expires_at` AS t2_r3, `organization_membership_statuses`.`organization_membership_id` AS t2_r4, `organization_membership_statuses`.`created_at` AS t2_r5, `organization_membership_statuses`.`updated_at` AS t2_r6, `organization_membership_statuses`.`expiration_setting` AS t2_r7, `organization_membership_statuses`.`pause_notifications` AS t2_r8 FROM `organization_memberships` LEFT OUTER JOIN `users` `user` ON `user`.`id` = `organization_memberships`.`user_id` LEFT OUTER JOIN `organization_membership_statuses` ON `organization_membership_statuses`.`id` = `organization_memberships`.`latest_status_id` WHERE `organization_memberships`.`organization_id` = 3 AND `user`.`username` = 'mahnaz' LIMIT 1 /*action='show',application='CampsiteApi',controller='organization_members'*/[0m
[1;38;5;2mapi-web           [0m |   ↳ app/models/organization.rb:159:in `admin?'
[1;38;5;2mapi-web           [0m |   [1m[35mSQL (5.4ms)[0m  [1m[34mSELECT DISTINCT `message_threads`.`id` FROM `message_threads` INNER JOIN `message_thread_memberships` ON `message_threads`.`id` = `message_thread_memberships`.`message_thread_id` INNER JOIN `message_thread_memberships` `memberships_message_threads_join` ON `memberships_message_threads_join`.`message_thread_id` = `message_threads`.`id` INNER JOIN `organization_memberships` ON `organization_memberships`.`id` = `memberships_message_threads_join`.`organization_membership_id` INNER JOIN `users` ON `users`.`id` = `organization_memberships`.`user_id` LEFT OUTER JOIN `call_rooms` ON `call_rooms`.`subject_type` = 'MessageThread' AND `call_rooms`.`subject_id` = `message_threads`.`id` LEFT OUTER JOIN `projects` ON `projects`.`message_thread_id` = `message_threads`.`id` LEFT OUTER JOIN `message_thread_memberships` `memberships_message_threads_join_2` ON `memberships_message_threads_join_2`.`message_thread_id` = `message_threads`.`id` LEFT OUTER JOIN `oauth_applications` ON `oauth_applications`.`id` = `memberships_message_threads_join_2`.`oauth_application_id` LEFT OUTER JOIN `calls` ON `calls`.`stopped_at` IS NULL AND `calls`.`call_room_id` = `call_rooms`.`id` LEFT OUTER JOIN `call_rooms` `rooms_calls` ON `rooms_calls`.`id` = `calls`.`call_room_id` LEFT OUTER JOIN `projects` `projects_calls` ON `projects_calls`.`id` = `calls`.`project_id` LEFT OUTER JOIN `follow_ups` ON `follow_ups`.`subject_type` = 'Call' AND `follow_ups`.`shown_at` IS NULL AND `follow_ups`.`subject_id` = `calls`.`id` LEFT OUTER JOIN `call_peers` ON `call_peers`.`call_id` = `calls`.`id` LEFT OUTER JOIN `users` `users_call_peers` ON `users_call_peers`.`id` = `call_peers`.`user_id` LEFT OUTER JOIN `organization_memberships` `organization_memberships_call_peers` ON `organization_memberships_call_peers`.`id` = `call_peers`.`organization_membership_id` LEFT OUTER JOIN `users` `users_organization_memberships` ON `users_organization_memberships`.`id` = `organization_memberships_call_peers`.`user_id` LEFT OUTER JOIN `organization_membership_statuses` ON `organization_membership_statuses`.`id` = `organization_memberships_call_peers`.`latest_status_id` LEFT OUTER JOIN `messages` ON `messages`.`id` = `message_threads`.`latest_message_id` LEFT OUTER JOIN `organization_memberships` `senders_messages` ON `senders_messages`.`id` = `messages`.`sender_id` LEFT OUTER JOIN `users` `users_organization_memberships_2` ON `users_organization_memberships_2`.`id` = `senders_messages`.`user_id` LEFT OUTER JOIN `organization_membership_statuses` `latest_statuses_organization_memberships` ON `latest_statuses_organization_memberships`.`id` = `senders_messages`.`latest_status_id` LEFT OUTER JOIN `organization_memberships` `organization_memberships_message_threads` ON `organization_memberships_message_threads`.`id` = `memberships_message_threads_join_2`.`organization_membership_id` LEFT OUTER JOIN `users` `users_organization_memberships_3` ON `users_organization_memberships_3`.`id` = `organization_memberships_message_threads`.`user_id` LEFT OUTER JOIN `organization_membership_statuses` `latest_statuses_organization_memberships_2` ON `latest_statuses_organization_memberships_2`.`id` = `organization_memberships_message_threads`.`latest_status_id` WHERE `message_thread_memberships`.`organization_membership_id` = 15 AND `message_threads`.`group` = FALSE AND `users`.`username` = 'mahnaz' LIMIT 1 /*action='show',application='CampsiteApi',controller='dms'*/[0m
[1;38;5;2mapi-web           [0m |   ↳ app/controllers/api/v1/organization_members_controller.rb:48:in `show'
[1;38;5;2mapi-web           [0m |   ↳ app/controllers/api/v1/base_controller.rb:110:in `current_organization_membership'
[1;38;5;2mapi-web           [0m |   ↳ app/controllers/api/v1/message_threads/dms_controller.rb:19:in `show'
[1;38;5;2mapi-web           [0m | Completed 200 OK in 36ms (Views: 0.1ms | ActiveRecord: 10.0ms (4 queries, 0 cached) | GC: 1.3ms)
[1;38;5;2mapi-web           [0m | 
[1;38;5;2mapi-web           [0m | 
[1;38;5;2mapi-web           [0m | Started GET "/v1/organizations/cosyland/sync/projects" for 87.75.141.139 at 2025-01-24 00:34:26 +0100
[1;38;5;2mapi-web           [0m | Cannot render console from 172.68.205.201! Allowed networks: 127.0.0.0/127.255.255.255, ::1
[1;38;5;2mapi-web           [0m |   [1m[36mOrganizationMembership Load (3.9ms)[0m  [1m[34mSELECT `organization_memberships`.* FROM `organization_memberships` WHERE `organization_memberships`.`organization_id` = 3 AND `organization_memberships`.`discarded_at` IS NULL AND `organization_memberships`.`user_id` = 15 LIMIT 1 /*action='show',application='CampsiteApi',controller='organization_members'*/[0m
[1;38;5;2mapi-web           [0m | Started GET "/v1/organizations/cosyland/integrations/linear/installation" for 87.75.141.139 at 2025-01-24 00:34:26 +0100
[1;38;5;2mapi-web           [0m |   ↳ app/policies/organization_membership_policy.rb:73:in `organization_membership'
[1;38;5;2mapi-web           [0m | Cannot render console from 172.68.205.201! Allowed networks: 127.0.0.0/127.255.255.255, ::1
[1;38;5;2mapi-web           [0m | Completed 200 OK in 37ms (Views: 0.1ms | ActiveRecord: 12.5ms (4 queries, 0 cached) | GC: 1.3ms)
[1;38;5;2mapi-web           [0m | 
[1;38;5;2mapi-web           [0m | 
[1;38;5;2mapi-web           [0m |   [1m[36mOrganization Load (4.4ms)[0m  [1m[34mSELECT `organizations`.* FROM `organizations` WHERE `organizations`.`slug` = 'cosyland' LIMIT 1 /*action='create',application='CampsiteApi',controller='auths'*/[0m
[1;38;5;2mapi-web           [0m |   ↳ app/controllers/api/v1/pusher/auths_controller.rb:41:in `authorize'
[1;38;5;2mapi-web           [0m |   [1m[36mOrganizationMembershipRequest Load (4.2ms)[0m  [1m[34mSELECT `organization_membership_requests`.* FROM `organization_membership_requests` WHERE `organization_membership_requests`.`organization_id` = 3 ORDER BY organization_membership_requests.id desc LIMIT 51 /*action='index',application='CampsiteApi',controller='organization_membership_requests'*/[0m
[1;38;5;2mapi-web           [0m |   ↳ lib/cursor_pagination.rb:67:in `run'
[1;38;5;2mapi-web           [0m | Completed 200 OK in 45ms (Views: 0.1ms | ActiveRecord: 23.9ms (4 queries, 0 cached) | GC: 1.6ms)
[1;38;5;2mapi-web           [0m | 
[1;38;5;2mapi-web           [0m | 
[1;38;5;2mapi-web           [0m | Started GET "/v1/organizations/cosyland/members/faiz" for 87.75.141.139 at 2025-01-24 00:34:26 +0100
[1;38;5;2mapi-web           [0m | Cannot render console from 172.68.205.200! Allowed networks: 127.0.0.0/127.255.255.255, ::1
[1;38;5;2mapi-web           [0m |   [1m[36mUser Exists? (2.1ms)[0m  [1m[34mSELECT 1 AS one FROM `users` INNER JOIN `organization_memberships` ON `users`.`id` = `organization_memberships`.`user_id` WHERE `organization_memberships`.`organization_id` = 3 AND `organization_memberships`.`discarded_at` IS NULL AND `users`.`id` = 15 LIMIT 1 /*action='create',application='CampsiteApi',controller='auths'*/[0m
[1;38;5;2mapi-web           [0m |   ↳ app/models/organization.rb:165:in `member?'
[1;38;5;2mapi-web           [0m | Completed 200 OK in 27ms (Views: 0.1ms | ActiveRecord: 6.1ms (5 queries, 1 cached) | GC: 0.0ms)
[1;38;5;2mapi-web           [0m | 
[1;38;5;2mapi-web           [0m | 
[1;38;5;2mapi-web           [0m | Processing by Api::V1::Integrations::Linear::InstallationController#show as JSON
[1;38;5;2mapi-web           [0m |   Parameters: {"org_slug"=>"cosyland", "installation"=>{}}
[1;38;5;2mapi-web           [0m |   [1m[36mUser Load (0.9ms)[0m  [1m[34mSELECT `users`.* FROM `users` WHERE `users`.`id` = 15 ORDER BY `users`.`id` ASC LIMIT 1 /*action='show',application='CampsiteApi',controller='installation'*/[0m
[1;38;5;2mapi-web           [0m |   ↳ app/controllers/concerns/current_attributable.rb:17:in `set_current_user'
[1;38;5;2mapi-web           [0m |   [1m[35mSQL (1.1ms)[0m  [1m[34mSELECT `organization_memberships`.`id` AS t0_r0, `organization_memberships`.`public_id` AS t0_r1, `organization_memberships`.`organization_id` AS t0_r2, `organization_memberships`.`user_id` AS t0_r3, `organization_memberships`.`created_at` AS t0_r4, `organization_memberships`.`updated_at` AS t0_r5, `organization_memberships`.`discarded_at` AS t0_r6, `organization_memberships`.`last_seen_at` AS t0_r7, `organization_memberships`.`role_name` AS t0_r8, `organization_memberships`.`latest_status_id` AS t0_r9, `organization_memberships`.`position` AS t0_r10, `organization_memberships`.`last_viewed_posts_at` AS t0_r11, `organization_memberships`.`home_last_seen_at` AS t0_r12, `organization_memberships`.`activity_last_seen_at` AS t0_r13, `organization_membership_statuses`.`id` AS t1_r0, `organization_membership_statuses`.`message` AS t1_r1, `organization_membership_statuses`.`emoji` AS t1_r2, `organization_membership_statuses`.`expires_at` AS t1_r3, `organization_membership_statuses`.`organization_membership_id` AS t1_r4, `organization_membership_statuses`.`created_at` AS t1_r5, `organization_membership_statuses`.`updated_at` AS t1_r6, `organization_membership_statuses`.`expiration_setting` AS t1_r7, `organization_membership_statuses`.`pause_notifications` AS t1_r8, `organization`.`id` AS t2_r0, `organization`.`public_id` AS t2_r1, `organization`.`name` AS t2_r2, `organization`.`slug` AS t2_r3, `organization`.`email_domain` AS t2_r4, `organization`.`billing_email` AS t2_r5, `organization`.`avatar_path` AS t2_r6, `organization`.`slack_channel_id` AS t2_r7, `organization`.`invite_token` AS t2_r8, `organization`.`creator_id` AS t2_r9, `organization`.`onboarded_at` AS t2_r10, `organization`.`created_at` AS t2_r11, `organization`.`updated_at` AS t2_r12, `organization`.`plan_name` AS t2_r13, `organization`.`member_count` AS t2_r14, `organization`.`demo` AS t2_r15, `organization`.`creator_role` AS t2_r16, `organization`.`creator_org_size` AS t2_r17, `organization`.`trial_ends_at` AS t2_r18, `organization`.`creator_source` AS t2_r19, `organization`.`creator_why` AS t2_r20, `organization_settings`.`id` AS t3_r0, `organization_settings`.`key` AS t3_r1, `organization_settings`.`value` AS t3_r2, `organization_settings`.`organization_id` AS t3_r3, `organization_settings`.`created_at` AS t3_r4, `organization_settings`.`updated_at` AS t3_r5 FROM `organization_memberships` INNER JOIN `organizations` `organization` ON `organization`.`id` = `organization_memberships`.`organization_id` LEFT OUTER JOIN `organization_settings` ON `organization_settings`.`key` = 'enforce_two_factor_authentication' AND `organization_settings`.`organization_id` = `organization`.`id` LEFT OUTER JOIN `organization_membership_statuses` ON `organization_membership_statuses`.`id` = `organization_memberships`.`latest_status_id` WHERE `organization_memberships`.`user_id` = 15 AND `organization_memberships`.`discarded_at` IS NULL AND `organization`.`slug` = 'cosyland' LIMIT 1 /*action='show',application='CampsiteApi',controller='installation'*/[0m
[1;38;5;2mapi-web           [0m |   ↳ app/controllers/api/v1/base_controller.rb:110:in `current_organization_membership'
[1;38;5;2mapi-web           [0m |   [1m[36mUser Exists? (1.2ms)[0m  [1m[34mSELECT 1 AS one FROM `users` INNER JOIN `organization_memberships` ON `users`.`id` = `organization_memberships`.`user_id` WHERE `organization_memberships`.`organization_id` = 3 AND `organization_memberships`.`discarded_at` IS NULL AND `users`.`id` = 15 LIMIT 1 /*action='show',application='CampsiteApi',controller='installation'*/[0m
[1;38;5;2mapi-web           [0m |   ↳ app/policies/organization_policy.rb:200:in `org_member?'
[1;38;5;2mapi-web           [0m | Processing by Api::V1::Sync::ProjectsController#index as JSON
[1;38;5;2mapi-web           [0m |   Parameters: {"org_slug"=>"cosyland", "project"=>{}}
[1;38;5;2mapi-web           [0m |   [1m[36mUser Load (0.9ms)[0m  [1m[34mSELECT `users`.* FROM `users` WHERE `users`.`id` = 15 ORDER BY `users`.`id` ASC LIMIT 1 /*action='index',application='CampsiteApi',controller='projects'*/[0m
[1;38;5;2mapi-web           [0m |   ↳ app/controllers/concerns/current_attributable.rb:17:in `set_current_user'
[1;38;5;2mapi-web           [0m |   [1m[36mIntegration Load (1.1ms)[0m  [1m[34mSELECT `integrations`.* FROM `integrations` WHERE `integrations`.`owner_id` = 3 AND `integrations`.`owner_type` = 'Organization' AND `integrations`.`provider` = 'linear' LIMIT 1 /*action='show',application='CampsiteApi',controller='installation'*/[0m
[1;38;5;2mapi-web           [0m |   ↳ app/controllers/api/v1/integrations/linear/installation_controller.rb:14:in `show'
[1;38;5;2mapi-web           [0m | Completed 200 OK in 13ms (Views: 0.1ms | ActiveRecord: 2.0ms (4 queries, 0 cached) | GC: 0.0ms)
[1;38;5;2mapi-web           [0m | 
[1;38;5;2mapi-web           [0m | 
[1;38;5;2mapi-web           [0m |   [1m[35mSQL (1.1ms)[0m  [1m[34mSELECT `organization_memberships`.`id` AS t0_r0, `organization_memberships`.`public_id` AS t0_r1, `organization_memberships`.`organization_id` AS t0_r2, `organization_memberships`.`user_id` AS t0_r3, `organization_memberships`.`created_at` AS t0_r4, `organization_memberships`.`updated_at` AS t0_r5, `organization_memberships`.`discarded_at` AS t0_r6, `organization_memberships`.`last_seen_at` AS t0_r7, `organization_memberships`.`role_name` AS t0_r8, `organization_memberships`.`latest_status_id` AS t0_r9, `organization_memberships`.`position` AS t0_r10, `organization_memberships`.`last_viewed_posts_at` AS t0_r11, `organization_memberships`.`home_last_seen_at` AS t0_r12, `organization_memberships`.`activity_last_seen_at` AS t0_r13, `organization_membership_statuses`.`id` AS t1_r0, `organization_membership_statuses`.`message` AS t1_r1, `organization_membership_statuses`.`emoji` AS t1_r2, `organization_membership_statuses`.`expires_at` AS t1_r3, `organization_membership_statuses`.`organization_membership_id` AS t1_r4, `organization_membership_statuses`.`created_at` AS t1_r5, `organization_membership_statuses`.`updated_at` AS t1_r6, `organization_membership_statuses`.`expiration_setting` AS t1_r7, `organization_membership_statuses`.`pause_notifications` AS t1_r8, `organization`.`id` AS t2_r0, `organization`.`public_id` AS t2_r1, `organization`.`name` AS t2_r2, `organization`.`slug` AS t2_r3, `organization`.`email_domain` AS t2_r4, `organization`.`billing_email` AS t2_r5, `organization`.`avatar_path` AS t2_r6, `organization`.`slack_channel_id` AS t2_r7, `organization`.`invite_token` AS t2_r8, `organization`.`creator_id` AS t2_r9, `organization`.`onboarded_at` AS t2_r10, `organization`.`created_at` AS t2_r11, `organization`.`updated_at` AS t2_r12, `organization`.`plan_name` AS t2_r13, `organization`.`member_count` AS t2_r14, `organization`.`demo` AS t2_r15, `organization`.`creator_role` AS t2_r16, `organization`.`creator_org_size` AS t2_r17, `organization`.`trial_ends_at` AS t2_r18, `organization`.`creator_source` AS t2_r19, `organization`.`creator_why` AS t2_r20, `organization_settings`.`id` AS t3_r0, `organization_settings`.`key` AS t3_r1, `organization_settings`.`value` AS t3_r2, `organization_settings`.`organization_id` AS t3_r3, `organization_settings`.`created_at` AS t3_r4, `organization_settings`.`updated_at` AS t3_r5 FROM `organization_memberships` INNER JOIN `organizations` `organization` ON `organization`.`id` = `organization_memberships`.`organization_id` LEFT OUTER JOIN `organization_settings` ON `organization_settings`.`key` = 'enforce_two_factor_authentication' AND `organization_settings`.`organization_id` = `organization`.`id` LEFT OUTER JOIN `organization_membership_statuses` ON `organization_membership_statuses`.`id` = `organization_memberships`.`latest_status_id` WHERE `organization_memberships`.`user_id` = 15 AND `organization_memberships`.`discarded_at` IS NULL AND `organization`.`slug` = 'cosyland' LIMIT 1 /*action='index',application='CampsiteApi',controller='projects'*/[0m
[1;38;5;2mapi-web           [0m |   ↳ app/controllers/api/v1/base_controller.rb:110:in `current_organization_membership'
[1;38;5;2mapi-web           [0m |   [1m[36mUser Exists? (1.1ms)[0m  [1m[34mSELECT 1 AS one FROM `users` INNER JOIN `organization_memberships` ON `users`.`id` = `organization_memberships`.`user_id` WHERE `organization_memberships`.`organization_id` = 3 AND `organization_memberships`.`discarded_at` IS NULL AND `users`.`id` = 15 LIMIT 1 /*action='index',application='CampsiteApi',controller='projects'*/[0m
[1;38;5;2mapi-web           [0m |   ↳ app/policies/organization_policy.rb:200:in `org_member?'
[1;38;5;2mapi-web           [0m |   [1m[35mSQL (2.4ms)[0m  [1m[34mSELECT DISTINCT `projects`.`id` AS t0_r0, `projects`.`public_id` AS t0_r1, `projects`.`name` AS t0_r2, `projects`.`description` AS t0_r3, `projects`.`slack_channel_id` AS t0_r4, `projects`.`creator_id` AS t0_r5, `projects`.`organization_id` AS t0_r6, `projects`.`archived_at` AS t0_r7, `projects`.`archived_by_id` AS t0_r8, `projects`.`created_at` AS t0_r9, `projects`.`updated_at` AS t0_r10, `projects`.`posts_count` AS t0_r11, `projects`.`cover_photo_path` AS t0_r12, `projects`.`accessory` AS t0_r13, `projects`.`private` AS t0_r14, `projects`.`is_default` AS t0_r15, `projects`.`is_general` AS t0_r16, `projects`.`contributors_count` AS t0_r17, `projects`.`members_count` AS t0_r18, `projects`.`last_activity_at` AS t0_r19, `projects`.`personal` AS t0_r20, `projects`.`invite_token` AS t0_r21, `projects`.`guests_count` AS t0_r22, `projects`.`message_thread_id` AS t0_r23, `projects`.`display_reactions` AS t0_r24, `projects`.`display_attachments` AS t0_r25, `projects`.`display_comments` AS t0_r26, `projects`.`display_resolved` AS t0_r27, `message_threads`.`id` AS t1_r0, `message_threads`.`owner_id` AS t1_r1, `message_threads`.`public_id` AS t1_r2, `message_threads`.`title` AS t1_r3, `message_threads`.`last_message_at` AS t1_r4, `message_threads`.`latest_message_id` AS t1_r5, `message_threads`.`created_at` AS t1_r6, `message_threads`.`updated_at` AS t1_r7, `message_threads`.`members_count` AS t1_r8, `message_threads`.`image_path` AS t1_r9, `message_threads`.`group` AS t1_r10, `message_threads`.`discarded_at` AS t1_r11, `message_threads`.`notification_forced_at` AS t1_r12, `message_threads`.`owner_type` AS t1_r13 FROM `projects` LEFT OUTER JOIN `message_threads` ON `message_threads`.`id` = `projects`.`message_thread_id` WHERE `projects`.`organization_id` = 3 AND (`projects`.`private` = FALSE AND (EXISTS( SELECT 1 FROM organization_memberships WHERE organization_memberships.user_id = '15' AND organization_memberships.organization_id = projects.organization_id AND organization_memberships.discarded_at IS NULL AND organization_memberships.role_name in ('admin', 'member', 'viewer') LIMIT 1 )) OR (EXISTS (SELECT 1 FROM `project_memberships` INNER JOIN `organization_memberships` ON `organization_memberships`.`id` = `project_memberships`.`organization_membership_id` INNER JOIN `users` ON `users`.`id` = `organization_memberships`.`user_id` WHERE `project_memberships`.`discarded_at` IS NULL AND `users`.`id` = 15 AND `organization_memberships`.`discarded_at` IS NULL AND `project_memberships`.`project_id` = `projects`.`id`))) /*action='index',application='CampsiteApi',controller='projects'*/[0m
[1;38;5;2mapi-web           [0m |   ↳ app/serializers/api_serializer.rb:111:in `flatten'
[1;38;5;2mapi-web           [0m |   [1m[36mASYNC Post Load (0.7ms) (db time 1.3ms)[0m  [1m[34mSELECT `posts`.`project_id`, SUM(EXP(-DATEDIFF(NOW(), posts.created_at)/30)) AS _score FROM `posts` WHERE `posts`.`project_id` IN (14, 17, 18, 19, 20, 21, 22, 23, 24) AND `posts`.`organization_membership_id` = 15 AND `posts`.`discarded_at` IS NULL AND `posts`.`created_at` BETWEEN '2024-12-23 23:34:26.336262' AND '2025-01-23 23:34:26.336337' GROUP BY `posts`.`project_id` /*application='CampsiteApi'*/[0m
[1;38;5;2mapi-web           [0m |   ↳ app/models/project.rb:156:in `block in viewer_recent_posts_count_async'
[1;38;5;2mapi-web           [0m | Completed 200 OK in 23ms (Views: 0.1ms | ActiveRecord: 4.7ms (5 queries, 0 cached) | GC: 0.0ms)
[1;38;5;2mapi-web           [0m | 
[1;38;5;2mapi-web           [0m | 
[1;38;5;2mapi-web           [0m | Processing by Api::V1::OrganizationMembersController#show as JSON
[1;38;5;2mapi-web           [0m |   Parameters: {"org_slug"=>"cosyland", "username"=>"faiz", "organization_member"=>{}}
[1;38;5;2mapi-web           [0m |   [1m[36mUser Load (0.9ms)[0m  [1m[34mSELECT `users`.* FROM `users` WHERE `users`.`id` = 15 ORDER BY `users`.`id` ASC LIMIT 1 /*action='show',application='CampsiteApi',controller='organization_members'*/[0m
[1;38;5;2mapi-web           [0m |   ↳ app/controllers/concerns/current_attributable.rb:17:in `set_current_user'
[1;38;5;2mapi-web           [0m |   [1m[35mSQL (0.9ms)[0m  [1m[34mSELECT `organization_memberships`.`id` AS t0_r0, `organization_memberships`.`public_id` AS t0_r1, `organization_memberships`.`organization_id` AS t0_r2, `organization_memberships`.`user_id` AS t0_r3, `organization_memberships`.`created_at` AS t0_r4, `organization_memberships`.`updated_at` AS t0_r5, `organization_memberships`.`discarded_at` AS t0_r6, `organization_memberships`.`last_seen_at` AS t0_r7, `organization_memberships`.`role_name` AS t0_r8, `organization_memberships`.`latest_status_id` AS t0_r9, `organization_memberships`.`position` AS t0_r10, `organization_memberships`.`last_viewed_posts_at` AS t0_r11, `organization_memberships`.`home_last_seen_at` AS t0_r12, `organization_memberships`.`activity_last_seen_at` AS t0_r13, `organization_membership_statuses`.`id` AS t1_r0, `organization_membership_statuses`.`message` AS t1_r1, `organization_membership_statuses`.`emoji` AS t1_r2, `organization_membership_statuses`.`expires_at` AS t1_r3, `organization_membership_statuses`.`organization_membership_id` AS t1_r4, `organization_membership_statuses`.`created_at` AS t1_r5, `organization_membership_statuses`.`updated_at` AS t1_r6, `organization_membership_statuses`.`expiration_setting` AS t1_r7, `organization_membership_statuses`.`pause_notifications` AS t1_r8, `organization`.`id` AS t2_r0, `organization`.`public_id` AS t2_r1, `organization`.`name` AS t2_r2, `organization`.`slug` AS t2_r3, `organization`.`email_domain` AS t2_r4, `organization`.`billing_email` AS t2_r5, `organization`.`avatar_path` AS t2_r6, `organization`.`slack_channel_id` AS t2_r7, `organization`.`invite_token` AS t2_r8, `organization`.`creator_id` AS t2_r9, `organization`.`onboarded_at` AS t2_r10, `organization`.`created_at` AS t2_r11, `organization`.`updated_at` AS t2_r12, `organization`.`plan_name` AS t2_r13, `organization`.`member_count` AS t2_r14, `organization`.`demo` AS t2_r15, `organization`.`creator_role` AS t2_r16, `organization`.`creator_org_size` AS t2_r17, `organization`.`trial_ends_at` AS t2_r18, `organization`.`creator_source` AS t2_r19, `organization`.`creator_why` AS t2_r20, `organization_settings`.`id` AS t3_r0, `organization_settings`.`key` AS t3_r1, `organization_settings`.`value` AS t3_r2, `organization_settings`.`organization_id` AS t3_r3, `organization_settings`.`created_at` AS t3_r4, `organization_settings`.`updated_at` AS t3_r5 FROM `organization_memberships` INNER JOIN `organizations` `organization` ON `organization`.`id` = `organization_memberships`.`organization_id` LEFT OUTER JOIN `organization_settings` ON `organization_settings`.`key` = 'enforce_two_factor_authentication' AND `organization_settings`.`organization_id` = `organization`.`id` LEFT OUTER JOIN `organization_membership_statuses` ON `organization_membership_statuses`.`id` = `organization_memberships`.`latest_status_id` WHERE `organization_memberships`.`user_id` = 15 AND `organization_memberships`.`discarded_at` IS NULL AND `organization`.`slug` = 'cosyland' LIMIT 1 /*action='show',application='CampsiteApi',controller='organization_members'*/[0m
[1;38;5;2mapi-web           [0m |   ↳ app/controllers/api/v1/base_controller.rb:110:in `current_organization_membership'
[1;38;5;2mapi-web           [0m |   [1m[35mSQL (1.0ms)[0m  [1m[34mSELECT `organization_memberships`.`id` AS t0_r0, `organization_memberships`.`public_id` AS t0_r1, `organization_memberships`.`organization_id` AS t0_r2, `organization_memberships`.`user_id` AS t0_r3, `organization_memberships`.`created_at` AS t0_r4, `organization_memberships`.`updated_at` AS t0_r5, `organization_memberships`.`discarded_at` AS t0_r6, `organization_memberships`.`last_seen_at` AS t0_r7, `organization_memberships`.`role_name` AS t0_r8, `organization_memberships`.`latest_status_id` AS t0_r9, `organization_memberships`.`position` AS t0_r10, `organization_memberships`.`last_viewed_posts_at` AS t0_r11, `organization_memberships`.`home_last_seen_at` AS t0_r12, `organization_memberships`.`activity_last_seen_at` AS t0_r13, `user`.`id` AS t1_r0, `user`.`username` AS t1_r1, `user`.`name` AS t1_r2, `user`.`public_id` AS t1_r3, `user`.`avatar_path` AS t1_r4, `user`.`email` AS t1_r5, `user`.`encrypted_password` AS t1_r6, `user`.`reset_password_token` AS t1_r7, `user`.`reset_password_sent_at` AS t1_r8, `user`.`remember_created_at` AS t1_r9, `user`.`confirmation_token` AS t1_r10, `user`.`confirmed_at` AS t1_r11, `user`.`confirmation_sent_at` AS t1_r12, `user`.`unconfirmed_email` AS t1_r13, `user`.`omniauth_provider` AS t1_r14, `user`.`omniauth_uid` AS t1_r15, `user`.`onboarded_at` AS t1_r16, `user`.`created_at` AS t1_r17, `user`.`updated_at` AS t1_r18, `user`.`cover_photo_path` AS t1_r19, `user`.`login_token` AS t1_r20, `user`.`login_token_expires_at` AS t1_r21, `user`.`consumed_timestep` AS t1_r22, `user`.`otp_backup_codes` AS t1_r23, `user`.`otp_enabled` AS t1_r24, `user`.`otp_secret` AS t1_r25, `user`.`last_seen_at` AS t1_r26, `user`.`login_token_sso_id` AS t1_r27, `user`.`scheduled_email_notifications_from` AS t1_r28, `user`.`demo` AS t1_r29, `user`.`staff` AS t1_r30, `user`.`referrer` AS t1_r31, `user`.`landing_url` AS t1_r32, `user`.`notification_pause_expires_at` AS t1_r33, `user`.`preferred_timezone` AS t1_r34, `user`.`notifications_paused_at` AS t1_r35, `organization_membership_statuses`.`id` AS t2_r0, `organization_membership_statuses`.`message` AS t2_r1, `organization_membership_statuses`.`emoji` AS t2_r2, `organization_membership_statuses`.`expires_at` AS t2_r3, `organization_membership_statuses`.`organization_membership_id` AS t2_r4, `organization_membership_statuses`.`created_at` AS t2_r5, `organization_membership_statuses`.`updated_at` AS t2_r6, `organization_membership_statuses`.`expiration_setting` AS t2_r7, `organization_membership_statuses`.`pause_notifications` AS t2_r8 FROM `organization_memberships` LEFT OUTER JOIN `users` `user` ON `user`.`id` = `organization_memberships`.`user_id` LEFT OUTER JOIN `organization_membership_statuses` ON `organization_membership_statuses`.`id` = `organization_memberships`.`latest_status_id` WHERE `organization_memberships`.`organization_id` = 3 AND `user`.`username` = 'faiz' LIMIT 1 /*action='show',application='CampsiteApi',controller='organization_members'*/[0m
[1;38;5;2mapi-web           [0m |   ↳ app/controllers/api/v1/organization_members_controller.rb:48:in `show'
[1;38;5;2mapi-web           [0m |   [1m[36mOrganizationMembership Load (0.9ms)[0m  [1m[34mSELECT `organization_memberships`.* FROM `organization_memberships` WHERE `organization_memberships`.`organization_id` = 3 AND `organization_memberships`.`discarded_at` IS NULL AND `organization_memberships`.`user_id` = 15 LIMIT 1 /*action='show',application='CampsiteApi',controller='organization_members'*/[0m
[1;38;5;2mapi-web           [0m |   ↳ app/policies/organization_membership_policy.rb:73:in `organization_membership'
[1;38;5;2mapi-web           [0m | Completed 200 OK in 10ms (Views: 0.1ms | ActiveRecord: 1.7ms (4 queries, 0 cached) | GC: 0.0ms)
[1;38;5;2mapi-web           [0m | 
[1;38;5;2mapi-web           [0m | 
[1;38;5;2mapi-web           [0m | [1mInterrupting...[0m
[1;38;5;3mapi-js            [0m | [1mInterrupting...[0m
[1;38;5;4mapi-app-css       [0m | [1mInterrupting...[0m
[1;38;5;5mapi-mailer-css    [0m | [1mInterrupting...[0m
[1;38;5;6mapi-worker        [0m | [1mInterrupting...[0m
[1;38;5;42mweb               [0m | [1mInterrupting...[0m
[1;38;5;130mhtml-to-image     [0m | [1mInterrupting...[0m
[1;38;5;103mstyled-text-server[0m | [1mInterrupting...[0m
[1;38;5;129msync-server       [0m | [1mInterrupting...[0m
[1;38;5;108melasticsearch     [0m | [1mInterrupting...[0m
[1;38;5;2mapi-web           [0m | [1mKilling...[0m
[1;38;5;3mapi-js            [0m | [1mKilling...[0m
[1;38;5;4mapi-app-css       [0m | [1mKilling...[0m
[1;38;5;5mapi-mailer-css    [0m | [1mKilling...[0m
[1;38;5;6mapi-worker        [0m | [1mKilling...[0m
[1;38;5;42mweb               [0m | [1mKilling...[0m
[1;38;5;130mhtml-to-image     [0m | [1mKilling...[0m
[1;38;5;103mstyled-text-server[0m | [1mKilling...[0m
[1;38;5;129msync-server       [0m | [1mKilling...[0m
[1;38;5;108melasticsearch     [0m | [1mKilling...[0m
overmind: Tmux client unexpectedly exited
